CANTIDAD,MUNICIPIO,PARROQUIA,DENOMINACIÓN,PLAN DE ESTUDIO 1,PLAN DE ESTUDIO 2,PLAN DE ESTUDIO 3,ESPECIALIDAD 3,MENCIÓN 3,PLAN DE ESTUDIO 4,ESPECIALIDAD 4,MENCIÓN 4,PLAN DE ESTUDIO 5,ESPECIALIDAD 5,MENCIÓN 5,PLAN DE ESTUDIO 6,ESPECIALIDAD 6,MENCIÓN 6,PLAN DE ESTUDIO 7,ESPECIALIDAD 7,MENCIÓN 7,PLAN DE ESTUDIO 8,ESPECIALIDAD 8,MENCIÓN 8,PLAN DE ESTUDIO 9,ESPECIALIDAD 9,MENCIÓN 9,PLAN DE ESTUDIO 10,ESPECIALIDAD 10,MENCIÓN 10,NOMBRE NOMINAL DEL PLANTEL,NUEVO EPÓNIMO,CODIGO DEL PLANTEL,CODIGO DEPENDENCIA 1,CODIGO DEPENDENCIA 2,CODIGO ESTADISTICO,DEPENDENCIA,UBICACIÓN GEOGRAFICA,NIVEL,MODALIDAD,TURNOS DEL PLANTEL,METROS 2,MATERNAL FEM,MATERNAL MAS,MATERNAL TOTAL,PREESCOLAR FEM,PREESCOLAR MAS,PREESCOLAR TOTAL,INICIAL FEM,INICIAL MAS,INICIAL TOTAL,PRIMARIA FEM,PRIMARIA MAS,PRIMARIA TOTAL,MEDIA GENERAL FEM,MEDIA GENERAL MAS,MEDIA GENERAL TOTAL,MEDIA TECNICA FEM,MEDIA TECNICA MAS,MEDIA TECNICA TOTAL,ADULTO FEM,ADULTO MAS,ADULTO TOTAL,ESPECIAL FEM,ESPECIAL MAS,ESPECIAL TOTAL,MATRICULA TOTAL,MATERNAL,PREESCOLAR,PRIMARIA,MEDIA GENERAL,MEDIA TECNICA,ADULTO,ESPECIAL,
1,ALBERTO ADRIANI,GABRIEL PICON GONZALEZ,ESCUELA,20000,21000,,,,,,,,,,,,,,,,,,,,,,,,,ESC-LA PALMITA,JOSE ANTONIO RUJANO,S3064D1401,6565620,,140081,NACIONAL,,,,,,9,5,14,22,20,42,31,25,56,90,79,169,0,0,0,0,0,0,0,0,0,0,0,0,225,14,42,12,,,0,0,
2,ALBERTO ADRIANI,GABRIEL PICON GONZALEZ,ESCUELA,,21000,,,,,,,,,,,,,,,,,,,,,,,,,UEB CAMPO ALEGRE  SEDE DEL NER 338,JOSE ERADO RODRIGUEZ,OD09941401,6970338,,141615,NACIONAL,,,,,,0,0,0,0,0,0,0,0,0,5,11,16,0,0,0,0,0,0,0,0,0,0,0,0,16,0,0,2,0,0,0,0,
3,ALBERTO ADRIANI,GABRIEL PICON GONZALEZ,COMPLEJO EDUCATIVO,20000,21000,31059,,CIENCIAS,31060,,CIENCIA Y TECNOLOGIA,41052,AGROPECUARIA,TECNOLOGÍA DE LOS ALIMENTOS,45043,SALUD,FARMACIA,,,,,,,,,,,,,LICEO LUIS ALFONZO ACEVEDO QUINTERO,LUIS ALFONZO ACEVEDO QUINTERO,OD17691401,7951012,,142201,NACIONAL,,,,,,0,0,0,0,0,0,0,0,0,0,0,0,144,114,258,0,0,0,0,0,0,0,0,0,258,0,0,0,,,0,0,
4,ALBERTO ADRIANI,GABRIEL PICON GONZALEZ,ESCUELA,,21000,,,,,,,,,,,,,,,,,,,,,,,,,U E B LA HONDA,NELSON DE JESUS MEDINA ROJAS,OD01651401,6970338,,140038,NACIONAL,,,,,,0,0,0,0,0,0,0,0,0,0,0,0,0,0,0,0,0,0,0,0,0,0,0,0,0,0,0,0,0,0,0,0,
5,ALBERTO ADRIANI,GABRIEL PICON GONZALEZ,ESCUELA,,21000,,,,,,,,,,,,,,,,,,,,,,,,,UEB LA COROMOTO,LUIS ENRIQUE GUILLEN,OD10111401,6970338,,141616,NACIONAL,,,,,,0,0,0,0,0,0,0,0,0,2,2,4,0,0,0,0,0,0,0,0,0,0,0,0,4,0,0,2,0,0,0,0,
6,ALBERTO ADRIANI,GABRIEL PICON GONZALEZ,ESCUELA,,21000,,,,,,,,,,,,,,,,,,,,,,,,,UEB LA LAGUNITA,MATILDE MOLINA,OD10351401,7950716,,140080,NACIONAL,,,,,,0,0,0,0,0,0,0,0,0,41,47,88,0,0,0,0,0,0,0,0,0,0,0,0,88,0,0,6,0,0,0,0,
7,ALBERTO ADRIANI,HECTOR AMABLE MORA,ESCUELA,,21000,,,,,,,,,,,,,,,,,,,,,,,,,NER 409,SAN RAFAEL,OD10221401,6970409,,140040,NACIONAL,,,,,,0,0,0,0,0,0,0,0,0,33,27,60,0,0,0,0,0,0,0,0,0,0,0,0,60,0,0,7,0,0,0,0,
8,ALBERTO ADRIANI,HECTOR AMABLE MORA,ESCUELA,,21000,,,,,,,,,,,,,,,,,,,,,,,,,ESC SIMON RODRIGUEZ / JI BAILADORES,SIMÓN RODRÍGUEZ,OD01761401,6561780,4100810,140085,NACIONAL,,,,,,0,0,0,0,0,0,0,0,0,0,0,0,0,0,0,0,0,0,0,0,0,0,0,0,0,0,0,0,,,0,0,
9,ALBERTO ADRIANI,HECTOR AMABLE MORA,ESCUELA,,21000,,,,,,,,,,,,,,,,,,,,,,,,,UEB  EZEQUIEL ZAMORA,EZEQUIEL ZAMORA,OD01821401,7950715,,140082,NACIONAL,,,,,,0,0,0,0,0,0,0,0,0,39,39,78,0,0,0,0,0,0,0,0,0,0,0,0,78,0,0,6,0,0,0,0,
10,ALBERTO ADRIANI,HECTOR AMABLE MORA,ESCUELA,,21000,,,,,,,,,,,,,,,,,,,,,,,,,ESCUELA EL CEIBAL,MANUEL CABALLERO,OD02651401,6562521,,141456,NACIONAL,,,,,,0,0,0,0,0,0,0,0,0,74,70,144,0,0,0,0,0,0,0,0,0,0,0,0,144,0,0,0,0,0,0,0,
11,ALBERTO ADRIANI,HECTOR AMABLE MORA,ESCUELA,,21000,,,,,,,,,,,,,,,,,,,,,,,,,UE LA ESPERANZA,ANDRES COLMENARES RAMÍREZ,OD15801401,7950714,,141963,NACIONAL,,,,,,0,0,0,0,0,0,0,0,0,180,210,390,0,0,0,0,0,0,0,0,0,0,0,0,390,0,0,15,0,0,0,0,
12,ALBERTO ADRIANI,HECTOR AMABLE MORA,ESCUELA,,21000,,,,,,,,,,,,,,,,,,,,,,,,,NER 409,EULALIA RAMOS SANCHEZ,OD10271401,6970409,,140045,NACIONAL,,,,,,0,0,0,0,0,0,0,0,0,1,3,4,0,0,0,0,0,0,0,0,0,0,0,0,4,0,0,3,0,0,0,0,
13,ALBERTO ADRIANI,HECTOR AMABLE MORA,ESCUELA,,21000,,,,,,,,,,,,,,,,,,,,,,,,,NER 409,MARIA DE LA CONCEPCION PALACIOS,OD10241401,6970409,,140042,NACIONAL,,,,,,0,0,0,0,0,0,0,0,0,18,34,52,0,0,0,0,0,0,0,0,0,0,0,0,52,0,0,7,0,0,0,0,
14,ALBERTO ADRIANI,HECTOR AMABLE MORA,ESCUELA,,21000,,,,,,,,,,,,,,,,,,,,,,,,,NER 409,CERRO AZUL,OD10281401,6970409,,140046,NACIONAL,,,,,,0,0,0,0,0,0,0,0,0,7,3,10,0,0,0,0,0,0,0,0,0,0,0,0,10,0,0,6,0,0,0,0,
15,ALBERTO ADRIANI,HECTOR AMABLE MORA,ESCUELA,,21000,,,,,,,,,,,,,,,,,,,,,,,,,ESCUELA BOLIVARIANA MARIA ELADIA MARQUEZ,MARIA ELADIA MARQUEZ,OD10121401,6970409,,141230,NACIONAL,,,,,,0,0,0,0,0,0,0,0,0,30,30,60,0,0,0,0,0,0,0,0,0,0,0,0,60,0,0,6,0,0,0,0,
16,ALBERTO ADRIANI,HECTOR AMABLE MORA,COMPLEJO EDUCATIVO,20000,21000,31059,MEDIA GENERAL,CIENCIAS,,,,,,,,,,,,,,,,,,,,,,CB DON RAFAEL ANGEL RONDON MARQUEZ,RAFAEL ANGEL RONDÓN MÁRQUEZ,S1831D1401,7916605,,140096,NACIONAL,,,,,,0,0,0,0,0,0,0,0,0,0,0,0,246,275,521,0,0,0,0,0,0,0,0,0,521,0,0,0,18,0,0,0,
17,ALBERTO ADRIANI,HECTOR AMABLE MORA,COMPLEJO EDUCATIVO,20000,21000,31059,,CIENCIAS,41049,AGROPECUARIA,CIENCIAS AGRÍCOLAS Y PECUARIAS,,,,,,,,,,,,,,,,,,,DON RAFAEL ANGEL RONDON MARQUEZ,SANTIAGO MARIÑO,OD17781401,7916605,,140096,NACIONAL,,,,,,0,0,0,0,0,0,0,0,0,0,0,0,55,46,101,0,0,0,0,0,0,0,0,0,101,0,0,0,5,0,0,0,
18,ALBERTO ADRIANI,JOSE NUCETE SARDI,ESCUELA,20000,21000,,,,,,,,,,,,,,,,,,,,,,,,,ESCUELA JOSE FELIX RIBAS,JOSE FELIX RIBAS,OD10071401,6970409,,141565,NACIONAL,,,,,,0,0,0,5,4,9,5,4,9,0,0,0,0,0,0,0,0,0,0,0,0,0,0,0,9,0,2,0,0,0,0,0,
19,ALBERTO ADRIANI,PRESIDENTE ROMULO BETANCOURT,ESCUELA,,21000,,,,,,,,,,,,,,,,,,,,,,,,,CEA EL VIGIA,ORLANDO ARAUJO,ON09831401,6393685,,141282,NACIONAL,,,,,,0,0,0,0,0,0,0,0,0,28,27,55,0,0,0,0,0,0,0,0,0,0,0,0,55,0,0,5,0,0,0,0,
20,ALBERTO ADRIANI,PRESIDENTE ROMULO BETANCOURT,ESCUELA,20000,21000,,,,,,,,,,,,,,,,,,,,,,,,,NER-NUC ESC RURAL N 338,JESÚS MANUEL QUINTERO MUÑOZ,OD10101401,6970338,,141856,NACIONAL,,,,,,0,0,0,10,12,22,10,12,22,38,50,88,0,0,0,0,0,0,0,0,0,0,0,0,110,0,22,6,,,0,0,
21,ALBERTO ADRIANI,PRESIDENTE ROMULO BETANCOURT,COMPLEJO EDUCATIVO,20000,21000,31059,,CIENCIAS,41049,AGROPECUARIA,CIENCIAS AGRÍCOLAS Y PECUARIAS,,,,,,,,,,,,,,,,,,,LB MARIA CHIQUINQUIRA MARQUEZ DE PIRELA,MARÍA CHIQUINQUIRA MÁRQUEZ DE PIRELA,OD17711401,7951189,,142127,NACIONAL,,,,,,0,0,0,0,0,0,0,0,0,0,0,0,7,3,10,22,21,43,0,0,0,0,0,0,53,0,0,0,,,0,0,
22,ALBERTO ADRIANI,PRESIDENTE ROMULO BETANCOURT,PREESCOLAR,20000,,,,,,,,,,,,,,,,,,,,,,,,,,JARDIN DE INFANCIA BOLIVARIANO ROSA VIRGINIA MARTINES ARAUJO,ROSA VIRGINIA MARTINEZ ARAUJO,OD16171401,6970126,,140070,NACIONAL,,,,,,6,8,14,33,35,68,39,43,82,0,0,0,0,0,0,0,0,0,0,0,0,0,0,0,82,1,4,0,0,0,0,0,
23,ALBERTO ADRIANI,PRESIDENTE PAEZ,PREESCOLAR,20000,,,,,,,,,,,,,,,,,,,,,,,,,,JI JOSE ANTONIO PAEZ,JOSE ANTONIO PAEZ,OD01771401,4104765,,140002,NACIONAL,,,,,,0,0,0,32,42,74,32,42,74,0,0,0,0,0,0,0,0,0,0,0,0,0,0,0,74,0,4,0,0,0,0,0,
24,ALBERTO ADRIANI,PRESIDENTE PAEZ,PREESCOLAR,20000,,,,,,,,,,,,,,,,,,,,,,,,,,PREESCOLAR BUBUQUI III,EDUARDO ENRIQUE CONTRERAS,OD01741401,4170296,,140001,NACIONAL,,,,,,7,10,17,30,28,58,37,38,75,0,0,0,0,0,0,0,0,0,0,0,0,0,0,0,75,2,3,0,0,0,0,0,
25,ALBERTO ADRIANI,PRESIDENTE PAEZ,COMPLEJO EDUCATIVO,20000,21000,31059,,CIENCIAS,41052,AGROPECUARIA,TECNOLOGÍA DE LOS ALIMENTOS,,,,,,,,,,,,,,,,,,,LICEO LUISA CACERES DE ARISMENDI,LUISA CACERES DE ARISMENDI,OD04681401,7950610,,140021,NACIONAL,,,,,,0,0,0,10,14,24,10,14,24,43,38,81,65,68,133,0,0,0,0,0,0,0,0,0,238,0,2,6,5,0,0,0,
26,ALBERTO ADRIANI,PRESIDENTE PAEZ,ESCUELA,20000,21000,,,,,,,,,,,,,,,,,,,,,,,,,ESCUELA DE EDUCACIÓN INICIAL NACIONAL MARÍA ANTONIA DÁVILA,MARIA ANTONIA DAVILA,OD17481401,4170735,,142176,NACIONAL,,,,,,26,26,52,98,93,191,124,119,243,0,0,0,0,0,0,0,0,0,0,0,0,0,0,0,243,3,9,0,0,0,0,0,
27,ALBERTO ADRIANI,PRESIDENTE PAEZ,ESCUELA,,21000,,,,,,,,,,,,,,,,,,,,,,,,,ESC URQUIA MARU,URQUIA MARU,OD04691401,6970126,,140070,NACIONAL,,,,,,0,0,0,0,0,0,0,0,0,37,44,81,0,0,0,0,0,0,0,0,0,0,0,0,81,0,0,6,0,0,0,0,
28,ALBERTO ADRIANI,PRESIDENTE PAEZ,ESCUELA,20000,21000,,,,,,,,,,,,,,,,,,,,,,,,,ESC BAS ANDRES BELLO,JOSE ANANIAS MARQUEZ,OD17791401,6561456,,142253,NACIONAL,,,,,,8,10,18,20,22,42,28,32,60,156,156,312,0,0,0,0,0,0,0,0,0,0,0,0,372,1,3,13,0,0,0,0,
29,ALBERTO ADRIANI,PRESIDENTE PAEZ,ESCUELA,,21000,,,,,,,,,,,,,,,,,,,,,,,,,UENB ONIA CAÑO ISABEL,ONIA CAÑO ISABEL,OD01811401,7950598,,140065,NACIONAL,,,,,,0,0,0,0,0,0,0,0,0,100,149,249,0,0,0,0,0,0,0,0,0,0,0,0,249,0,0,11,0,0,0,0,
30,ALBERTO ADRIANI,PRESIDENTE PAEZ,LICEO,,,31059,,CIENCIAS,,,,,,,,,,,,,,,,,,,,,,U E  12 DE FEBRERO,-31367,S2183D1401,7933012,,140017,NACIONAL,,,,,,0,0,0,0,0,0,0,0,0,0,0,0,0,0,0,0,0,0,0,0,0,0,0,0,0,0,0,0,,,0,0,
31,ALBERTO ADRIANI,PRESIDENTE PAEZ,ESCUELA,,21000,,,,,,,,,,,,,,,,,,,,,,,,,ESC BAS ANDRES BELLO,ANDRES BELLO,OD01801401,6561456,,140015,NACIONAL,,,,,,0,0,0,0,0,0,0,0,0,229,232,461,0,0,0,0,0,0,0,0,0,0,0,0,461,0,0,18,,,0,0,
32,ALBERTO ADRIANI,PRESIDENTE PAEZ,ESCUELA PARA EL EMPRENDIMIENTO,,,,,,,,,,,,,,,,,,,,,,,,,,,CEA CUATRICENTENARIO,CONCEPCIÓN MARIÑO,ON09971401,6392700,,141644,NACIONAL,,,,,,0,0,0,0,0,0,0,0,0,0,0,0,0,0,0,0,0,0,0,0,0,0,0,0,0,0,0,0,0,0,0,0,
33,ALBERTO ADRIANI,PRESIDENTE PAEZ,LICEO,,,31059,,CIENCIAS,,,,,,,,,,,,,,,,,,,,,,LBN CARMEN  C   CARRERO,CARMEN CONSUELO CARRERO,OD17511401,7950957,,412080,NACIONAL,,,,,,0,0,0,0,0,0,0,0,0,0,0,0,202,159,361,0,0,0,0,0,0,0,0,0,361,0,0,0,15,0,0,0,
34,ALBERTO ADRIANI,PRESIDENTE PAEZ,ESCUELA,20000,21000,,,,,,,,,,,,,,,,,,,,,,,,,GE LIBERTADOR BOLIVAR,LIBERTADOR BOLIVAR,OD00491401,6737021,,141645,NACIONAL,,,,,,0,0,0,12,16,28,12,16,28,106,118,224,0,0,0,0,0,0,0,0,0,0,0,0,252,0,2,12,0,0,0,0,
35,ALBERTO ADRIANI,PRESIDENTE PAEZ,ESCUELA,20000,21000,,,,,,,,,,,,,,,,,,,,,,,,,ESCUELA SUR AMERICA,VICENTE SALIAS,OD01751401,6568292,,140078,NACIONAL,,,,,,0,0,0,26,26,52,26,26,52,111,97,208,0,0,0,0,0,0,0,0,0,0,0,0,260,0,3,11,0,0,0,0,
36,ALBERTO ADRIANI,PRESIDENTE PAEZ,ESCUELA,,21000,,,,,,,,,,,,,,,,,,,,,,,,,GE MAURICIO ENCINOSO,MAURICIO ENCINOSO,OD01831401,6737550,,141622,NACIONAL,,,,,,0,0,0,0,0,0,0,0,0,265,283,548,0,0,0,0,0,0,0,0,0,0,0,0,548,0,0,22,0,0,0,0,
37,ALBERTO ADRIANI,PRESIDENTE PAEZ,PREESCOLAR,20000,,,,,,,,,,,,,,,,,,,,,,,,,,J L MAURICIOENCINOSO,GUILLERMO BRICEÑO,OD17631401,4106930,,142198,NACIONAL,,,,,,0,0,0,76,74,150,76,74,150,0,0,0,0,0,0,0,0,0,0,0,0,0,0,0,150,0,8,0,0,0,0,0,
38,ALBERTO ADRIANI,PRESIDENTE PAEZ,FALSO,,,,,,,,,,,,,,,,,,,,,,,,,,,CDI EL VIGIA,NIÑO SIMÓN BOLÍVAR,OD10001401,6490518,,141833,NACIONAL,,,,,,0,0,0,0,0,0,0,0,0,0,0,0,0,0,0,0,0,0,0,0,0,0,0,0,0,0,0,0,0,0,0,0,
39,ALBERTO ADRIANI,PRESIDENTE ROMULO GALLEGOS,ESCUELA,20000,21000,,,,,,,,,,,,,,,,,,,,,,,,,UEB CORONEL LUIS MARIA RIVAS DAVILA,CORONEL LUIS MARÍA RIVAS DÁVILA,OD04751401,6590360,,141225,NACIONAL,,,,,,0,0,0,4,6,10,4,6,10,30,28,58,0,0,0,0,0,0,0,0,0,0,0,0,68,0,0,6,,,0,0,
40,ALBERTO ADRIANI,PRESIDENTE ROMULO GALLEGOS,ESCUELA,20000,21000,,,,,,,,,,,,,,,,,,,,,,,,,ESCUELA ANA MARIA CAMPOS,ANA MARIA CAMPOS,OD04761401,6970126,,141227,NACIONAL,,,,,,0,0,0,2,1,3,2,1,3,13,6,19,0,0,0,0,0,0,0,0,0,0,0,0,22,0,0,2,,,0,0,
41,ALBERTO ADRIANI,PRESIDENTE ROMULO GALLEGOS,ESCUELA,,21000,,,,,,,,,,,,,,,,,,,,,,,,,EE CAÑO VIEJO,(AULAS ANEXAS A LA KM15)(CIERRE TÉCNICO),OD09911401,,,141580,ESTADAL,,,,,,0,0,0,0,0,0,0,0,0,2,9,11,0,0,0,0,0,0,0,0,0,0,0,0,11,0,0,2,0,0,0,0,
42,ALBERTO ADRIANI,PRESIDENTE ROMULO GALLEGOS,PREESCOLAR,20000,,,,,,,,,,,,,,,,,,,,,,,,,,PREESCOLAR GRAL CARLOS SOUBLETTE,ANA ROSA CHOURIO,OD17801401,7932398,,140073,NACIONAL,,,,,,0,0,0,42,34,76,42,34,76,0,0,0,0,0,0,0,0,0,0,0,0,0,0,0,76,0,4,0,0,0,0,0,
43,ALBERTO ADRIANI,PRESIDENTE ROMULO GALLEGOS,ESCUELA,,21000,,,,,,,,,,,,,,,,,,,,,,,,,ECUELA BASICA GENERAL CARLOS SOUBLETTE,GENERAL CARLOS SOUBLETTE,OD10331401,7932398,,140073,NACIONAL,,,,,,0,0,0,0,0,0,0,0,0,169,201,370,0,0,0,0,0,0,0,0,0,0,0,0,370,0,0,18,0,0,0,0,
44,ALBERTO ADRIANI,PRESIDENTE ROMULO GALLEGOS,COMPLEJO EDUCATIVO,20000,21000,31059,,CIENCIAS,45043,SALUD,FARMACIA,,,,,,,,,,,,,,,,,,,LICEO BOLIVARIANO 19 DE ABRIL,-32762,OD17241401,7950791,,142159,NACIONAL,,,,,,0,0,0,0,0,0,0,0,0,0,0,0,106,79,185,124,59,183,0,0,0,0,0,0,368,0,0,0,230,138,0,0,
45,ALBERTO ADRIANI,PRESIDENTE ROMULO GALLEGOS,ESCUELA,,21000,,,,,,,,,,,,,,,,,,,,,,,,,EBN JOSEFA DEL CARMEN SALAZAR ROJAS,JOSEFA DEL CARMEN SALAZAR ROJAS,OD17741401,6590362,,142128,NACIONAL,,,,,,0,0,0,0,0,0,0,0,0,98,101,199,0,0,0,0,0,0,0,0,0,0,0,0,199,0,0,10,0,0,0,0,
46,ALBERTO ADRIANI,PRESIDENTE ROMULO GALLEGOS,TALLER DE EDUCACION LABORAL,,,,,,,,,,,,,,,,,,,,,,,,,,,TALLER DE EDUCACION LABORAL ELVIS DE JESUS APONCIO,ELVIS DE JESUS APONCIO,OD02981401,6502312,,141834,NACIONAL,,,,,,0,0,0,0,0,0,0,0,0,0,0,0,0,0,0,0,0,0,0,0,0,0,0,0,0,0,0,0,0,0,0,0,
47,ALBERTO ADRIANI,PRESIDENTE ROMULO GALLEGOS,COMPLEJO EDUCATIVO,20000,21000,31059,,CIENCIAS,,,,,,,,,,,,,,,,,,,,,,LICEO DR ARTURO USLAR PIETRI,DOCTOR ARTURO USLAR PIETRI,OD16041401,7950948,,142104,NACIONAL,,,,,,0,0,0,0,0,0,0,0,0,0,0,0,106,165,271,0,0,0,0,0,0,0,0,0,271,0,0,0,10,0,0,0,
48,ALBERTO ADRIANI,PRESIDENTE ROMULO GALLEGOS,ESCUELA,,21000,,,,,,,,,,,,,,,,,,,,,,,,,UEB 1ERO DE MAYO,46143,OD03171401,4100030,,140077,NACIONAL,,,,,,0,0,0,0,0,0,0,0,0,148,155,303,0,0,0,0,0,0,0,0,0,0,0,0,303,0,0,12,0,0,0,0,
49,ALBERTO ADRIANI,PRESIDENTE ROMULO GALLEGOS,COMPLEJO EDUCATIVO,20000,21000,31059,,CIENCIAS,41052,AGROPECUARIA,TECNOLOGÍA DE LOS ALIMENTOS,,,,,,,,,,,,,,,,,,,U E  BOLIVAR 2000,BOLIVAR 2000,OD00661401,7950261,,141910,NACIONAL,,,,,,0,0,0,0,0,0,0,0,0,0,0,0,124,136,260,0,0,0,0,0,0,0,0,0,260,0,0,0,260,0,0,0,
50,ALBERTO ADRIANI,PRESIDENTE ROMULO GALLEGOS,ESCUELA,20000,21000,,,,,,,,,,,,,,,,,,,,,,,,,ESCUELA BASICA 23 DE ENERO,46045,OD02671401,7933011,,140075,NACIONAL,,,,,,0,0,0,10,13,23,10,13,23,75,69,144,0,0,0,0,0,0,0,0,0,0,0,0,167,0,2,14,,,0,0,
51,ALBERTO ADRIANI,PRESIDENTE ROMULO GALLEGOS,ESCUELA,20000,21000,,,,,,,,,,,,,,,,,,,,,,,,,U E B LA VEGA,LUCILA PALACIOS,OD10181401,6970338,,140025,NACIONAL,,,,,,0,0,0,8,8,16,8,8,16,24,20,44,0,0,0,0,0,0,0,0,0,0,0,0,60,0,2,6,0,0,0,0,
52,ALBERTO ADRIANI,PRESIDENTE ROMULO GALLEGOS,LICEO,,,31059,,CIENCIAS,,,,,,,,,,,,,,,,,,,,,,LICEO BOLIVARIANO EL VIGIA,EL VIGIA,S1463D1401,7912619,,140026,NACIONAL,,,,,,0,0,0,0,0,0,0,0,0,0,0,0,0,0,0,0,0,0,0,0,0,0,0,0,0,0,0,0,349,0,0,0,
53,ALBERTO ADRIANI,PRESIDENTE ROMULO GALLEGOS,COMPLEJO EDUCATIVO,20000,21000,31059,,CIENCIAS,46067,ECONOMÍA SOCIAL,ADMINISTRACIÓN,,,,,,,,,,,,,,,,,,,LICEO FRANCISCO DE MIRANDA,FRANCISCO DE MIRANDA,OD17721401,7951069,,142204,NACIONAL,,,,,,0,0,0,0,0,0,0,0,0,0,0,0,17,4,21,0,0,0,0,0,0,0,0,0,21,0,0,0,5,0,0,0,
54,ALBERTO ADRIANI,PRESIDENTE ROMULO GALLEGOS,ESCUELA,20000,21000,,,,,,,,,,,,,,,,,,,,,,,,,UEB TERESA DE LA PARRA,TERESA DE LA PARRA,OD17751401,6970338,,142126,NACIONAL,,,,,,0,0,0,8,4,12,8,4,12,13,29,42,0,0,0,0,0,0,0,0,0,0,0,0,54,0,2,6,0,0,0,0,
55,ALBERTO ADRIANI,PRESIDENTE ROMULO GALLEGOS,ESCUELA,,21000,,,,,,,,,,,,,,,,,,,,,,,,,UE PBRO JOSE IGNACIO OLIVARES / JI PBRO JOSE IGNACIO OLIVARES,PBRO JOSÉ IGNACIO OLIVARES,OD00631401,6567187,4107560,140076,NACIONAL,,,,,,0,0,0,0,0,0,0,0,0,129,137,266,0,0,0,0,0,0,0,0,0,0,0,0,266,0,0,12,0,0,0,0,
56,ALBERTO ADRIANI,PRESIDENTE ROMULO GALLEGOS,INSTITUTO DE EDUCACION ESPECIAL,,,,,,,,,,,,,,,,,,,,,,,,,,,INSTITUTO BOLIVARIANO DE EDUCACIÓN ESPECIAL ASUNCIÓN DUGARTE,ASUNCIÓN DUGARTE,OD02991401,6502613,,141340,NACIONAL,,,,,,0,0,0,0,0,0,0,0,0,0,0,0,0,0,0,0,0,0,0,0,0,0,0,0,0,0,0,0,0,0,0,0,
57,ALBERTO ADRIANI,PRESIDENTE ROMULO GALLEGOS,ESCUELA,20000,21000,,,,,,,,,,,,,,,,,,,,,,,,,JOSE ANTONIO CALDERON ZERPA,JOSE ANTONIO CALDERON ZERPA,OD10341401,6970338,,140079,NACIONAL,,,,,,0,0,0,19,24,43,19,24,43,62,87,149,0,0,0,0,0,0,0,0,0,0,0,0,192,0,3,12,0,0,0,0,
58,ALBERTO ADRIANI,PULIDO MENDEZ,ESCUELA,20000,21000,,,,,,,,,,,,,,,,,,,,,,,,,UNIDAD EDUCATIVA BOLIVARIANA ANTONIO JOSE DE SUCRE,ANTONIO JOSE DE SUCRE,OD09981401,7950713,,141799,NACIONAL,,,,,,0,0,0,22,19,41,22,19,41,101,87,188,0,0,0,0,0,0,0,0,0,0,0,0,229,0,3,12,,,0,0,
59,ALBERTO ADRIANI,PULIDO MENDEZ,ESCUELA,20000,21000,,,,,,,,,,,,,,,,,,,,,,,,,UEBBRISAS DEL CHAMANER 409,CIPRIANO CASTRO,OD10141401,6970409,,141564,NACIONAL,,,,,,0,0,0,2,3,5,2,3,5,12,17,29,0,0,0,0,0,0,0,0,0,0,0,0,34,0,1,4,,,0,0,
60,ALBERTO ADRIANI,PULIDO MENDEZ,ESCUELA,20000,21000,,,,,,,,,,,,,,,,,,,,,,,,,UEB JOSEFA CAMEJO,JOSEFA CAMEJO,OD16071401,6590199,,142092,NACIONAL,,,,,,0,0,0,15,14,29,15,14,29,56,56,112,0,0,0,0,0,0,0,0,0,0,0,0,141,0,3,7,0,0,0,0,
61,ALBERTO ADRIANI,PULIDO MENDEZ,COMPLEJO EDUCATIVO,20000,21000,31059,,CIENCIAS,,,,,,,,,,,,,,,,,,,,,,LN ALFREDO TOVAR RENGIFO,ALFREDO TOVAR RENGIFO,OD17531401,7950956,,142181,NACIONAL,,,,,,0,0,0,0,0,0,0,0,0,0,0,0,83,75,158,0,0,0,0,0,0,0,0,0,158,0,0,0,9,0,0,0,
62,ALBERTO ADRIANI,PULIDO MENDEZ,ESCUELA,20000,21000,,,,,,,,,,,,,,,,,,,,,,,,,ESCUELA LA BLANCA,RAFAEL URDANETA,OD01681401,6565510,,141648,NACIONAL,,,,,,15,18,33,33,39,72,48,57,105,216,213,429,0,0,0,0,0,0,0,0,0,0,0,0,534,1,3,13,0,0,0,0,
63,ALBERTO ADRIANI,PULIDO MENDEZ,COMPLEJO EDUCATIVO,20000,21000,31059,,CIENCIAS,,,,,,,,,,,,,,,,,,,,,,CEN RAFAEL ANTONIO ROJAS SANCHEZ,RAFAEL ANTONIO ROJAS SÁNCHEZ,OD17571401,7950999,,142185,NACIONAL,,,,,,0,0,0,7,3,10,7,3,10,22,26,48,20,14,34,0,0,0,0,0,0,0,0,0,92,0,1,6,5,0,0,0,
64,ALBERTO ADRIANI,PULIDO MENDEZ,CENTRO DE EDUCACION INCIAL,20000,,,,,,,,,,,,,,,,,,,,,,,,,,CEIS NANCY MORA,NANCY MORA,OD16961401,4170642,,142109,NACIONAL,,,,,,30,20,50,61,68,129,91,88,179,0,0,0,0,0,0,0,0,0,0,0,0,0,0,0,179,2,5,0,0,0,0,0,
65,ALBERTO ADRIANI,PULIDO MENDEZ,ESCUELA,,21000,,,,,,,,,,,,,,,,,,,,,,,,,EB 12 DE OCTUBRE,46307,OD04011401,7933013,,140088,NACIONAL,,,,,,0,0,0,0,0,0,0,0,0,146,155,301,0,0,0,0,0,0,0,0,0,0,0,0,301,0,0,12,0,0,0,0,
66,ALBERTO ADRIANI,PULIDO MENDEZ,ESCUELA,,21000,,,,,,,,,,,,,,,,,,,,,,,,,UE JOSE LEONARDO CHIRINO,JOSE LEONARDO CHIRINO,OD17701401,6590361,,142184,NACIONAL,,,,,,0,0,0,0,0,0,0,0,0,69,75,144,0,0,0,0,0,0,0,0,0,0,0,0,144,0,0,6,0,0,0,0,
67,ALBERTO ADRIANI,PULIDO MENDEZ,ESCUELA,,21000,,,,,,,,,,,,,,,,,,,,,,,,,UE LUIS BELTRAN PRIETO FIGUEROA,LUIS BELTRÁN PRIETO FIGUEROA,OD15871401,6590118,,121431,NACIONAL,,,,,,0,0,0,0,0,0,0,0,0,264,276,540,0,0,0,0,0,0,0,0,0,0,0,0,540,0,0,21,0,0,0,0,
68,ALBERTO ADRIANI,PULIDO MENDEZ,LICEO,,,31059,,CIENCIAS,,,,,,,,,,,,,,,,,,,,,,LB JUAN JOSE LANDAETA,JUAN JOSE LANDAETA,OD17681401,7951015,,142200,NACIONAL,,,,,,0,0,0,0,0,0,0,0,0,0,0,0,360,341,701,0,0,0,0,0,0,0,0,0,701,0,0,0,22,0,0,0,
69,ALBERTO ADRIANI,PULIDO MENDEZ,COMPLEJO EDUCATIVO,20000,21000,41052,AGROPECUARIA,TECNOLOGÍA DE LOS ALIMENTOS,,,,,,,,,,,,,,,,,,,,,,EB CAÑO SECO,PULIDO MENDEZ,OD01641401,7931710,,141222,NACIONAL,,,,,,0,0,0,23,22,45,23,22,45,112,132,244,0,0,0,29,40,69,0,0,0,0,0,0,358,0,45,12,0,4,0,0,
70,ALBERTO ADRIANI,PULIDO MENDEZ,ESCUELA,20000,21000,,,,,,,,,,,,,,,,,,,,,,,,,CEN BELEN MARIA SANJUAN COLINA,BELEN MARIA SAN JUAN COLINA,OD17551401,7951000,,142129,NACIONAL,,INICIAL,,,,0,0,0,4,0,4,4,0,4,38,45,83,0,0,0,0,0,0,0,0,0,0,0,0,87,0,1,6,0,0,0,0,
71,ALBERTO ADRIANI,PULIDO MENDEZ,COMPLEJO EDUCATIVO,20000,21000,31059,,BACHILLER,45041,SALUD,ENFERMERÍA,,,,,,,,,,,,,,,,,,,CEN GABRIELA DEL VALLE VILORIA RODRIGUEZ,GABRIELA DEL VALLE VILORIA RODRIGUEZ,OD17581401,7950989,,142186,NACIONAL,,,,,,0,0,0,15,18,33,15,18,33,79,110,189,39,29,68,0,0,0,0,0,0,0,0,0,290,0,2,12,68,0,0,0,
72,ALBERTO ADRIANI,PRESIDENTE ROMULO BETANCOURT,ESCUELA,20000,21000,,,,,,,,,,,,,,,,,,,,,,,,,UEB PEDRO CAMEJO,PEDRO CAMEJO,OD09901401,7951014,,141575,NACIONAL,,,,,,0,0,0,3,5,8,3,5,8,12,17,29,0,0,0,0,0,0,0,0,0,0,0,0,37,0,1,6,,,0,0,
73,ALBERTO ADRIANI,PRESIDENTE ROMULO BETANCOURT,PREESCOLAR,20000,,,,,,,,,,,,,,,,,,,,,,,,,,CEI PREESCOLAR BOLIVARIANO LUISA DE PACANINS,LUISA DE PACANINS,OD01791401,4170776,,141719,NACIONAL,,,,,,0,0,0,21,25,46,21,25,46,0,0,0,0,0,0,0,0,0,0,0,0,0,0,0,46,0,3,0,0,0,0,0,
74,ALBERTO ADRIANI,PRESIDENTE ROMULO BETANCOURT,COMPLEJO EDUCATIVO,20000,21000,31059,,CIENCIAS,31060,,CIENCIA Y TECNOLOGIA,41049,AGROPECUARIA,CIENCIAS AGRÍCOLAS Y PECUARIAS,,,,,,,,,,,,,,,,UEB DOÑA OMAIRA CANDELA DE QUINTERO,DOÑA OMAIRA ROSA CANDELA DE QUINTERO,OD16061401,7950611,,141964,NACIONAL,,,,,,0,0,0,0,0,0,0,0,0,0,0,0,110,142,252,0,0,0,0,0,0,0,0,0,252,0,0,0,10,0,0,0,
75,ALBERTO ADRIANI,PRESIDENTE ROMULO BETANCOURT,ESCUELA,,21000,,,,,,,,,,,,,,,,,,,,,,,,,UEB FRANCISCO GONZALEZ,FRANCISCO GONZÁLEZ,OD10801401,6970126,,140012,NACIONAL,,,,,,2,1,3,3,3,6,5,4,9,15,18,33,0,0,0,0,0,0,0,0,0,0,0,0,42,1,1,6,,,0,0,
76,ALBERTO ADRIANI,PRESIDENTE ROMULO BETANCOURT,ESCUELA,20000,21000,,,,,,,,,,,,,,,,,,,,,,,,,NER-NUC ESC RURAL N 338,MARIA DE LOS SANTOS MOLERO,OD10091401,6970338,,141577,NACIONAL,,,,,,0,0,0,6,9,15,6,9,15,29,29,58,0,0,0,0,0,0,0,0,0,0,0,0,73,0,1,6,0,0,0,0,
77,ALBERTO ADRIANI,PRESIDENTE ROMULO BETANCOURT,LICEO,,,31059,,CIENCIAS,,,,,,,,,,,,,,,,,,,,,,LBN DR JOSE MARIA VARGAS,DR JOSE MARIA VARGAS,OD17501401,7950970,,142179,NACIONAL,,,,,,0,0,0,0,0,0,0,0,0,0,0,0,71,63,134,0,0,0,0,0,0,0,0,0,134,0,0,0,134,0,0,0,
78,ALBERTO ADRIANI,PRESIDENTE ROMULO BETANCOURT,ESCUELA,,21000,,,,,,,,,,,,,,,,,,,,,,,,,NER-NUC ESC RURAL N 338,MARIA FRANCISCA GUTIERREZ,OD10131401,6970338,,141725,NACIONAL,,,,,,0,0,0,0,1,1,0,1,1,4,5,9,0,0,0,0,0,0,0,0,0,0,0,0,10,0,1,5,,,0,0,
79,ALBERTO ADRIANI,PRESIDENTE ROMULO BETANCOURT,ESCUELA,20000,21000,,,,,,,,,,,,,,,,,,,,,,,,,EBN MANUELITA SAENZ,MANUELITA SAENZ,OD01711401,6590348,,141573,NACIONAL,,,,,,0,0,0,29,27,56,29,27,56,129,148,277,0,0,0,0,0,0,0,0,0,0,0,0,333,0,2,12,,,0,0,
80,ALBERTO ADRIANI,PRESIDENTE ROMULO BETANCOURT,COMPLEJO EDUCATIVO,20000,21000,31059,,CIENCIAS,41049,AGROPECUARIA,CIENCIAS AGRÍCOLAS Y PECUARIAS,41052,AGROPECUARIA,TECNOLOGÍA DE LOS ALIMENTOS,46067,ECONOMÍA SOCIAL,ADMINISTRACIÓN,46071,ECONOMÍA SOCIAL,TURISMO,,,,,,,,,,LICEO ALBERTO ADRIANI,ALBERTO ADRIANI,S0270D1401,7912350,,140089,NACIONAL,,,,,,0,0,0,0,0,0,0,0,0,0,0,0,189,158,347,158,169,327,0,0,0,0,0,0,674,0,0,0,,,0,0,
81,ALBERTO ADRIANI,PRESIDENTE ROMULO BETANCOURT,LICEO,,,31058,,CIENCIAS,,,,,,,,,,,,,,,,,,,,,,LICEO NACIONAL ALBERTO ADRIANI,ANTONIO ARRAIZ,S0270N1401,7912355,,141313,NACIONAL,,,,,,0,0,0,0,0,0,0,0,0,0,0,0,110,78,188,0,0,0,0,0,0,0,0,0,188,0,0,0,,,0,0,
82,ALBERTO ADRIANI,PRESIDENTE ROMULO BETANCOURT,ESCUELA,,21000,,,,,,,,,,,,,,,,,,,,,,,,,ESCUELA BOLIVARIANA CHIGUARA / JI BOLIVARIANA CHIGUARA,VICENTE LECUNA,OD02611401,6562900,4102050,140061,NACIONAL,,,,,,0,0,0,0,0,0,0,0,0,55,73,128,0,0,0,0,0,0,0,0,0,0,0,0,128,0,0,10,0,0,0,0,
83,ALBERTO ADRIANI,PRESIDENTE ROMULO BETANCOURT,ESCUELA,,21000,,,,,,,,,,,,,,,,,,,,,,,,,GRUPO  TOVAR,MARTIN TOVAR Y PONTE,OD01691401,6568570,,140060,NACIONAL,,,,,,0,0,0,0,0,0,0,0,0,329,338,667,0,0,0,0,0,0,0,0,0,0,0,0,667,0,0,24,,,0,0,
84,ALBERTO ADRIANI,PRESIDENTE ROMULO BETANCOURT,ESCUELA,20000,21000,,,,,,,,,,,,,,,,,,,,,,,,,NER-NUC ESC RURAL N 338,ANA TERESA DUGARTE DE TORRES,OD10081401,6970338,,141571,NACIONAL,,,,,,0,0,0,6,1,7,6,1,7,10,11,21,0,0,0,0,0,0,0,0,0,0,0,0,28,0,1,6,,,0,0,
85,ALBERTO ADRIANI,PRESIDENTE ROMULO BETANCOURT,ESCUELA,20000,21000,,,,,,,,,,,,,,,,,,,,,,,,,NER-NUC ESC RURAL N 338,CARMEN ELISA SOCORRO DE UZCATEGUI,OD10171401,6970338,,140006,NACIONAL,,,,,,0,0,0,3,2,5,3,2,5,8,15,23,0,0,0,0,0,0,0,0,0,0,0,0,28,0,10,0,,,0,0,
86,ALBERTO ADRIANI,PRESIDENTE ROMULO BETANCOURT,PREESCOLAR,20000,,,,,,,,,,,,,,,,,,,,,,,,,,PREESCOLAR CARABOBO,BATALLA DE CARABOBO DE 1821,OD01781401,4170295,,140003,NACIONAL,,,,,,0,0,0,18,16,34,18,16,34,0,0,0,0,0,0,0,0,0,0,0,0,0,0,0,34,0,2,0,0,0,0,0,
87,ALBERTO ADRIANI,PRESIDENTE ROMULO BETANCOURT,PREESCOLAR,20000,,,,,,,,,,,,,,,,,,,,,,,,,,PREESCOLAR CARMEN TERESA DE FERNÁNDEZ,CARMEN TERESA DE FERNÁNDEZ,OD01731401,4170644,,140801,NACIONAL,,,,,,0,0,0,14,15,29,14,15,29,0,0,0,0,0,0,0,0,0,0,0,0,0,0,0,29,0,3,0,0,0,0,0,
88,ALBERTO ADRIANI,PRESIDENTE ROMULO BETANCOURT,PREESCOLAR,20000,,,,,,,,,,,,,,,,,,,,,,,,,,PREESCOLAR CELSA ROMERO DEL MAR,CELSA ROMERO DEL MAR,OD16971401,4170644,,142110,NACIONAL,,,,,,3,4,7,18,28,46,21,32,53,0,0,0,0,0,0,0,0,0,0,0,0,0,0,0,53,1,3,0,,,0,0,
89,ALBERTO ADRIANI,GABRIEL PICON GONZALEZ,ESCUELA,20000,21000,,,,,,,,,,,,,,,,,,,,,,,,,ESCUELA ESTADAL PALO QUEMADO,LUIS ALFREDO LOPEZ MENDEZ,OD09961401,,,141618,ESTADAL,,,,,,0,0,0,3,3,6,3,3,6,9,8,17,0,0,0,0,0,0,0,0,0,0,0,0,23,0,1,6,,,0,0,
90,ALBERTO ADRIANI,GABRIEL PICON GONZALEZ,ESCUELA,20000,21000,,,,,,,,,,,,,,,,,,,,,,,,,ESCUELA ESTADAL ONIA ABAJO NER 037,JOSE GIL FORTUIL,OD09881401,,,141477,ESTADAL,,,,,,0,0,0,1,5,6,1,5,6,6,4,10,0,0,0,0,0,0,0,0,0,0,0,0,16,0,0,6,,,0,0,
91,ALBERTO ADRIANI,GABRIEL PICON GONZALEZ,ESCUELA,20000,21000,,,,,,,,,,,,,,,,,,,,,,,,,ESCUELA ESTADAL ROMULO GALLEGOS,ROMULO GALLEGOS   (SEDE),OD10211401,,,140036,ESTADAL,,,,,,0,0,0,2,4,6,2,4,6,6,11,17,0,0,0,0,0,0,0,0,0,0,0,0,23,0,0,6,,,0,0,
92,ALBERTO ADRIANI,GABRIEL PICON GONZALEZ,PARA EL EMPRENDIMIENTO,,,,,,,,,,,,,,,,,,,,,,,,,,,OMELIA BRICEÑO,OMELIA BRICEÑO,ON16121401,,,141822,ESTADAL,,,,,,0,0,0,0,0,0,0,0,0,0,0,0,0,0,0,0,0,0,0,0,0,0,0,0,0,0,0,0,0,0,0,0,
93,ALBERTO ADRIANI,HECTOR AMABLE MORA,ESCUELA,,21000,,,,,,,,,,,,,,,,,,,,,,,,,ESCUELA JOSE FRANCISCO BERMUDEZ,JOSÉ FRANCISCO BERMÚDEZ  (NER 036),OD10291401,,,140052,ESTADAL,,,,,,0,0,0,0,0,0,0,0,0,2,2,4,0,0,0,0,0,0,0,0,0,0,0,0,4,0,0,7,0,0,0,0,
94,ALBERTO ADRIANI,HECTOR AMABLE MORA,ESCUELA,,21000,,,,,,,,,,,,,,,,,,,,,,,,,ESCUELA SANTIAGO MARIÑO,SANTIAGO MARIÑO,OD10301401,,,140051,ESTADAL,,,,,,0,0,0,0,0,0,0,0,0,11,13,24,0,0,0,0,0,0,0,0,0,0,0,0,24,0,0,6,0,0,0,0,
95,ALBERTO ADRIANI,HECTOR AMABLE MORA,ESCUELA,,21000,,,,,,,,,,,,,,,,,,,,,,,,,ESCUELA JUAN GERMAN ROSCIO,JUAN GERMÁN ROSCIO NER 036,OD10311401,,,140053,ESTADAL,,,,,,0,0,0,0,0,0,0,0,0,6,4,10,0,0,0,0,0,0,0,0,0,0,0,0,10,0,0,2,0,0,0,0,
96,ALBERTO ADRIANI,HECTOR AMABLE MORA,ESCUELA,,21000,,,,,,,,,,,,,,,,,,,,,,,,,ESCUELA PAULA CORREA DE ZAMORA,PAULA CORREA DE ZAMORA,OD09811401,,,141229,ESTADAL,,,,,,0,0,0,0,0,0,0,0,0,0,1,1,0,0,0,0,0,0,0,0,0,0,0,0,1,0,0,2,0,0,0,0,
97,ALBERTO ADRIANI,HECTOR AMABLE MORA,ESCUELA,,21000,,,,,,,,,,,,,,,,,,,,,,,,,ESCUELA ESTADAL APOLONIO ARAQUE ARAQUE,APOLONIO ARAQUE ARAQUE,OD10231401,,,140041,ESTADAL,,,,,,0,0,0,0,0,0,0,0,0,22,26,48,0,0,0,0,0,0,0,0,0,0,0,0,48,0,0,6,0,0,0,0,
98,ALBERTO ADRIANI,HECTOR AMABLE MORA,ESCUELA,,21000,,,,,,,,,,,,,,,,,,,,,,,,,ESCUELA ESTADAL FRANCISCO DE MIRANDA,FRANCISCO DE MIRANDA,OD01841401,,,140084,ESTADAL,,,,,,0,0,0,0,0,0,0,0,0,0,0,0,0,0,0,0,0,0,0,0,0,0,0,0,0,0,0,0,0,0,0,0,
99,ALBERTO ADRIANI,JOSE NUCETE SARDI,LICEO,,,31059,,CIENCIAS,,,,,,,,,,,,,,,,,,,,,,LICEO MARIA FLORA OVALLES,MARIA FLORA OVALLES,OD17431401,,,142174,ESTADAL,,,,,,0,0,0,0,0,0,0,0,0,0,0,0,114,138,252,0,0,0,0,0,0,0,0,0,252,0,0,0,10,0,0,0,
100,ALBERTO ADRIANI,PRESIDENTE ROMULO BETANCOURT,ESCUELA,,21000,,,,,,,,,,,,,,,,,,,,,,,,,EE FELIX MARIA RUIZ,FELIX MARIA RUIZ,OD01661401,,,140057,ESTADAL,,,,,,0,0,0,0,0,0,0,0,0,102,79,181,0,0,0,0,0,0,0,0,0,0,0,0,181,0,0,6,0,0,0,0,
101,ALBERTO ADRIANI,PRESIDENTE PAEZ,ESCUELA,,21000,,,,,,,,,,,,,,,,,,,,,,,,,ESC ESTADAL MAXIMILIANO RONDON ZERPA,MAXIMILIANO RONDON ZERPA,OD09931401,,,141582,ESTADAL,,,,,,0,0,0,0,0,0,0,0,0,75,81,156,0,0,0,0,0,0,0,0,0,0,0,0,156,0,0,8,0,0,0,0,
102,ALBERTO ADRIANI,PRESIDENTE PAEZ,ESCUELA,,21000,,,,,,,,,,,,,,,,,,,,,,,,,ESCUELA ESTADAL ARTURO MICHELENA,ARTURO MICHELENA,OD15331401,,,141912,ESTADAL,,,,,,0,0,0,0,0,0,0,0,0,106,106,212,0,0,0,0,0,0,0,0,0,0,0,0,212,0,0,11,0,0,0,0,
103,ALBERTO ADRIANI,PRESIDENTE PAEZ,COMPLEJO EDUCATIVO,20000,21000,31059,,CIENCIAS,,,,,,,,,,,,,,,,,,,,,,ESCUELA ESTADAL ESPERANZA BOLIVARIANA,MAURA LINA GUTIERREZ,OD15301401,,,141912,ESTADAL,,,,,,0,0,0,20,17,37,20,17,37,181,208,389,52,68,120,0,0,0,0,0,0,0,0,0,546,0,2,11,6,0,0,0,
104,ALBERTO ADRIANI,PRESIDENTE ROMULO BETANCOURT,ESCUELA,20000,21000,,,,,,,,,,,,,,,,,,,,,,,,,EE JOSÉ MARTI,JOSÉ MARTI,OD03151401,,,141466,ESTADAL,,,,,,0,0,0,16,16,32,16,16,32,68,75,143,0,0,0,0,0,0,0,0,0,0,0,0,175,0,32,6,0,0,0,0,
105,ALBERTO ADRIANI,PRESIDENTE ROMULO GALLEGOS,ESCUELA,20000,21000,,,,,,,,,,,,,,,,,,,,,,,,,MIGUEL JOSE ANTONIO SANZ,MIGUEL JOSE ANTONIO SANZ,OD04721401,,,141126,ESTADAL,,,,,,4,7,11,8,20,28,12,27,39,63,83,146,0,0,0,0,0,0,0,0,0,0,0,0,185,1,2,8,,,0,0,
106,ALBERTO ADRIANI,PRESIDENTE ROMULO GALLEGOS,ESCUELA,20000,21000,,,,,,,,,,,,,,,,,,,,,,,,,EE CAÑO FRIO II,GLORIA STOK,OD04741401,,,141911,ESTADAL,,,,,,0,0,0,4,2,6,4,2,6,13,10,23,0,0,0,0,0,0,0,0,0,0,0,0,29,0,1,1,,,0,0,
107,ALBERTO ADRIANI,PRESIDENTE ROMULO GALLEGOS,ESCUELA,,21000,,,,,,,,,,,,,,,,,,,,,,,,,EE KM 15,KM 15,OD04711401,,,141224,ESTADAL,,,,,,0,0,0,0,0,0,0,0,0,71,91,162,0,0,0,0,0,0,0,0,0,0,0,0,162,0,0,9,0,0,0,0,
108,ALBERTO ADRIANI,PRESIDENTE ROMULO GALLEGOS,ESCUELA,20000,21000,,,,,,,,,,,,,,,,,,,,,,,,,EE EL RAICITO,MERCEDES CARVAJAL,OD09921401,,,141581,ESTADAL,,,,,,0,0,0,13,5,18,13,5,18,50,59,109,0,0,0,0,0,0,0,0,0,0,0,0,127,0,1,6,,,0,0,
109,ALBERTO ADRIANI,PRESIDENTE ROMULO GALLEGOS,ESCUELA,,21000,,,,,,,,,,,,,,,,,,,,,,,,,ESCUELA ESTADAL BOCA GRANDE,GUILLERMO MORÓN,OD10201401,,,140030,ESTADAL,,,,,,0,0,0,0,0,0,0,0,0,5,4,9,0,0,0,0,0,0,0,0,0,0,0,0,9,0,0,6,0,0,0,0,
110,ALBERTO ADRIANI,PRESIDENTE ROMULO GALLEGOS,ESCUELA,20000,21000,,,,,,,,,,,,,,,,,,,,,,,,,EE SAN JOSE DE LOS OLIVOS,SAN JOSE DE LOS OLIVOS,OD09951401,,,141617,ESTADAL,,,,,,0,0,0,5,0,5,5,0,5,9,9,18,0,0,0,0,0,0,0,0,0,0,0,0,23,0,0,6,0,0,0,0,
111,ALBERTO ADRIANI,PRESIDENTE ROMULO GALLEGOS,ESCUELA,20000,21000,,,,,,,,,,,,,,,,,,,,,,,,,EE QUEBRADE DE LA VIRGEN,JESÚS RAFAEL SOTO,OD10191401,,,140028,ESTADAL,,,,,,0,0,0,0,2,2,0,2,2,4,3,7,0,0,0,0,0,0,0,0,0,0,0,0,9,0,1,5,0,0,0,0,
112,ALBERTO ADRIANI,PRESIDENTE ROMULO GALLEGOS,PARA EL EMPRENDIMIENTO,,,,,,,,,,,,,,,,,,,,,,,,,,,LUZ QUINTERO RIVERA,LUZ QUINTERO RIVERA,ON16131401,,,141867,ESTADAL,,,,,,0,0,0,0,0,0,0,0,0,0,0,0,0,0,0,0,0,0,0,0,0,0,0,0,0,0,0,0,0,0,0,0,
113,ALBERTO ADRIANI,PULIDO MENDEZ,ESCUELA,20000,21000,,,,,,,,,,,,,,,,,,,,,,,,,EE HIPÓLITA BOLIVAR  (036),HIPÓLITA BOLIVAR  (036),OD10261401,,,140044,ESTADAL,,,,,,3,0,3,2,4,6,5,4,9,0,0,0,0,0,0,0,0,0,0,0,0,0,0,0,9,1,1,0,0,0,0,0,
114,ALBERTO ADRIANI,PULIDO MENDEZ,ESCUELA PARA EL EMPRENDIMIENTO,,,,,,,,,,,,,,,,,,,,,,,,,,,EPE 12 DE OCTUBRE,46307,ON10031401,,,181472,ESTADAL,,,,,,0,0,0,0,0,0,0,0,0,0,0,0,0,0,0,0,0,0,0,0,0,0,0,0,0,0,0,0,0,0,0,0,
115,ALBERTO ADRIANI,PULIDO MENDEZ,LICEO,,,31059,,CIENCIAS,,,,,,,,,,,,,,,,,,,,,,ARQU CLAUDIO CORREDOR,ARQU CLAUDIO CORREDOR,OD00021401,,,140090,ESTADAL,,,,,,0,0,0,0,0,0,0,0,0,0,0,0,349,255,604,0,0,0,0,0,0,0,0,0,604,0,0,0,,,0,0,
116,ALBERTO ADRIANI,PULIDO MENDEZ,PREESCOLAR,20000,,,,,,,,,,,,,,,,,,,,,,,,,,CEI ANA MARIA CAMPOS,ANA MARIA CAMPOS,OD10161401,,,140005,ESTADAL,,,,,,0,0,0,74,70,144,74,70,144,0,0,0,0,0,0,0,0,0,0,0,0,0,0,0,144,0,10,0,0,0,0,0,
117,ALBERTO ADRIANI,PRESIDENTE ROMULO BETANCOURT,ESCUELA,,21000,,,,,,,,,,,,,,,,,,,,,,,,,EE OFELIA TANCREDI CORREDOR,OFELIA TANCREDI CORREDOR,OD01721401,,,143059,ESTADAL,,,,,,0,0,0,0,0,0,0,0,0,0,0,0,0,0,0,0,0,0,0,0,0,0,0,0,0,0,0,0,0,0,0,0,
118,ALBERTO ADRIANI,PRESIDENTE ROMULO BETANCOURT,ESCUELA,,21000,,,,,,,,,,,,,,,,,,,,,,,,,EE CARMEN MARIA MEZA GAMARRA,CARMEN MARIA MEZA GAMARRA,OD09891401,,,141574,ESTADAL,,,,,,0,0,0,9,4,13,9,4,13,22,22,44,0,0,0,0,0,0,0,0,0,0,0,0,57,0,1,6,0,0,0,0,
119,ALBERTO ADRIANI,PRESIDENTE ROMULO BETANCOURT,ESCUELA,,21000,,,,,,,,,,,,,,,,,,,,,,,,,EE 12 DE OCTUBRE (ANEXO),12 DE OCTUBRE (ANEXO),PN10031401,,,141871,ESTADAL,URBANO,,ADULTO,,,0,0,0,0,0,0,0,0,0,3,2,5,0,0,0,0,0,0,0,0,0,0,0,0,5,0,0,3,0,0,0,0,
120,ANDRES BELLO,LA AZULITA,ESCUELA,,21000,,,,,,,,,,,,,,,,,,,,,,,,,GE RAFAEL MARIA TORRES,RAFAEL MARIA TORRES,OD02261402,6738875,4108185,140115,NACIONAL,,,,,,0,0,0,68,61,129,68,61,129,299,282,581,0,0,0,0,0,0,0,0,0,0,0,0,710,0,7,0,,,0,0,
121,ANDRES BELLO,LA AZULITA,LICEO,,,31059,,CIENCIAS,31060,,CIENCIA Y TECNOLOGIA,,,,,,,,,,,,,,,,,,,CB LA AZULITA,LA AZULITA,S1465D1402,7914995,,140120,NACIONAL,,,,,,0,0,0,0,0,0,0,0,0,0,0,0,153,166,319,0,0,0,0,0,0,0,0,0,319,0,0,0,14,0,0,0,
122,ANDRES BELLO,LA AZULITA,INSTITUTO DE EDUCACION ESPECIAL,,,,,,,,,,,,,,,,,,,,,,,,,,,IEE 22 DE FEBRERO,JOSE JAVIER VIELMA BECERRA,OD16191402,6490477,,142082,NACIONAL,,,,,,0,0,0,0,0,0,0,0,0,0,0,0,0,0,0,0,0,0,0,0,0,0,0,0,0,0,0,0,0,0,0,0,
123,ANDRES BELLO,LA AZULITA,ESCUELA,,21000,,,,,,,,,,,,,,,,,,,,,,,,,NER NUC ESCOLAR RURAL N° 159,MANUEL CABRE,OD05641402,6970159,,140104,NACIONAL,,,,,,0,0,0,0,0,0,0,0,0,7,2,9,0,0,0,0,0,0,0,0,0,0,0,0,9,0,0,0,0,0,0,0,
124,ANDRES BELLO,LA AZULITA,ESCUELA,20000,21000,,,,,,,,,,,,,,,,,,,,,,,,,NER NUC ESCOLAR RURAL N° 159,LUIS MARIA ARAQUE GUERRERO,OD05701402,6970159,,141241,NACIONAL,,,,,,0,0,0,2,1,3,2,1,3,14,10,24,0,0,0,0,0,0,0,0,0,0,0,0,27,0,1,0,0,0,0,0,
125,ANDRES BELLO,LA AZULITA,COMPLEJO EDUCATIVO,20000,21000,31059,,CIENCIAS,,,,,,,,,,,,,,,,,,,,,,NER NUC ESCOLAR RURAL N° 159,RODOLFO LA CRUZ,OD05671402,6970159,,141561,NACIONAL,,,,,,0,0,0,10,11,21,10,11,21,35,42,77,20,16,36,0,0,0,0,0,0,0,0,0,134,0,1,6,4,0,0,0,"{""primaria"":{""5U"":16,""2U"":11}}"
126,ANDRES BELLO,LA AZULITA,ESCUELA,20000,21000,,,,,,,,,,,,,,,,,,,,,,,,,UEB MESA ALTA,ANTONIO MARIA MORALES,OD02681402,7950703,,141242,NACIONAL,,,,,,13,6,19,20,21,41,33,27,60,52,59,111,0,0,0,0,0,0,0,0,0,0,0,0,171,1,4,6,0,0,0,0,
127,ANDRES BELLO,LA AZULITA,ESCUELA TECNICA,,,41049,AGROPECUARIA,CIENCIAS AGRÍCOLAS Y PECUARIAS,,,,,,,,,,,,,,,,,,,,,,ETA SIMON BOLIVAR,SIMON BOLIVAR,T0703D1402,6583050,,140119,NACIONAL,,,,,,0,0,0,0,0,0,0,0,0,0,0,0,0,0,0,20,54,74,0,0,0,0,0,0,74,0,0,0,,,0,0,
128,ANDRES BELLO,LA AZULITA,COMPLEJO EDUCATIVO,20000,21000,31059,,CIENCIAS,,,,,,,,,,,,,,,,,,,,,,UEB CARLOS SOUBLETTE,CARLOS SOUBLETTE,OD02661402,7950704,,141239,NACIONAL,,,,,,0,0,0,0,0,0,0,0,0,0,0,0,0,0,0,0,0,0,0,0,0,0,0,0,0,0,0,0,0,0,0,0,
129,ANDRES BELLO,LA AZULITA,PREESCOLAR,20000,,,,,,,,,,,,,,,,,,,,,,,,,,CEI LUZ MARINA SANCHEZ,LUZ MARINA SANCHEZ,OD17111402,,,142122,ESTADAL,,,,,,0,0,0,9,11,20,9,11,20,0,0,0,0,0,0,0,0,0,0,0,0,0,0,0,20,0,2,0,0,0,0,0,
130,ANDRES BELLO,LA AZULITA,ESCUELA,,21000,,,,,,,,,,,,,,,,,,,,,,,,,ESCUELA HILARIO LACRUZ,HILARIO LACRUZ,OD05631402,,,141968,ESTADAL,,,,,,0,0,0,0,0,0,0,0,0,2,7,9,0,0,0,0,0,0,0,0,0,0,0,0,9,0,0,2,0,0,0,0,
131,ANDRES BELLO,LA AZULITA,COMPLEJO EDUCATIVO,20000,21000,31059,,CIENCIAS,,,,,,,,,,,,,,,,,,,,,,COMPLEJO EDUCATIVO AZAEL VALERO GUERRERO,AZAEL VALERO GUERRERO,OD05561402,,,141675,ESTADAL,,,,,,0,0,0,7,15,22,7,15,22,33,36,69,31,23,54,0,0,0,0,0,0,0,0,0,145,0,1,6,5,0,0,0,
132,ANDRES BELLO,LA AZULITA,COMPLEJO EDUCATIVO,20000,21000,31059,,CIENCIAS,,,,,,,,,,,,,,,,,,,,,,COMPLEJO EDUCATIVO JOSE NOLBERTO MORENO PALMI,JOSE NOLBERTO MORENO PALMI,OD05501402,,,140103,ESTADAL,,,,,,0,0,0,3,3,6,3,3,6,11,11,22,7,3,10,0,0,0,0,0,0,0,0,0,38,0,1,6,10,0,0,0,
133,ANDRES BELLO,LA AZULITA,ESCUELA,,21000,,,,,,,,,,,,,,,,,,,,,,,,,ESCUELA VIANEY LISBETH VIELMA ALBARRAN,VIANEY LISBETH VIELMA ALBARRAN,OD05491402,,,140097,ESTADAL,,,,,,0,0,0,0,0,0,0,0,0,2,2,4,0,0,0,0,0,0,0,0,0,0,0,0,4,0,0,6,0,0,0,0,
134,ANDRES BELLO,LA AZULITA,ESCUELA,20000,21000,,,,,,,,,,,,,,,,,,,,,,,,,ESCUELA ABDON ACOSTA,ABDON ACOSTA,OD05551402,,,140098,ESTADAL,,,,,,0,0,0,2,7,9,2,7,9,7,11,18,0,0,0,0,0,0,0,0,0,0,0,0,27,0,1,6,0,0,0,0,
135,ANDRES BELLO,LA AZULITA,ESCUELA,20000,21000,,,,,,,,,,,,,,,,,,,,,,,,,ESCUELA CARMEN TERESA PUENTES DE HERRERA,CARMEN TERESA PUENTES DE HERRERA,OD05591402,,,140001,ESTADAL,,,,,,0,0,0,1,3,4,1,3,4,12,13,25,0,0,0,0,0,0,0,0,0,0,0,0,29,0,1,6,0,0,0,0,
136,ANDRES BELLO,LA AZULITA,ESCUELA,20000,21000,,,,,,,,,,,,,,,,,,,,,,,,,ESCUELA JOSE FELIX RIBAS,JOSE FELIX RIBAS,OD05521402,,,140116,ESTADAL,,,,,,0,0,0,6,3,9,6,3,9,7,9,16,0,0,0,0,0,0,0,0,0,0,0,0,25,0,1,6,0,0,0,0,
137,ANDRES BELLO,LA AZULITA,ESCUELA,,21000,,,,,,,,,,,,,,,,,,,,,,,,,ESCUELA MARIA CONCEPCION PALACIOS,MARIA CONCEPCION PALACIOS,OD05541402,,,140105,ESTADAL,,,,,,0,0,0,0,0,0,0,0,0,17,32,49,0,0,0,0,0,0,0,0,0,0,0,0,49,0,0,6,0,0,0,0,
138,ANDRES BELLO,LA AZULITA,ESCUELA,20000,21000,,,,,,,,,,,,,,,,,,,,,,,,,ESCUELA ALEJANDRA GRISOLIA,ALEJANDRA GRISOLIA,PD05481402,,,141238,ESTADAL,,,,,,0,0,0,3,5,8,3,5,8,18,18,36,0,0,0,0,0,0,0,0,0,0,0,0,44,0,1,6,0,0,0,0,
139,ANDRES BELLO,LA AZULITA,ESCUELA,,21000,,,,,,,,,,,,,,,,,,,,,,,,,ESCUELA BONIFACIO PUENTES,BONIFACIO PUENTES,OD05531402,,,140106,ESTADAL,,,,,,0,0,0,0,0,0,0,0,0,12,19,31,0,0,0,0,0,0,0,0,0,0,0,0,31,0,0,0,0,0,0,0,"{""primaria"":{""1U"":5}}"
140,ANDRES BELLO,LA AZULITA,ESCUELA,,21000,,,,,,,,,,,,,,,,,,,,,,,,,ESCUELA FLORENCIO MARQUEZ,FLORENCIO MARQUEZ,OD05601402,,,140118,ESTADAL,,,,,,0,0,0,0,0,0,0,0,0,16,17,33,0,0,0,0,0,0,0,0,0,0,0,0,33,0,0,4,0,0,0,0,
141,ANDRES BELLO,LA AZULITA,COMPLEJO EDUCATIVO,20000,21000,31059,,CIENCIAS,,,,,,,,,,,,,,,,,,,,,,COMPLEJO EDUCATIVO JESUS MANUEL NAVA,JESUS MANUEL NAVA,OD05511402,,,140102,ESTADAL,,,,,,0,0,0,0,0,0,0,0,0,0,0,0,0,0,0,0,0,0,0,0,0,0,0,0,0,0,0,0,0,0,0,0,
142,ANDRES BELLO,LA AZULITA,ESCUELA,,21000,,,,,,,,,,,,,,,,,,,,,,,,,ESCUELA DEOGRACIAS CORREDOR ROJAS,DEOGRACIAS CORREDOR ROJAS,OD05571402,,,140099,ESTADAL,,,,,,0,0,0,0,4,4,0,4,4,8,15,23,0,0,0,0,0,0,0,0,0,0,0,0,27,0,1,3,,,0,0,
143,ANDRES BELLO,LA AZULITA,ESCUELA,20000,21000,,,,,,,,,,,,,,,,,,,,,,,,,ESCUELA GRAN MARISCAL DE AYACUCHO,GRAN MARISCAL DE AYACUCHO,OD05581402,,,141687,ESTADAL,,,,,,0,0,0,3,2,5,3,2,5,14,13,27,0,0,0,0,0,0,0,0,0,0,0,0,32,0,1,6,0,0,0,0,
144,ANDRES BELLO,LA AZULITA,ESCUELA,,21000,,,,,,,,,,,,,,,,,,,,,,,,,ESCUELA JOSE LUIS RAMOS,JOSE LUIS RAMOS,OD05711402,,,141562,ESTADAL,,,,,,0,0,0,0,0,0,0,0,0,1,2,3,0,0,0,0,0,0,0,0,0,0,0,0,3,0,0,6,0,0,0,0,
145,ANDRES BELLO,LA AZULITA,ESCUELA,,21000,,,,,,,,,,,,,,,,,,,,,,,,,ESCUELA FILADELFO ALBARRAN,FILADELFO ALBARRAN,OD05621402,,,140109,ESTADAL,,,,,,0,0,0,0,0,0,0,0,0,4,5,9,0,0,0,0,0,0,0,0,0,0,0,0,9,0,0,6,0,0,0,0,
146,ANDRES BELLO,LA AZULITA,ESCUELA,20000,21000,,,,,,,,,,,,,,,,,,,,,,,,,ESCUELA RAMON MARIA LOBO,RAMON MARIA LOBO,OD05721402,,,140101,ESTADAL,,,,,,0,0,0,2,5,7,2,5,7,3,3,6,0,0,0,0,0,0,0,0,0,0,0,0,13,0,1,6,0,0,0,0,
147,ANDRES BELLO,LA AZULITA,ESCUELA,20000,21000,,,,,,,,,,,,,,,,,,,,,,,,,ESCUELA ASUNCION UZCATEGUI,ASUNCION UZCATEGUI,OD05651402,,,140112,ESTADAL,,,,,,0,0,0,0,3,3,0,3,3,11,11,22,0,0,0,0,0,0,0,0,0,0,0,0,25,0,1,0,0,0,0,0,
148,ANDRES BELLO,LA AZULITA,ESCUELA,20000,21000,,,,,,,,,,,,,,,,,,,,,,,,,ESCUELA JESUS ENRIQUE RAMOS ROA,JESUS ENRIQUE RAMOS ROA,OD05691402,,,141968,ESTADAL,,,,,,0,0,0,1,4,5,1,4,5,6,8,14,0,0,0,0,0,0,0,0,0,0,0,0,19,0,1,6,0,0,0,0,
149,ANDRES BELLO,LA AZULITA,ESCUELA,20000,21000,,,,,,,,,,,,,,,,,,,,,,,,,ESCUELA BASILIO VERGARA,BASILIO VERGARA,OD05681402,,,141240,ESTADAL,,,,,,0,0,0,2,3,5,2,3,5,16,21,37,0,0,0,0,0,0,0,0,0,0,0,0,42,0,1,6,0,0,0,0,
150,ANDRES BELLO,LA AZULITA,ESCUELA PARA EL EMPRENDIMIENTO,,,,,,,,,,,,,,,,,,,,,,,,,,,EPE HERMINIA ROSAS,HERMINIA ROSAS,DN10371402,,,140121,ESTADAL,,,,,,0,0,0,0,0,0,0,0,0,0,0,0,0,0,0,0,0,0,0,0,0,0,0,0,0,0,0,0,0,0,0,0,
151,ANTONIO PINTO SALINA,SANTA CRUZ DE MORA,PREESCOLAR,20000,,,,,,,,,,,,,,,,,,,,,,,,,,CARLOS ZERPA,CARLOS ZERPA,OD02131403,4101740,,141183,NACIONAL,RURAL,INICIAL,,DOBLE TURNO,,7,8,15,65,68,133,72,76,148,0,0,0,0,0,0,0,0,0,0,0,0,0,0,0,148,1,9,0,,,0,0,
152,ANTONIO PINTO SALINA,MESA BOLIVAR,PREESCOLAR,20000,,,,,,,,,,,,,,,,,,,,,,,,,,RAFAEL ANTONIO GONZALEZ,RAFAEL ANTONIO GONZALEZ,OD17121403,4108145,,142123,NACIONAL,,,,,,3,5,8,26,29,55,29,34,63,0,0,0,0,0,0,0,0,0,0,0,0,0,0,0,63,1,0,0,,,0,0,
153,ANTONIO PINTO SALINA,SANTA CRUZ DE MORA,INSTITUTO DE EDUCACION ESPECIAL,,,,,,,,,,,,,,,,,,,,,,,,,,,IEE. JACINTO NOGUERA GARCIA,JACINTO NOGUERA GARCIA,OD02171403,6490478,,141971,NACIONAL,,,,,,0,0,0,0,0,0,0,0,0,0,0,0,0,0,0,0,0,0,0,0,0,0,0,0,0,0,0,0,0,0,0,0,
154,ANTONIO PINTO SALINA,SANTA CRUZ DE MORA,ESCUELA,,21000,,,,,,,,,,,,,,,,,,,,,,,,,G-E CARLOS  ZERPA,CARLOS MARIA ZERPA,OD02141403,6732500,,140183,NACIONAL,,,,,,0,0,0,0,0,0,0,0,0,202,220,422,0,0,0,0,0,0,0,0,0,0,0,0,422,0,0,18,,,0,0,
155,ANTONIO PINTO SALINA,MESA BOLIVAR,ESCUELA,,21000,,,,,,,,,,,,,,,,,,,,,,,,,G-E RAFAEL ANTONIO GONZALEZ,RAFAEL ANTONIO GONZALEZ,OD01981403,6738780,,140169,NACIONAL,RURAL,PRIMARIA,,MAÑANA,,0,0,0,0,0,0,0,0,0,91,91,182,0,0,0,0,0,0,0,0,0,0,0,0,182,0,0,12,,,0,0,
156,ANTONIO PINTO SALINA,SANTA CRUZ DE MORA,ESCUELA,20000,21000,,,,,,,,,,,,,,,,,,,,,,,,,NER NUC ESC.RURAL N 339,VICTORIANO MOLINA ZERPA,OD04791403,6970339,,141189,NACIONAL,,INICIAL - PRIMARIA,,,,0,0,0,2,2,4,2,2,4,10,12,22,0,0,0,0,0,0,0,0,0,0,0,0,26,0,1,3,,,0,0,
157,ANTONIO PINTO SALINA,SANTA CRUZ DE MORA,ESCUELA,20000,21000,,,,,,,,,,,,,,,,,,,,,,,,,NER NUC ESC.RURAL N 339,ELEUTERIO CONTRERAS,OD04861403,6970339,,140171,NACIONAL,RURAL,INICIAL - PRIMARIA,,MAÑANA,,0,0,0,1,1,2,1,1,2,6,17,23,0,0,0,0,0,0,0,0,0,0,0,0,25,0,1,6,,,0,0,
158,ANTONIO PINTO SALINA,SANTA CRUZ DE MORA,ESCUELA,20000,21000,,,,,,,,,,,,,,,,,,,,,,,,,NER NUC ESC.RURAL N 339,MARCELINO CHACON,OD10791403,6970339,,140178,NACIONAL,,,,MAÑANA,,0,0,0,7,6,13,7,6,13,28,29,57,0,0,0,0,0,0,0,0,0,0,0,0,70,0,2,6,,,0,0,
159,ANTONIO PINTO SALINA,SANTA CRUZ DE MORA,ESCUELA,20000,21000,,,,,,,,,,,,,,,,,,,,,,,,,NER NUC ESC.RURAL N 339,ERNESTO DUGARTE,OD10771403,6970339,,140180,NACIONAL,,INICIAL - PRIMARIA,,,,0,0,0,8,4,12,8,4,12,13,16,29,0,0,0,0,0,0,0,0,0,0,0,0,41,0,0,0,,,0,0,
160,ANTONIO PINTO SALINA,SANTA CRUZ DE MORA,ESCUELA,,21000,,,,,,,,,,,,,,,,,,,,,,,,,NER NUC ESC.RURAL N 339,MARCOS DUARTE,OD10681403,6970339,,140158,NACIONAL,,,,,,0,0,0,2,1,3,2,1,3,5,12,17,0,0,0,0,0,0,0,0,0,0,0,0,20,0,0,0,,,0,0,
161,ANTONIO PINTO SALINA,SANTA CRUZ DE MORA,ESCUELA,,21000,,,,,,,,,,,,,,,,,,,,,,,,,NER NUC ESC.RURAL N 339,CARLOS RAMON CONTRERAS,OD10761403,6970339,,140179,NACIONAL,,,,,,0,0,0,0,0,0,0,0,0,7,9,16,0,0,0,0,0,0,0,0,0,0,0,0,16,0,0,0,,,0,0,
162,ANTONIO PINTO SALINA,SANTA CRUZ DE MORA,ESCUELA,20000,21000,,,,,,,,,,,,,,,,,,,,,,,,,NER NUC ESC.RURAL N 339,DIEGO MENDEZ,OD10381403,6970339,,141175,NACIONAL,,INICIAL - PRIMARIA,,MAÑANA,,0,0,0,0,0,0,0,0,0,2,8,10,0,0,0,0,0,0,0,0,0,0,0,0,10,0,0,5,,,0,0,
163,ANTONIO PINTO SALINA,SANTA CRUZ DE MORA,ESCUELA,,21000,,,,,,,,,,,,,,,,,,,,,,,,,NER NUC ESC.RURAL N 339,JOSE MODESTO MOLINA,OD04781403,6970339,,140137,NACIONAL,,,,,,0,0,0,0,0,0,0,0,0,2,0,2,0,0,0,0,0,0,0,0,0,0,0,0,2,0,0,1,0,0,0,0,
164,ANTONIO PINTO SALINA,SANTA CRUZ DE MORA,ESCUELA,20000,21000,,,,,,,,,,,,,,,,,,,,,,,,,NER NUC ESC.RURAL N 339,MARIA CONCEPCION CARRERO,OD02191403,6970339,,140176,NACIONAL,,,,,,0,0,0,1,5,6,1,5,6,21,20,41,0,0,0,0,0,0,0,0,0,0,0,0,47,0,1,6,,,0,0,
165,ANTONIO PINTO SALINA,SANTA CRUZ DE MORA,ESCUELA,,21000,,,,,,,,,,,,,,,,,,,,,,,,,NER NUC ESC.RURAL N 339,MANUEL PAREDES,OD04851403,6970339,,141191,NACIONAL,,,,,,0,0,0,0,0,0,0,0,0,13,13,26,0,0,0,0,0,0,0,0,0,0,0,0,26,0,0,3,0,0,0,0,
166,ANTONIO PINTO SALINA,MESA BOLIVAR,ESCUELA,20000,21000,,,,,,,,,,,,,,,,,,,,,,,,,NER NUC ESC.RURAL N 340,MANUEL DE JESUS MORA GARCIA,OD05321403,6970340,,140143,NACIONAL,,,,,,0,0,0,5,9,14,5,9,14,24,30,54,0,0,0,0,0,0,0,0,0,0,0,0,68,0,1,4,,,0,0,
167,ANTONIO PINTO SALINA,MESA BOLIVAR,ESCUELA,20000,21000,,,,,,,,,,,,,,,,,,,,,,,,,NER NUC ESC.RURAL N 340,MANUEL DE JESUS MORA GARCIA,OD05331403,6970340,,141191,NACIONAL,,,,,,0,0,0,2,2,4,2,2,4,7,13,20,0,0,0,0,0,0,0,0,0,0,0,0,24,0,1,2,,,0,0,
168,ANTONIO PINTO SALINA,MESA BOLIVAR,ESCUELA,20000,21000,,,,,,,,,,,,,,,,,,,,,,,,,NER NUC ESC.RURAL N 340,JOSE GONZALO GUERRERO,OD01991403,6970340,,140175,NACIONAL,,,,,,26,28,54,6,6,12,32,34,66,24,27,51,0,0,0,0,0,0,0,0,0,0,0,0,117,4,12,5,,,0,0,
169,ANTONIO PINTO SALINA,MESA BOLIVAR,ESCUELA,20000,21000,,,,,,,,,,,,,,,,,,,,,,,,,NER NUC ESC.RURAL N 340,JOSE RAFAEL MIRANDA,OD05341403,6970340,,140151,NACIONAL,,,,,,0,0,0,6,7,13,6,7,13,19,26,45,0,0,0,0,0,0,0,0,0,0,0,0,58,0,1,6,,,0,0,
170,ANTONIO PINTO SALINA,SANTA CRUZ DE MORA,ESCUELA,20000,21000,,,,,,,,,,,,,,,,,,,,,,,,,NER NUC ESC.RURAL N 340,LA VICTORIA,OD17011403,6970340,,142118,NACIONAL,,INICIAL - PRIMARIA,,,,0,0,0,1,0,1,1,0,1,13,4,17,0,0,0,0,0,0,0,0,0,0,0,0,18,0,1,6,,,0,0,
171,ANTONIO PINTO SALINA,MESA DE LAS PALMAS,ESCUELA,,21000,,,,,,,,,,,,,,,,,,,,,,,,,NER NUC ESC.RURAL N 512,MANUEL GUERRERO,OD10481403,6970512,,141152,NACIONAL,,,,,,0,0,0,0,0,0,0,0,0,18,27,45,0,0,0,0,0,0,0,0,0,0,0,0,45,0,0,7,,,0,0,
172,ANTONIO PINTO SALINA,MESA DE LAS PALMAS,ESCUELA,,21000,,,,,,,,,,,,,,,,,,,,,,,,,NER NUC ESC.RURAL N 512,SAN JOSE,OD10781403,6970512,,140181,NACIONAL,,,,,,0,0,0,0,0,0,0,0,0,15,11,26,0,0,0,0,0,0,0,0,0,0,0,0,26,0,0,1,0,0,0,0,
173,ANTONIO PINTO SALINA,SANTA CRUZ DE MORA,ESCUELA,20000,21000,,,,,,,,,,,,,,,,,,,,,,,,,NER NUC ESC.RURAL N 512,SANTA MARTA,OD10731403,6970512,,140172,NACIONAL,,INICIAL - PRIMARIA,,MAÑANA,,0,0,0,3,2,5,3,2,5,13,14,27,0,0,0,0,0,0,0,0,0,0,0,0,32,0,1,6,,,0,0,
174,ANTONIO PINTO SALINA,MESA BOLIVAR,COMPLEJO EDUCATIVO,20000,21000,31059,,CIENCIAS,31060,,CIENCIA Y TECNOLOGIA,45041,SALUD,ENFERMERÍA,46071,ECONOMÍA SOCIAL,TURISMO,,,,,,,,,,,,,C-B SANTOS MARQUINA,SANTOS MARQUINA,S1153D1403,7916328,,140184,NACIONAL,,,,,,0,0,0,0,0,0,0,0,0,0,0,0,0,0,0,0,0,0,0,0,0,0,0,0,0,0,0,0,,,0,0,
175,ANTONIO PINTO SALINA,SANTA CRUZ DE MORA,LICEO,,,31059,,CIENCIAS,31060,,CIENCIA Y TECNOLOGIA,,,,,,,,,,,,,,,,,,,C-B EUTIMIO RIVAS,EUTIMIO RIVAS,S1357D1403,7918191,,140183,NACIONAL,,,,,,0,0,0,0,0,0,0,0,0,0,0,0,291,294,585,0,0,0,0,0,0,0,0,0,585,0,0,0,25,0,0,0,
176,ANTONIO PINTO SALINA,SANTA CRUZ DE MORA,LICEO,,,31059,MEDIA GENERAL,CIENCIAS,31060,MEDIA GENERAL,CIENCIAS Y TECNOLOGIA,,,,,,,,,,,,,,,,,,,CCB EUTIMIO RIVAS,RAMON OVIDIO BARRIOS,S1357N1403,7918560,,141311,NACIONAL,,,,,,0,0,0,0,0,0,0,0,0,0,0,0,56,47,103,0,0,0,0,0,0,0,0,0,103,0,0,0,,,0,0,
177,ANTONIO PINTO SALINA,MESA DE LAS PALMAS,ESCUELA,,21000,,,,,,,,,,,,,,,,,,,,,,,,,U.E.B MESA DE LAS PALMAS,ANTONIO RICAURTE,OD10661403,7950702,,140154,NACIONAL,,,,,,0,0,0,0,0,0,0,0,0,40,61,101,0,0,0,0,0,0,0,0,0,0,0,0,101,0,0,7,0,0,0,0,
178,ANTONIO PINTO SALINA,MESA DE LAS PALMAS,LICEO,,,31059,,CIENCIAS,31060,,CIENCIA Y TECNOLOGIA,,,,,,,,,,,,,,,,,,,L.B  ANDRES ELOY BLANCO,ANDRES ELOY BLANCO,OD17181403,7950742,,142115,NACIONAL,,,,,,0,0,0,0,0,0,0,0,0,0,0,0,63,53,116,0,0,0,0,0,0,0,0,0,116,0,0,0,10,0,0,0,
179,ANTONIO PINTO SALINA,SANTA CRUZ DE MORA,COMPLEJO EDUCATIVO,20000,21000,31059,,CIENCIAS,,,,,,,,,,,,,,,,,,,,,,LB ANTONIO J PINTO SALINAS,ANTONIO PINTO SALINAS,OD17191403,7950746,,142116,NACIONAL,,,,,,0,0,0,0,0,0,0,0,0,0,0,0,45,40,85,0,0,0,0,0,0,0,0,0,85,0,0,0,85,0,0,0,
180,ANTONIO PINTO SALINA,SANTA CRUZ DE MORA,ESCUELA PARA EL EMPRENDIMIENTO,,,,,,,,,,,,,,,,,,,,,,,,,,,E.P.E  SANTA CRUZ DE MORA,SANTA CRUZ DE MORA,ON10461403,,,141814,ESTADAL,,,,,,0,0,0,0,0,0,0,0,0,0,0,0,0,0,0,0,0,0,0,0,0,0,0,0,0,0,0,0,,,0,0,
181,ANTONIO PINTO SALINA,SANTA CRUZ DE MORA,ESCUELA TECNICA,,,41049,AGROPECUARIA,CIENCIAS AGRÍCOLAS Y PECUARIAS,,,,,,,,,,,,,,,,,,,,,,ESCUE. TEC OCTAVIO DUGARTE,OCTAVIO DUGARTE,OD17211403,,,142263,NACIONAL,,,,,,0,0,0,0,0,0,0,0,0,0,0,0,0,0,0,10,11,21,0,0,0,0,0,0,21,0,0,0,0,21,0,0,
182,ANTONIO PINTO SALINA,SANTA CRUZ DE MORA,LICEO,,,31059,,CIENCIAS,,,,,,,,,,,,,,,,,,,,,,LICEO MARTINIANO GONZALEZ ROJAS,MARTINIANO GONZALEZ ROJAS,OD17201403,,,142233,NACIONAL,,,,,,0,0,0,0,0,0,0,0,0,0,0,0,25,18,43,0,0,0,0,0,0,0,0,0,43,0,0,0,,,0,0,
183,ANTONIO PINTO SALINA,SANTA CRUZ DE MORA,ESCUELA,20000,21000,,,,,,,,,,,,,,,,,,,,,,,,,ESCUELA LUCRECIA FERNANDEZ,LUCRECIA FERNANDEZ,OD10521403,,,140126,ESTADAL,,INICIAL - PRIMARIA,,,,0,0,0,1,2,3,1,2,3,4,8,12,0,0,0,0,0,0,0,0,0,0,0,0,15,0,1,2,0,0,0,0,
184,ANTONIO PINTO SALINA,SANTA CRUZ DE MORA,ESCUELA,20000,21000,,,,,,,,,,,,,,,,,,,,,,,,,ESCUELA FRANCISCO LAZO MARTI,FRANCISCO LAZO MARTI,OD10701403,,,140161,ESTADAL,,INICIAL - PRIMARIA,,MAÑANA,,0,0,0,1,1,2,1,1,2,17,11,28,0,0,0,0,0,0,0,0,0,0,0,0,30,0,1,1,,,0,0,
185,ANTONIO PINTO SALINA,MESA BOLIVAR,ESCUELA PARA EL EMPRENDIMIENTO,,,,,,,,,,,,,,,,,,,,,,,,,,,E.P.E MESA BOLIVAR,MESA BOLIVAR,ON10471403,,,141815,ESTADAL,,,,,,0,0,0,0,0,0,0,0,0,0,0,0,0,0,0,0,0,0,0,0,0,0,0,0,0,0,0,0,,,0,0,
186,ANTONIO PINTO SALINA,MESA BOLIVAR,ESCUELA,,21000,,,,,,,,,,,,,,,,,,,,,,,,,ESCUELA DIBRASKA SOLANO,DIBRASKA SOLANO,OD10621403,,,140147,ESTADAL,,,,,,0,0,0,0,0,0,0,0,0,7,10,17,0,0,0,0,0,0,0,0,0,0,0,0,17,0,0,6,0,0,0,0,
187,ANTONIO PINTO SALINA,MESA BOLIVAR,ESCUELA,,21000,,,,,,,,,,,,,,,,,,,,,,,,,ESCUELA ERCILIA MUÑOZ,ERCILIA MUÑOZ,OD10401403,,,141202,ESTADAL,,,,,,0,0,0,0,0,0,0,0,0,11,7,18,0,0,0,0,0,0,0,0,0,0,0,0,18,0,0,6,,,0,0,
188,ANTONIO PINTO SALINA,MESA BOLIVAR,ESCUELA,,21000,,,,,,,,,,,,,,,,,,,,,,,,,ESCUELA  FRANCISCO MARQUEZ,FRANCISCO MARQUEZ,OD10721403,,,140168,ESTADAL,,,,,,0,0,0,0,0,0,0,0,0,7,8,15,0,0,0,0,0,0,0,0,0,0,0,0,15,0,0,6,0,0,0,0,
189,ANTONIO PINTO SALINA,MESA DE LAS PALMAS,ESCUELA,20000,21000,,,,,,,,,,,,,,,,,,,,,,,,,ESCUELA ROSARIO MERCHAN,ROSARIO MERCHAN,OD10671403,,,140155,ESTADAL,,INICIAL - PRIMARIA,,,,0,0,0,1,0,1,1,0,1,2,0,2,0,0,0,0,0,0,0,0,0,0,0,0,3,0,0,0,,,0,0,
190,ANTONIO PINTO SALINA,MESA DE LAS PALMAS,ESCUELA,20000,21000,,,,,,,,,,,,,,,,,,,,,,,,,ESCUELA  FRANCISCO DE ASIS,SAN FRANCISCO DE ASIS,OD02211403,,,141153,ESTADAL,,INICIAL - PRIMARIA,,MAÑANA,,3,3,6,9,11,20,12,14,26,23,22,45,0,0,0,0,0,0,0,0,0,0,0,0,71,2,2,6,,,0,0,
191,ANTONIO PINTO SALINA,MESA DE LAS PALMAS,ESCUELA,20000,21000,,,,,,,,,,,,,,,,,,,,,,,,,ESCUELA  CAYETANO CARREÑO,CAYETANO CARREÑO,OD16201403,,,142106,ESTADAL,,INICIAL - PRIMARIA,,,,0,0,0,1,0,1,1,0,1,6,1,7,0,0,0,0,0,0,0,0,0,0,0,0,8,0,0,0,,,0,0,
192,ANTONIO PINTO SALINA,SANTA CRUZ DE MORA,ESCUELA,,21000,,,,,,,,,,,,,,,,,,,,,,,,,ESCUELA JACINTO MORA,JACINTO MORA,OD04841403,,,140167,ESTADAL,,,,,,0,0,0,0,0,0,0,0,0,14,20,34,0,0,0,0,0,0,0,0,0,0,0,0,34,0,0,3,,,0,0,
193,ANTONIO PINTO SALINA,SANTA CRUZ DE MORA,ESCUELA,20000,21000,,,,,,,,,,,,,,,,,,,,,,,,,ESCUELA MAGALY RAMIREZ TORRES,MAGALY RAMIREZ TORRES,OD02091403,,,140182,ESTADAL,,INICIAL,,MAÑANA,,0,0,0,5,1,6,5,1,6,24,12,36,0,0,0,0,0,0,0,0,0,0,0,0,42,0,0,0,0,0,0,0,
194,ANTONIO PINTO SALINA,SANTA CRUZ DE MORA,ESCUELA,20000,21000,,,,,,,,,,,,,,,,,,,,,,,,,ESCUELA MARIA ANTONIETA ROSSI,MARIA ANTONIETA ROSSI,OD01961403,,,140163,ESTADAL,,INICIAL - PRIMARIA,,,,0,0,0,13,7,20,13,7,20,49,44,93,0,0,0,0,0,0,0,0,0,0,0,0,113,0,1,6,,,0,0,
195,ANTONIO PINTO SALINA,SANTA CRUZ DE MORA,ESCUELA,20000,21000,,,,,,,,,,,,,,,,,,,,,,,,,ESCUELA BELEN DE JESUS VARGAS,BELEN DE JESUS VARGAS,OD10691403,,,140159,ESTADAL,,,,,,0,0,0,6,3,9,6,3,9,14,15,29,0,0,0,0,0,0,0,0,0,0,0,0,38,0,1,0,0,0,0,0,
196,ANTONIO PINTO SALINA,SANTA CRUZ DE MORA,ESCUELA,20000,21000,,,,,,,,,,,,,,,,,,,,,,,,,ESCUELA NICOLAS ANTONIO RONDON,NICOLAS ANTONIO RONDON,OD10391403,,,141190,ESTADAL,,INICIAL - PRIMARIA,,MAÑANA,,0,0,0,8,9,17,8,9,17,29,47,76,0,0,0,0,0,0,0,0,0,0,0,0,93,0,1,6,,,0,0,
197,ANTONIO PINTO SALINA,SANTA CRUZ DE MORA,ESCUELA,20000,21000,,,,,,,,,,,,,,,,,,,,,,,,,HARRY ALMELA,HARRY ALMELA,OD10511403,,,140125,ESTADAL,,,,,,0,0,0,2,2,4,2,2,4,2,5,7,0,0,0,0,0,0,0,0,0,0,0,0,11,0,1,1,,,0,0,
198,ANTONIO PINTO SALINA,SANTA CRUZ DE MORA,ESCUELA,20000,21000,,,,,,,,,,,,,,,,,,,,,,,,,ESTANISLAO GUTIERREZ,ESTANISLAO GUTIERREZ,OD04811403,,,140160,ESTADAL,,,,,,0,0,0,1,2,3,1,2,3,8,16,24,0,0,0,0,0,0,0,0,0,0,0,0,27,0,1,6,,,0,0,
199,ANTONIO PINTO SALINA,SANTA CRUZ DE MORA,ESCUELA,20000,21000,,,,,,,,,,,,,,,,,,,,,,,,,JOSE MARIA ESPAÑA,JOSE MARIA ESPAÑA,OD04831403,,,140127,ESTADAL,,,,,,0,0,0,0,4,4,0,4,4,13,13,26,0,0,0,0,0,0,0,0,0,0,0,0,30,0,1,6,,,0,0,
200,ANTONIO PINTO SALINA,SANTA CRUZ DE MORA,ESCUELA,20000,21000,,,,,,,,,,,,,,,,,,,,,,,,,ESC. PEDRO ELIAS GUTIERREZ,PEDRO ELIAS GUTIERREZ,OD04801403,,,141442,ESTADAL,,INICIAL - PRIMARIA,,,,0,0,0,1,0,1,1,0,1,1,1,2,0,0,0,0,0,0,0,0,0,0,0,0,3,0,1,1,,,0,0,"{""primaria"":{""1U"":3},""preescolar"":{""U"":1}}"
201,ANTONIO PINTO SALINA,SANTA CRUZ DE MORA,ESCUELA,,21000,,,,,,,,,,,,,,,,,,,,,,,,,ROSA MARIA CONTRERAS,ROSA MARIA CONTRERAS,OD10491403,,,140123,ESTADAL,,INICIAL - PRIMARIA,,MAÑANA,,0,0,0,4,5,9,4,5,9,13,15,28,0,0,0,0,0,0,0,0,0,0,0,0,37,0,1,6,,,0,0,
202,ANTONIO PINTO SALINA,SANTA CRUZ DE MORA,ESCUELA,,21000,,,,,,,,,,,,,,,,,,,,,,,,,ESCUELA ROGER MARQUEZ,ROGER MARQUEZ,OD10561403,,,140136,ESTADAL,,,,,,0,0,0,0,0,0,0,0,0,5,4,9,0,0,0,0,0,0,0,0,0,0,0,0,9,0,0,5,,,0,0,
203,ANTONIO PINTO SALINA,SANTA CRUZ DE MORA,ESCUELA,20000,21000,,,,,,,,,,,,,,,,,,,,,,,,,JOSE GONZALO MORA ARAQUE,JOSE GONZALO MORA ARAQUE,OD10571403,,,140140,ESTADAL,,,,,,0,0,0,6,4,10,6,4,10,16,16,32,0,0,0,0,0,0,0,0,0,0,0,0,42,0,1,6,,,0,0,
204,ANTONIO PINTO SALINA,SANTA CRUZ DE MORA,ESCUELA,,21000,,,,,,,,,,,,,,,,,,,,,,,,,ESCUELA PEDRO JOSE CONTRERAS,PEDRO JOSE CONTRERAS,OD04821403,,,140134,ESTADAL,,,,,,0,0,0,3,4,7,3,4,7,7,6,13,0,0,0,0,0,0,0,0,0,0,0,0,20,0,1,6,,,0,0,
205,ANTONIO PINTO SALINA,SANTA CRUZ DE MORA,ESCUELA,20000,21000,,,,,,,,,,,,,,,,,,,,,,,,,ESCUELA VICTOR FERNANDEZ,VICTOR FERNANDEZ,OD10581403,,,140141,ESTADAL,,,,,,0,0,0,4,2,6,4,2,6,7,5,12,0,0,0,0,0,0,0,0,0,0,0,0,18,0,3,5,,,0,0,
206,ANTONIO PINTO SALINA,SANTA CRUZ DE MORA,ESCUELA,,21000,,,,,,,,,,,,,,,,,,,,,,,,,ESCUELA DEBORA GUTIERREZ,DEBORA GUTIERREZ,OD10551403,,,140135,ESTADAL,,,,,,0,0,0,0,0,0,0,0,0,14,19,33,0,0,0,0,0,0,0,0,0,0,0,0,33,0,0,1,0,0,0,0,
207,ANTONIO PINTO SALINA,SANTA CRUZ DE MORA,ESCUELA,20000,21000,,,,,,,,,,,,,,,,,,,,,,,,,ESCUELA CARMEN DE JESUS MOLINA,CARMEN DE JESUS MOLINA,OD10751403,,,140174,ESTADAL,,INICIAL - PRIMARIA,,MAÑANA,,0,0,0,2,4,6,2,4,6,9,15,24,0,0,0,0,0,0,0,0,0,0,0,0,30,0,1,5,,,0,0,
208,ANTONIO PINTO SALINA,SANTA CRUZ DE MORA,ESCUELA,20000,21000,,,,,,,,,,,,,,,,,,,,,,,,,ESCUELA MARIA TRINIDAD HERNANDEZ VELAZCO,MARIA TRINIDAD HERNANDEZ VELAZCO,OD10431403,,,141437,ESTADAL,,INICIAL - PRIMARIA,,MAÑANA,,0,0,0,1,3,4,1,3,4,12,13,25,0,0,0,0,0,0,0,0,0,0,0,0,29,0,1,6,0,0,0,0,
209,ANTONIO PINTO SALINA,SANTA CRUZ DE MORA,ESCUELA,,21000,,,,,,,,,,,,,,,,,,,,,,,,,ESCUELA JOSE AQUILES ROSALES,JOSE AQUILES ROSALES,OD10591403,,,140142,ESTADAL,,,,,,0,0,0,0,0,0,0,0,0,2,7,9,0,0,0,0,0,0,0,0,0,0,0,0,9,0,0,1,,,0,0,
210,ANTONIO PINTO SALINA,SANTA CRUZ DE MORA,ESCUELA,20000,21000,,,,,,,,,,,,,,,,,,,,,,,,,ESCUELA JOSE VICENTE CARRERO,JOSE VICENTE CARRERO,OD10741403,,,140173,ESTADAL,,INICIAL - PRIMARIA,,MAÑANA,,0,0,0,2,4,6,2,4,6,4,8,12,0,0,0,0,0,0,0,0,0,0,0,0,18,0,6,6,,,0,0,
211,ANTONIO PINTO SALINA,SANTA CRUZ DE MORA,ESCUELA,20000,21000,,,,,,,,,,,,,,,,,,,,,,,,,ESC.ANASTACIA MORA DE MORA,ANASTACIA MORA DE MORA,OD10711403,,,140162,ESTADAL,RURAL,INICIAL - PRIMARIA,,,,0,0,0,5,6,11,5,6,11,21,15,36,0,0,0,0,0,0,0,0,0,0,0,0,47,0,1,3,0,0,0,0,
212,ANTONIO PINTO SALINA,SANTA CRUZ DE MORA,ESCUELA,20000,21000,,,,,,,,,,,,,,,,,,,,,,,,,ESCUELA GUSTAVO JOSE SANTAROMITA,GUSTAVO JOSE SANTAROMITA,OD02181403,,,140170,ESTADAL,,INICIAL,,MAÑANA,,0,0,0,13,13,26,13,13,26,46,44,90,0,0,0,0,0,0,0,0,0,0,0,0,116,0,2,6,0,0,0,0,
213,ANTONIO PINTO SALINA,SANTA CRUZ DE MORA,ESCUELA,20000,21000,,,,,,,,,,,,,,,,,,,,,,,,,ESCUELA JULIAN PEREIRA,JULIAN PEREIRA,OD10531403,,,140128,ESTADAL,RURAL,INICIAL,,,,0,0,0,3,1,4,3,1,4,3,3,6,0,0,0,0,0,0,0,0,0,0,0,0,10,0,1,6,,,0,0,
214,ANTONIO PINTO SALINA,SANTA CRUZ DE MORA,ESCUELA,20000,21000,,,,,,,,,,,,,,,,,,,,,,,,,ESCUELA MORELLA MUÑOZ,MORELLA MUÑOZ,OD10441403,,,141443,ESTADAL,RURAL,INICIAL,,MAÑANA,,0,0,0,1,3,4,1,3,4,21,25,46,0,0,0,0,0,0,0,0,0,0,0,0,50,0,1,6,,,0,0,
215,ANTONIO PINTO SALINA,SANTA CRUZ DE MORA,ESCUELA,20000,21000,,,,,,,,,,,,,,,,,,,,,,,,,ESCUELA NELI INES ESCALANTE,NELI INES ESCALANTE,OD00411403,,,140148,ESTADAL,,,,,,0,0,0,11,11,22,11,11,22,23,30,53,0,0,0,0,0,0,0,0,0,0,0,0,75,0,1,6,0,0,0,0,
216,ANTONIO PINTO SALINA,SANTA CRUZ DE MORA,ESCUELA,,21000,,,,,,,,,,,,,,,,,,,,,,,,,JOSE RICARDO ARAQUE,JOSE RICARDO ARAQUE,OD10641403,,,140150,ESTADAL,,,,,,0,0,0,0,0,0,0,0,0,6,12,18,0,0,0,0,0,0,0,0,0,0,0,0,18,0,0,6,,,0,0,
217,ANTONIO PINTO SALINA,SANTA CRUZ DE MORA,ESCUELA,,21000,,,,,,,,,,,,,,,,,,,,,,,,,ESCUELA SANTO TOMAS DE AQUINO,SANTO TOMAS DE AQUINO,OD10651403,,,140152,ESTADAL,,,,,,0,0,0,0,0,0,0,0,0,0,3,3,0,0,0,0,0,0,0,0,0,0,0,0,3,0,0,6,0,0,0,0,
218,ANTONIO PINTO SALINA,SANTA CRUZ DE MORA,ESCUELA,,21000,,,,,,,,,,,,,,,,,,,,,,,,,HECTOR POLEO,HECTOR POLEO,OD10601403,,,140145,ESTADAL,,,,,,0,0,0,0,0,0,0,0,0,6,2,8,0,0,0,0,0,0,0,0,0,0,0,0,8,0,0,6,,,0,0,
219,ANTONIO PINTO SALINA,SANTA CRUZ DE MORA,ESCUELA,,21000,,,,,,,,,,,,,,,,,,,,,,,,,JOSE GREGORIO HERNANDEZ,JOSE GREGORIO HERNANDEZ,OD10631403,,,140149,ESTADAL,,,,,,0,0,0,0,0,0,0,0,0,4,5,9,0,0,0,0,0,0,0,0,0,0,0,0,9,0,0,6,0,0,0,0,
220,ANTONIO PINTO SALINA,SANTA CRUZ DE MORA,ESCUELA,20000,21000,,,,,,,,,,,,,,,,,,,,,,,,,ESC.MARIA AUXILIADORA CHACON,MARIA AUXILIADORA CHACON,OD10501403,,,140124,ESTADAL,,,,,,0,0,0,1,0,1,1,0,1,1,0,1,0,0,0,0,0,0,0,0,0,0,0,0,2,0,1,1,,,0,0,
221,ARICAGUA,ARICAGUA,ESCUELA,,21000,,,,,,,,,,,,,,,,,,,,,,,,,EL PLATANICAL,MANUEL BARILLAS,OD02461404,6970441,,140192,NACIONAL,,,,,,0,0,0,0,0,0,0,0,0,3,1,4,0,0,0,0,0,0,0,0,0,0,0,0,4,0,0,2,0,0,0,0,
222,ARICAGUA,ARICAGUA,ESCUELA,,21000,,,,,,,,,,,,,,,,,,,,,,,,,PUEBLO VIEJO,DIEGO DE NAVARRO,OD10941404,6970441,,140193,NACIONAL,,,,,,0,0,0,0,0,0,0,0,0,3,3,6,0,0,0,0,0,0,0,0,0,0,0,0,6,0,0,2,0,0,0,0,
223,ARICAGUA,ARICAGUA,ESCUELA,,21000,,,,,,,,,,,,,,,,,,,,,,,,,BUENOS AIRES,JOSE GREGORIO HERNANDEZ,OD10981404,6970441,,140197,NACIONAL,,,,,,0,0,0,0,0,0,0,0,0,4,1,5,0,0,0,0,0,0,0,0,0,0,0,0,5,0,0,2,0,0,0,0,
224,ARICAGUA,ARICAGUA,COMPLEJO EDUCATIVO,20000,21000,31059,,CIENCIAS,,,,,,,,,,,,,,,,,,,,,,COMPLEJO EDUCATIVO FRANCISCO UZCÁTEGUI DÁVILA,UNIDAD EDUCATIVA BOLIVARIANA FRANCISCO UZCÁTEGUI DÁVILA,S2996D1404,6564090,,140203,NACIONAL,,,,,,5,11,16,11,15,26,16,26,42,57,55,112,96,62,158,0,0,0,0,0,0,0,0,0,312,1,1,6,,,0,0,
225,ARICAGUA,ARICAGUA,ESCUELA,,21000,,,,,,,,,,,,,,,,,,,,,,,,,LOS AZULES,MONSEÑOR MIGUEL ANTONIO SALAS,OD10961404,6970441,,140195,NACIONAL,,,,,,0,0,0,0,0,0,0,0,0,9,1,10,0,0,0,0,0,0,0,0,0,0,0,0,10,0,0,3,0,0,0,0,
226,ARICAGUA,ARICAGUA,ESCUELA,,21000,,,,,,,,,,,,,,,,,,,,,,,,,LOS PALCHOS,PRESBÍTERO JOSÉ EUSTORGIO RIVAS TORRES,OD10991404,6970441,,140198,NACIONAL,,,,,,0,0,0,0,0,0,0,0,0,5,0,5,0,0,0,0,0,0,0,0,0,0,0,0,5,0,0,3,0,0,0,0,
227,ARICAGUA,ARICAGUA,ESCUELA,,21000,,,,,,,,,,,,,,,,,,,,,,,,,SANTA CRUZ DEL QUEMADO,LUIS MARIA ARAQUE,OD10971404,6970441,,140196,NACIONAL,,,,,,0,0,0,0,0,0,0,0,0,2,1,3,0,0,0,0,0,0,0,0,0,0,0,0,3,0,0,1,0,0,0,0,
228,ARICAGUA,ARICAGUA,ESCUELA,,21000,,,,,,,,,,,,,,,,,,,,,,,,,LA VARITA,CECILIA MUJICA,OD10901404,6970441,,140190,NACIONAL,,,,,,0,0,0,0,0,0,0,0,0,2,1,3,0,0,0,0,0,0,0,0,0,0,0,0,3,0,0,1,0,0,0,0,
229,ARICAGUA,ARICAGUA,COMPLEJO EDUCATIVO,20000,21000,31059,,CIENCIAS,,,,,,,,,,,,,,,,,,,,,,CAMPO ELIAS,JOSEFA DUGARTE,OD10931404,7950786,,140191,NACIONAL,,,,,,0,0,0,1,0,1,1,0,1,14,3,17,8,1,9,0,0,0,0,0,0,0,0,0,27,0,1,6,,,0,0,
230,ARICAGUA,ARICAGUA,ESCUELA,,21000,,,,,,,,,,,,,,,,,,,,,,,,,MUCUPUEN,JOSÉ ANTONIO ROJAS,OD11001404,6970441,,140199,NACIONAL,,,,,,0,0,0,0,0,0,0,0,0,4,1,5,0,0,0,0,0,0,0,0,0,0,0,0,5,0,0,2,0,0,0,0,
231,ARICAGUA,ARICAGUA,ESCUELA,20000,21000,,,,,,,,,,,,,,,,,,,,,,,,,MOCOMBOCO,MANUELA SAENZ,OD10921404,,,140190,ESTADAL,,,,,,0,0,0,4,4,8,4,4,8,6,11,17,0,0,0,0,0,0,0,0,0,0,0,0,25,0,1,6,,,0,0,
232,ARICAGUA,ARICAGUA,ESCUELA,20000,21000,,,,,,,,,,,,,,,,,,,,,,,,,HATO VIEJO,ANTONIO FEBRES CORDERO,OD10951404,,,140194,ESTADAL,,,,,,0,0,0,3,9,12,3,9,12,9,9,18,0,0,0,0,0,0,0,0,0,0,0,0,30,0,1,6,,,0,0,
233,ARICAGUA,ARICAGUA,ESCUELA,20000,21000,,,,,,,,,,,,,,,,,,,,,,,,,MOCOMBOQUITO,MARIANO PICON SALAS,OD11011404,,,140200,ESTADAL,,,,,,0,0,0,0,1,1,0,1,1,6,4,10,0,0,0,0,0,0,0,0,0,0,0,0,11,0,1,6,,,0,0,
234,ARICAGUA,ARICAGUA,ESCUELA,20000,21000,,,,,,,,,,,,,,,,,,,,,,,,,LOMITAS DEL CARRIZAL,ARTURO MICHELENA,OD11021404,,,140205,ESTADAL,,,,,,0,0,0,4,6,10,4,6,10,14,9,23,0,0,0,0,0,0,0,0,0,0,0,0,33,0,1,6,,,0,0,
235,ARICAGUA,ARICAGUA,ESCUELA,,21000,,,,,,,,,,,,,,,,,,,,,,,,,VEGA DE MUCUPUEN,TERESA DE LA PARRA,OD10851404,,,141837,ESTADAL,,,,,,0,0,0,0,0,0,0,0,0,2,2,4,0,0,0,0,0,0,0,0,0,0,0,0,4,0,0,6,,,0,0,
236,ARICAGUA,ARICAGUA,ESCUELA,20000,21000,,,,,,,,,,,,,,,,,,,,,,,,,SAN JOSE DE LAS TENDIDAS,SAN JOSÉ DE LAS TENDIDAS,OD10811404,,,141109,ESTADAL,,,,,,0,0,0,0,1,1,0,1,1,2,8,10,0,0,0,0,0,0,0,0,0,0,0,0,11,0,1,6,,,0,0,
237,ARICAGUA,ARICAGUA,ESCUELA,20000,21000,,,,,,,,,,,,,,,,,,,,,,,,,EL CAÑADON,MODESTA BOR,OD10821404,,,140110,ESTADAL,,,,,,0,0,0,2,0,2,2,0,2,7,11,18,0,0,0,0,0,0,0,0,0,0,0,0,20,0,1,6,,,0,0,
238,ARICAGUA,ARICAGUA,ESCUELA,,21000,,,,,,,,,,,,,,,,,,,,,,,,,LOS POTRERITOS,FRANCISCO ESPEJO,OD10911404,,,140188,ESTADAL,,,,,,0,0,0,0,0,0,0,0,0,3,3,6,0,0,0,0,0,0,0,0,0,0,0,0,6,0,0,6,,,0,0,
239,ARICAGUA,ARICAGUA,ESCUELA,,21000,,,,,,,,,,,,,,,,,,,,,,,,,EL CAUCHAL,LEONOR DE LA GUERRA,OD10861404,,,141838,ESTADAL,,,,,,0,0,0,0,0,0,0,0,0,4,4,8,0,0,0,0,0,0,0,0,0,0,0,0,8,0,0,6,0,0,0,0,
240,ARICAGUA,ARICAGUA,ESCUELA,20000,21000,,,,,,,,,,,,,,,,,,,,,,,,,EL ALTILLO,CESAR RENGIFO,OD11031404,,,140205,ESTADAL,,,,,,0,0,0,1,2,3,1,2,3,6,6,12,0,0,0,0,0,0,0,0,0,0,0,0,15,0,0,0,,,0,0,
241,ARICAGUA,ARICAGUA,ESCUELA,,21000,,,,,,,,,,,,,,,,,,,,,,,,,SANTA CRUZ DE CAMPO ELIAS,JUANA RAMIREZ,OD10891404,,,141841,ESTADAL,,,,,,0,0,0,0,0,0,0,0,0,2,2,4,0,0,0,0,0,0,0,0,0,0,0,0,4,0,0,6,0,0,0,0,
242,ARICAGUA,ARICAGUA,ESCUELA,,21000,,,,,,,,,,,,,,,,,,,,,,,,,SAN RAFAEL DE CAMPO ELIAS,SAN RAFAEL,OD10881404,,,141840,ESTADAL,,,,,,0,0,0,0,0,0,0,0,0,4,9,13,0,0,0,0,0,0,0,0,0,0,0,0,13,0,0,6,0,0,0,0,
243,ARICAGUA,ARICAGUA,ESCUELA,,21000,,,,,,,,,,,,,,,,,,,,,,,,,EL AMPARO,GABRIELA MISTRAL,OD15271404,,,141903,ESTADAL,,,,,,0,0,0,0,0,0,0,0,0,5,14,19,0,0,0,0,0,0,0,0,0,0,0,0,19,0,0,6,0,0,0,0,
244,ARZOBISPO CHACON,CANAGUA,ESCUELA,20000,21000,,,,,,,,,,,,,,,,,,,,,,,,,U.E ESTADO BARINAS,HERMELINDA NOGUERA,OD01441405,6563908,,140274,NACIONAL,,,,,,5,4,9,16,25,41,21,29,50,82,77,159,0,0,0,0,0,0,0,0,0,0,0,0,209,1,3,12,,,0,0,
245,ARZOBISPO CHACON,CANAGUA,ESCUELA,,21000,31059,MEDIA GENERAL,CIENCIAS,,,,,,,,,,,,,,,,,,,,,,C.B HECTOR GARCIA CHUECOS,DON NEPTALI NOGUERA MORA,S1358D1405,7911939,,140280,NACIONAL,,,,,,0,0,0,0,0,0,0,0,0,0,0,0,151,129,280,0,0,0,0,0,0,0,0,0,280,0,0,0,,,0,0,
246,ARZOBISPO CHACON,CAPURI,COMPLEJO EDUCATIVO,20000,21000,31059,,CIENCIAS,,,,,,,,,,,,,,,,,,,,,,U.E.B LAS TIENDAS,ALEJANDRA RAMIREZ,OD11171405,6970585,,140209,NACIONAL,,,,,,0,0,0,6,10,16,6,10,16,23,37,60,23,18,41,0,0,0,0,0,0,0,0,0,117,0,1,6,,,0,0,
247,ARZOBISPO CHACON,CHACANTA,COMPLEJO EDUCATIVO,20000,21000,31059,,CIENCIAS,,,,,,,,,,,,,,,,,,,,,,U.E.B ARCENIA GUERRERO DE CARRERO,ARCENIA GUERRERO DE CARRERO,OD01361405,6970555,,140278,NACIONAL,,,,,,3,1,4,10,12,22,13,13,26,34,21,55,43,29,72,0,0,0,0,0,0,0,0,0,153,1,1,6,,,0,0,
248,ARZOBISPO CHACON,CHACANTA,COMPLEJO EDUCATIVO,20000,21000,31059,,CIENCIAS,,,,,,,,,,,,,,,,,,,,,,E.BASICA NAC. LA MONTAÑA,APOLONIA GUERRERO,OD11191405,6970555,,140212,NACIONAL,,,,,,0,0,0,4,6,10,4,6,10,4,8,12,1,0,1,0,0,0,0,0,0,0,0,0,23,0,1,6,,,0,0,"{""preescolar"":{""U"":10}}"
249,ARZOBISPO CHACON,CHACANTA,LICEO,,,31059,MEDIA GENERAL,CIENCIAS,,,,,,,,,,,,,,,,,,,,,,LICEO ANGEL MARIA MOLINA,ANGEL MARIA MOLINA,OD16251405,6970555,,142248,NACIONAL,,,,,,0,0,0,0,0,0,0,0,0,0,0,0,22,15,37,0,0,0,0,0,0,0,0,0,37,0,0,0,,,0,0,
250,ARZOBISPO CHACON,EL MOLINO,COMPLEJO EDUCATIVO,20000,21000,31059,,CIENCIAS,,,,,,,,,,,,,,,,,,,,,,U.E.B EL MOLINO II,RAMON DIAZ SANCHEZ,S3635D1405,7932385,,140279,NACIONAL,,,,,,0,0,0,15,8,23,15,8,23,40,35,75,57,48,105,0,0,0,0,0,0,0,0,0,203,0,3,6,,,0,0,
251,ARZOBISPO CHACON,EL MOLINO,ESCUELA,20000,21000,,,,,,,,,,,,,,,,,,,,,,,,,U.E.B LA YE,JUAN LOVERA,OD01371405,6970585,,140223,NACIONAL,,,,,,0,0,0,1,3,4,1,3,4,9,10,19,0,0,0,0,0,0,0,0,0,0,0,0,23,0,1,5,41,,0,0,
252,ARZOBISPO CHACON,GUAIMARAL,ESCUELA,,21000,,,,,,,,,,,,,,,,,,,,,,,,,E. NAC LA MONTAÑA,ELPIDIO BRANDTT,OD11341405,6970553,,140228,NACIONAL,,,,,,0,0,0,0,0,0,0,0,0,2,3,5,0,0,0,0,0,0,0,0,0,0,0,0,5,0,0,6,0,0,0,0,
253,ARZOBISPO CHACON,GUAIMARAL,ESCUELA,,21000,,,,,,,,,,,,,,,,,,,,,,,,,E. NAC LA CUESTA,CAMPO ELIAS,OD11331405,6970553,,140229,NACIONAL,,,,,,0,0,0,0,0,0,0,0,0,4,3,7,0,0,0,0,0,0,0,0,0,0,0,0,7,0,0,6,0,0,0,0,
254,ARZOBISPO CHACON,MUCUCHACHI,ESCUELA,,21000,,,,,,,,,,,,,,,,,,,,,,,,,U.E.B EDO COJEDES,JESUS ENRIQUE LOSSADA,OD01591405,6563911,,140278,NACIONAL,,,,,,0,0,0,0,0,0,0,0,0,74,57,131,0,0,0,0,0,0,0,0,0,0,0,0,131,0,0,9,0,0,0,0,
255,ARZOBISPO CHACON,MUCUCHACHI,ESCUELA TECNICA,,,41049,AGROPECUARIA,CIENCIAS AGRÍCOLAS Y PECUARIAS,,,,,,,,,,,,,,,,,,,,,,ETA MUCUCHACHI,AGROPECUARIA MUCUCHACHI,T0714D1405,5643701,,140281,NACIONAL,,,,,,0,0,0,0,0,0,0,0,0,0,0,0,0,0,0,34,34,68,0,0,0,0,0,0,68,0,0,0,,,0,0,
256,ARZOBISPO CHACON,MUCUCHACHI,ESCUELA,20000,21000,,,,,,,,,,,,,,,,,,,,,,,,,NER 557,SANTA LUCIA,OD02881405,6970557,,140251,NACIONAL,,,,,,0,0,0,0,0,0,0,0,0,10,2,12,0,0,0,0,0,0,0,0,0,0,0,0,12,0,0,6,0,0,0,0,
257,ARZOBISPO CHACON,MUCUCHACHI,ESCUELA,20000,21000,,,,,,,,,,,,,,,,,,,,,,,,,NER 557,JACINTO PLAZA,OD03201405,6970557,,140253,NACIONAL,,,,,,0,0,0,0,1,1,0,1,1,2,3,5,0,0,0,0,0,0,0,0,0,0,0,0,6,0,1,6,0,0,0,0,
258,ARZOBISPO CHACON,MUCUCHACHI,ESCUELA,20000,21000,,,,,,,,,,,,,,,,,,,,,,,,,NER 557,JOSE DE LOS SANTOS MARQUINA,OD03191405,6970557,,140254,NACIONAL,,,,,,0,0,0,1,0,1,1,0,1,0,1,1,0,0,0,0,0,0,0,0,0,0,0,0,2,0,1,1,0,0,0,0,
259,ARZOBISPO CHACON,MUCUTUY,ESCUELA,,21000,,,,,,,,,,,,,,,,,,,,,,,,,ESCUELA MALDONADO LOPEZ,MALDONADO LOPEZ,OD04021405,6566020,,140277,NACIONAL,,,,,,0,0,0,0,0,0,0,0,0,51,62,113,0,0,0,0,0,0,0,0,0,0,0,0,113,0,0,6,0,0,0,0,
260,ARZOBISPO CHACON,MUCUTUY,LICEO,,,31059,,CIENCIAS,,,,,,,,,,,,,,,,,,,,,,LICEO PADRE MANUEL VARELA,PADRE MANUEL VARELA,S1828D1405,7916623,,140242,NACIONAL,,,,,,0,0,0,0,0,0,0,0,0,0,0,0,49,39,88,0,0,0,0,0,0,0,0,0,88,0,0,0,,,0,0,
261,ARZOBISPO CHACON,MUCUTUY,COMPLEJO EDUCATIVO,20000,21000,31059,,CIENCIAS,,,,,,,,,,,,,,,,,,,,,,NER MUCUTUY,GUILLERMINA FERNANDEZ,OD03211405,6942112,,140245,NACIONAL,,,,,,0,0,0,2,5,7,2,5,7,13,21,34,14,16,30,0,0,0,0,0,0,0,0,0,71,0,1,4,5,0,0,0,
262,ARZOBISPO CHACON,MUCUTUY,ESCUELA,,21000,,,,,,,,,,,,,,,,,,,,,,,,,NER MUCUTUY,SAN MIGUEL,OD02871405,6942112,,140241,NACIONAL,,,,,,0,0,0,0,0,0,0,0,0,8,10,18,0,0,0,0,0,0,0,0,0,0,0,0,18,0,0,6,0,0,0,0,
263,ARZOBISPO CHACON,MUCUTUY,ESCUELA,,21000,,,,,,,,,,,,,,,,,,,,,,,,,NER MUCUTUY,MARIA ADMITA,OD03221405,6942112,,140244,NACIONAL,,,,,,0,0,0,0,0,0,0,0,0,2,5,7,0,0,0,0,0,0,0,0,0,0,0,0,7,0,0,4,0,0,0,0,
264,ARZOBISPO CHACON,MUCUTUY,ESCUELA,,21000,,,,,,,,,,,,,,,,,,,,,,,,,NER MUCUTUY,JUAN EVANGELISTA,OD03231405,6942112,,141853,NACIONAL,,,,,,0,0,0,0,0,0,0,0,0,9,6,15,0,0,0,0,0,0,0,0,0,0,0,0,15,0,0,5,0,0,0,0,
265,ARZOBISPO CHACON,MUCUTUY,COMPLEJO EDUCATIVO,20000,21000,31059,,CIENCIAS,,,,,,,,,,,,,,,,,,,,,,NER MUCUTUY,VICENTE ROJAS,OD03241405,6942112,,140338,NACIONAL,,,,,,0,0,0,2,3,5,2,3,5,6,5,11,11,3,14,0,0,0,0,0,0,0,0,0,30,0,1,5,,,0,0,
266,ARZOBISPO CHACON,CANAGUA,ESCUELA,20000,21000,,,,,,,,,,,,,,,,,,,,,,,,,E.E B.RINCON,JOSE EUSTORGIO RIVAS,OD11441405,,,140273,ESTADAL,,,,,,0,0,0,10,6,16,10,6,16,25,36,61,0,0,0,0,0,0,0,0,0,0,0,0,77,0,1,6,0,0,0,0,
267,ARZOBISPO CHACON,CANAGUA,ESCUELA,20000,21000,,,,,,,,,,,,,,,,,,,,,,,,,E.E LA LAGUNA,CAMILO DEL CARMEN CONTRERAS,OD11041405,,,141156,ESTADAL,,,,,,0,0,0,2,1,3,2,1,3,6,11,17,0,0,0,0,0,0,0,0,0,0,0,0,20,0,2,12,0,0,0,0,
268,ARZOBISPO CHACON,CANAGUA,ESCUELA,20000,21000,,,,,,,,,,,,,,,,,,,,,,,,,E.E. RIO ARRIBA,ESTHER MARIA MORA MOLINA,OD11141405,,,140206,ESTADAL,,,,,,0,0,0,1,3,4,1,3,4,19,24,43,0,0,0,0,0,0,0,0,0,0,0,0,47,0,2,12,0,0,0,0,
269,ARZOBISPO CHACON,CANAGUA,ESCUELA,20000,21000,,,,,,,,,,,,,,,,,,,,,,,,,E.E. EL VALLE,BLANCA EMILCE RIVAS,OD00741405,,,141157,ESTADAL,,,,,,5,6,11,6,10,16,11,16,27,28,45,73,0,0,0,0,0,0,0,0,0,0,0,0,100,2,2,6,0,0,0,0,
270,ARZOBISPO CHACON,CAPURI,ESCUELA,20000,21000,,,,,,,,,,,,,,,,,,,,,,,,,E.E. RIO ABAJO,MODESTA BOR,OD11301405,,,140225,ESTADAL,,,,,,0,0,0,4,1,5,4,1,5,0,0,0,0,0,0,0,0,0,0,0,0,0,0,0,5,0,1,0,0,0,0,0,
271,ARZOBISPO CHACON,CAPURI,ESCUELA,20000,21000,,,,,,,,,,,,,,,,,,,,,,,,,E.E LAS MESITAS DE CAPURI,VICENTE LECUNA,OD11161405,,,140210,ESTADAL,,,,,,0,0,0,4,4,8,4,4,8,17,16,33,0,0,0,0,0,0,0,0,0,0,0,0,41,0,1,6,0,0,0,0,
272,ARZOBISPO CHACON,CAPURI,ESCUELA,20000,21000,,,,,,,,,,,,,,,,,,,,,,,,,E.E.LA MONTAÑA,CONCEPCIÓN MARIÑO,OD11181405,,,140211,ESTADAL,,,,,,0,0,0,7,3,10,7,3,10,11,10,21,0,0,0,0,0,0,0,0,0,0,0,0,31,0,1,6,0,0,0,0,
273,ARZOBISPO CHACON,CHACANTA,ESCUELA,,21000,,,,,,,,,,,,,,,,,,,,,,,,,E.E. LOMA DE LA CAÑA,EZEQUIEL DE JESÚS MOLINA CONTRERAS,OD15311405,,,141908,ESTADAL,,,,,,0,0,0,0,0,0,0,0,0,2,6,8,0,0,0,0,0,0,0,0,0,0,0,0,8,0,0,6,,,0,0,
274,ARZOBISPO CHACON,CHACANTA,ESCUELA,20000,21000,,,,,,,,,,,,,,,,,,,,,,,,,E.E MUCURANDA,FILOMENA MOLINA,OD11061405,,,141160,ESTADAL,,,,,,0,0,0,1,2,3,1,2,3,2,2,4,0,0,0,0,0,0,0,0,0,0,0,0,7,0,1,6,,,0,0,
275,ARZOBISPO CHACON,CHACANTA,ESCUELA,,21000,,,,,,,,,,,,,,,,,,,,,,,,,E.E EL CARRIZAL,FELICITA FLORES,OD11221405,,,140215,ESTADAL,,,,,,0,0,0,0,0,0,0,0,0,3,2,5,0,0,0,0,0,0,0,0,0,0,0,0,5,0,0,6,,,0,0,
276,ARZOBISPO CHACON,CHACANTA,ESCUELA,,21000,,,,,,,,,,,,,,,,,,,,,,,,,E.E EL GUAMAL,ADELIA MONTES,OD11231405,,,140216,ESTADAL,,,,,,0,0,0,0,0,0,0,0,0,5,4,9,0,0,0,0,0,0,0,0,0,0,0,0,9,0,0,6,,,0,0,
277,ARZOBISPO CHACON,CHACANTA,ESCUELA,,21000,,,,,,,,,,,,,,,,,,,,,,,,,E.E LA HACIENDA,ECOLASTICO ESCALONA,OD11251405,,,140219,ESTADAL,,,,,,0,0,0,0,0,0,0,0,0,2,6,8,0,0,0,0,0,0,0,0,0,0,0,0,8,0,0,6,0,0,0,0,
278,ARZOBISPO CHACON,CHACANTA,COMPLEJO EDUCATIVO,20000,21000,31059,,CIENCIAS,,,,,,,,,,,,,,,,,,,,,,E.E LOS UVITOS,ANA FELIX MOLINA,OD11241405,,,140218,ESTADAL,,,,,,0,0,0,4,9,13,4,9,13,15,21,36,9,8,17,0,0,0,0,0,0,0,0,0,66,0,1,6,4,0,0,0,
279,ARZOBISPO CHACON,CHACANTA,ESCUELA,20000,21000,,,,,,,,,,,,,,,,,,,,,,,,,E.E. MOCAYES,JUAN GERMAN ROSCIO,OD11271405,,,140521,ESTADAL,,,,,,0,0,0,5,5,10,5,5,10,15,12,27,0,0,0,0,0,0,0,0,0,0,0,0,37,0,1,12,0,0,0,0,"{""preescolar"":{""U"":10}}"
280,ARZOBISPO CHACON,CHACANTA,ESCUELA,,21000,,,,,,,,,,,,,,,,,,,,,,,,,E.E EL CHORRO,ELOISA CONTRERAS,OD11211405,,,140214,ESTADAL,,,,,,0,0,0,0,0,0,0,0,0,1,6,7,0,0,0,0,0,0,0,0,0,0,0,0,7,0,0,6,0,0,0,0,
281,ARZOBISPO CHACON,CHACANTA,ESCUELA,,21000,,,,,,,,,,,,,,,,,,,,,,,,,E.E EL PALMAR,IGNACIO ESCALANTE,OD11051405,,,141159,ESTADAL,,,,,,0,0,0,0,0,0,0,0,0,4,2,6,0,0,0,0,0,0,0,0,0,0,0,0,6,0,0,6,0,0,0,0,
282,ARZOBISPO CHACON,CHACANTA,ESCUELA,20000,21000,,,,,,,,,,,,,,,,,,,,,,,,,E.E LOS RASTROJOS,PASTOR CONTRERAS,OD11261405,,,140220,ESTADAL,,,,,,0,0,0,1,6,7,1,6,7,9,10,19,0,0,0,0,0,0,0,0,0,0,0,0,26,0,1,6,0,0,0,0,
283,ARZOBISPO CHACON,CHACANTA,ESCUELA,20000,21000,,,,,,,,,,,,,,,,,,,,,,,,,E.E EL URUMAL,BARBARA MORA,OD11101405,,,141849,ESTADAL,,,,,,0,0,0,2,2,4,2,2,4,2,4,6,0,0,0,0,0,0,0,0,0,0,0,0,10,0,1,6,0,0,0,0,
284,ARZOBISPO CHACON,EL MOLINO,ESCUELA,20000,21000,,,,,,,,,,,,,,,,,,,,,,,,,E.E LA QUEBRADA,-29654,OD11311405,,,140226,ESTADAL,,,,,,0,0,0,3,1,4,3,1,4,0,0,0,0,0,0,0,0,0,0,0,0,0,0,0,4,0,1,0,0,0,0,0,
285,ARZOBISPO CHACON,EL MOLINO,ESCUELA,20000,21000,,,,,,,,,,,,,,,,,,,,,,,,,E.E. EL SAISAYAL,ANTONIO RICAURTE,OD11281405,,,140222,ESTADAL,,,,,,0,0,0,3,4,7,3,4,7,0,0,0,0,0,0,0,0,0,0,0,0,0,0,0,7,0,1,0,0,0,0,0,
286,ARZOBISPO CHACON,EL MOLINO,ESCUELA,20000,21000,,,,,,,,,,,,,,,,,,,,,,,,,E.E. EL PLAYON,ARGELIA LAYA,OD11291405,,,140224,ESTADAL,,,,,,0,0,0,2,2,4,2,2,4,0,0,0,0,0,0,0,0,0,0,0,0,0,0,0,4,0,1,0,0,0,0,0,
287,ARZOBISPO CHACON,EL MOLINO,ESCUELA,20000,21000,,,,,,,,,,,,,,,,,,,,,,,,,E.E EL QUEBRADON,HECTOR POLEO,OD11321405,,,140227,ESTADAL,,,,,,0,0,0,3,1,4,3,1,4,4,7,11,0,0,0,0,0,0,0,0,0,0,0,0,15,0,1,6,0,0,0,0,
288,ARZOBISPO CHACON,GUAIMARAL,COMPLEJO EDUCATIVO,20000,21000,31059,,CIENCIAS,,,,,,,,,,,,,,,,,,,,,,E.E. LOS CUROS,JUANA RAMÍREZ,OD15221405,,,141158,ESTADAL,,,,,,0,0,0,1,2,3,1,2,3,3,3,6,10,7,17,0,0,0,0,0,0,0,0,0,26,0,1,6,4,0,0,0,
289,ARZOBISPO CHACON,GUAIMARAL,ESCUELA,,21000,,,,,,,,,,,,,,,,,,,,,,,,,E.E CUCHILLA DEL MEDIO,FRANCISCO ESPEJO,OD16021405,,,141977,ESTADAL,,,,,,0,0,0,0,0,0,0,0,0,3,3,6,0,0,0,0,0,0,0,0,0,0,0,0,6,0,0,6,0,0,0,0,
290,ARZOBISPO CHACON,GUAIMARAL,ESCUELA,,21000,,,,,,,,,,,,,,,,,,,,,,,,,E.E. LOS MESONES,FRANCISCO ESTEBAN GOMEZ,OD11381405,,,140234,ESTADAL,,,,,,0,0,0,0,0,0,0,0,0,8,4,12,0,0,0,0,0,0,0,0,0,0,0,0,12,0,0,12,0,0,0,0,
291,ARZOBISPO CHACON,GUAIMARAL,ESCUELA,,21000,,,,,,,,,,,,,,,,,,,,,,,,,"E,E EL SILECIO",BLANCA ESPERANZA SIERRA,OD11371405,,,140233,ESTADAL,,,,,,0,0,0,0,0,0,0,0,0,2,2,4,0,0,0,0,0,0,0,0,0,0,0,0,4,0,0,5,0,0,0,0,
292,ARZOBISPO CHACON,GUAIMARAL,ESCUELA,20000,21000,,,,,,,,,,,,,,,,,,,,,,,,,E.E EL CAÑADON,RAUL GUERRERO GARCÍA,OD11351405,,,140230,ESTADAL,,,,,,0,0,0,2,2,4,2,2,4,7,8,15,0,0,0,0,0,0,0,0,0,0,0,0,19,0,1,6,0,0,0,0,
293,ARZOBISPO CHACON,GUAIMARAL,ESCUELA,,21000,,,,,,,,,,,,,,,,,,,,,,,,,E.E. LA LOMA,JACINTO CONVIT,OD11361405,,,140231,ESTADAL,,,,,,0,0,0,0,0,0,0,0,0,2,4,6,0,0,0,0,0,0,0,0,0,0,0,0,6,0,0,12,0,0,0,0,
294,ARZOBISPO CHACON,GUAIMARAL,ESCUELA,,21000,,,,,,,,,,,,,,,,,,,,,,,,,E.E LA FUNDACION,LEONOR DE LA GUERRA,OD16031405,,,140238,ESTADAL,,,,,,0,0,0,0,0,0,0,0,0,2,1,3,0,0,0,0,0,0,0,0,0,0,0,0,3,0,0,6,0,0,0,0,
295,ARZOBISPO CHACON,GUAIMARAL,ESCUELA,,21000,,,,,,,,,,,,,,,,,,,,,,,,,E.E. EL ENCIERRO,TERESA DE LA PARRA,OD11411405,,,140239,ESTADAL,,,,,,0,0,0,0,0,0,0,0,0,5,3,8,0,0,0,0,0,0,0,0,0,0,0,0,8,0,0,5,0,0,0,0,
296,ARZOBISPO CHACON,GUAIMARAL,ESCUELA,,21000,,,,,,,,,,,,,,,,,,,,,,,,,E.E SORTIFRAN ARRIBA,46165,OD11451405,,,140238,ESTADAL,,,,,,0,0,0,0,0,0,0,0,0,9,5,14,0,0,0,0,0,0,0,0,0,0,0,0,14,0,0,12,0,0,0,0,
297,ARZOBISPO CHACON,GUAIMARAL,ESCUELA,,21000,,,,,,,,,,,,,,,,,,,,,,,,,E.E. EL ENCIERRO,TERESA DE LA PARRA,OD11401405,,,140239,ESTADAL,,,,,,0,0,0,0,0,0,0,0,0,5,5,10,0,0,0,0,0,0,0,0,0,0,0,0,10,0,0,6,0,0,0,0,
298,ARZOBISPO CHACON,GUAIMARAL,COMPLEJO EDUCATIVO,20000,21000,31059,,CIENCIAS,,,,,,,,,,,,,,,,,,,,,,E.E EL VIENTO,MARIANO PICÓN SALAS,OD01351405,,,141155,ESTADAL,,,,,,0,0,0,5,3,8,5,3,8,4,9,13,8,3,11,0,0,0,0,0,0,0,0,0,32,0,1,6,4,0,0,0,
299,ARZOBISPO CHACON,MUCUCHACHI,ESCUELA,20000,21000,,,,,,,,,,,,,,,,,,,,,,,,,E.E LA ENSILLADA,GABRIEL BRACHO,OD11421405,,,140252,ESTADAL,,,,,,0,0,0,0,0,0,0,0,0,7,7,14,0,0,0,0,0,0,0,0,0,0,0,0,14,0,0,6,,,0,0,
300,ARZOBISPO CHACON,MUCUCHACHI,ESCUELA,,21000,,,,,,,,,,,,,,,,,,,,,,,,,E.E LA LOMITA,CIPRIANO CASTRO,OD04551405,,,142003,ESTADAL,,,,,,0,0,0,0,0,0,0,0,0,5,3,8,0,0,0,0,0,0,0,0,0,0,0,0,8,0,0,6,,,0,0,
301,ARZOBISPO CHACON,MUCUCHACHI,ESCUELA,,21000,,,,,,,,,,,,,,,,,,,,,,,,,E.E LA PALMITA,VICENTE SALIAS,OD04641405,,,140264,ESTADAL,,,,,,0,0,0,0,0,0,0,0,0,6,2,8,0,0,0,0,0,0,0,0,0,0,0,0,8,0,0,6,0,0,0,0,
302,ARZOBISPO CHACON,MUCUCHACHI,ESCUELA,,21000,,,,,,,,,,,,,,,,,,,,,,,,,E.E EL VERDOZAL,PULIDO MENDEZ,OD04541405,,,140261,ESTADAL,,,,,,0,0,0,0,0,0,0,0,0,2,2,4,0,0,0,0,0,0,0,0,0,0,0,0,4,0,0,6,,,0,0,
303,ARZOBISPO CHACON,MUCUCHACHI,ESCUELA,,21000,,,,,,,,,,,,,,,,,,,,,,,,,E.E SANTA ROSA,SANTA ROSA,OD04611405,,,140266,ESTADAL,,,,,,0,0,0,0,0,0,0,0,0,4,7,11,0,0,0,0,0,0,0,0,0,0,0,0,11,0,0,12,,,0,0,
304,ARZOBISPO CHACON,MUCUCHACHI,ESCUELA,,21000,,,,,,,,,,,,,,,,,,,,,,,,,E.E EL PORTACHUELO,BATALLA DE LA VICTORIA DE 1814,OD04491405,,,140269,ESTADAL,,,,,,0,0,0,0,0,0,0,0,0,10,4,14,0,0,0,0,0,0,0,0,0,0,0,0,14,0,0,6,,,0,0,
305,ARZOBISPO CHACON,MUCUCHACHI,ESCUELA,,21000,,,,,,,,,,,,,,,,,,,,,,,,,E.E MOCOTONE,ALI PRIMERA,OD04631405,,,140358,ESTADAL,,,,,,0,0,0,0,0,0,0,0,0,2,4,6,0,0,0,0,0,0,0,0,0,0,0,0,6,0,0,6,,,0,0,
306,ARZOBISPO CHACON,MUCUCHACHI,ESCUELA,20000,21000,,,,,,,,,,,,,,,,,,,,,,,,,E.E SANTA INES,SANTA INES,OD04501405,,,140267,ESTADAL,,,,,,0,0,0,1,1,2,1,1,2,7,2,9,0,0,0,0,0,0,0,0,0,0,0,0,11,0,2,12,0,0,0,0,
307,ARZOBISPO CHACON,MUCUCHACHI,ESCUELA,20000,21000,,,,,,,,,,,,,,,,,,,,,,,,,E.E OTOPUM,OTOPUM,OD04481405,,,140262,ESTADAL,,,,,,0,0,0,1,0,1,1,0,1,6,5,11,0,0,0,0,0,0,0,0,0,0,0,0,12,0,1,6,0,0,0,0,
308,ARZOBISPO CHACON,MUCUCHACHI,ESCUELA,20000,21000,,,,,,,,,,,,,,,,,,,,,,,,,E.E TIERRA LOSA,RAFAEL RANGEL,OD04591405,,,140206,ESTADAL,,,,,,0,0,0,1,2,3,1,2,3,7,3,10,0,0,0,0,0,0,0,0,0,0,0,0,13,0,2,12,0,0,0,0,
309,ARZOBISPO CHACON,MUCUCHACHI,ESCUELA,,21000,,,,,,,,,,,,,,,,,,,,,,,,,E.E EL CURO,EL CURO,OD11431405,,,140267,ESTADAL,,,,,,0,0,0,0,0,0,0,0,0,2,6,8,0,0,0,0,0,0,0,0,0,0,0,0,8,0,0,6,0,0,0,0,
310,ARZOBISPO CHACON,MUCUCHACHI,ESCUELA,20000,21000,,,,,,,,,,,,,,,,,,,,,,,,,E.E EL GUALI,AQUILES NAZOA,OD04531405,,,140271,ESTADAL,,,,,,0,0,0,2,0,2,2,0,2,3,3,6,0,0,0,0,0,0,0,0,0,0,0,0,8,0,2,6,0,0,0,0,
311,ARZOBISPO CHACON,MUCUCHACHI,ESCUELA,,21000,,,,,,,,,,,,,,,,,,,,,,,,,E.E AGUA BLANCA,JOSE MARIA VARGAS,OD04511405,,,140256,ESTADAL,,,,,,0,0,0,0,0,0,0,0,0,2,2,4,0,0,0,0,0,0,0,0,0,0,0,0,4,0,0,3,0,0,0,0,
312,ARZOBISPO CHACON,MUCUCHACHI,ESCUELA,20000,21000,,,,,,,,,,,,,,,,,,,,,,,,,E.E EL NARANJO,GETULIO AGOSTINI,OD04581405,,,140263,ESTADAL,,,,,,0,0,0,2,1,3,2,1,3,2,6,8,0,0,0,0,0,0,0,0,0,0,0,0,11,0,1,6,0,0,0,0,
313,ARZOBISPO CHACON,MUCUTUY,ESCUELA,,21000,,,,,,,,,,,,,,,,,,,,,,,,,E.E LA VEGA,JOSE MANUEL SISO,OD03291405,,,140247,ESTADAL,,,,,,0,0,0,0,0,0,0,0,0,5,8,13,0,0,0,0,0,0,0,0,0,0,0,0,13,0,0,7,0,0,0,0,
314,ARZOBISPO CHACON,MUCUTUY,ESCUELA,,21000,,,,,,,,,,,,,,,,,,,,,,,,,E.E MUCUTUICITO,MANUEL CABALLERO,OD03271405,,,140250,ESTADAL,,,,,,0,0,0,0,0,0,0,0,0,1,2,3,0,0,0,0,0,0,0,0,0,0,0,0,3,0,0,5,0,0,0,0,
315,ARZOBISPO CHACON,MUCUTUY,ESCUELA,,21000,,,,,,,,,,,,,,,,,,,,,,,,,E.E EL REVENTON,TECLA ARTEMISIA MOSTESSORI,OD03301405,,,140246,ESTADAL,,,,,,0,0,0,0,0,0,0,0,0,5,11,16,0,0,0,0,0,0,0,0,0,0,0,0,16,0,0,7,0,0,0,0,"{""primaria"":{""5U"":2,""3U"":2,""6U"":3,""1A"":1,""2U"":4}}"
316,ARZOBISPO CHACON,MUCUTUY,ESCUELA,,21000,,,,,,,,,,,,,,,,,,,,,,,,,E.E. MUCURIZA,ARMANDO REVERON,OD03281405,,,140248,ESTADAL,,,,,,0,0,0,0,0,0,0,0,0,3,4,7,0,0,0,0,0,0,0,0,0,0,0,0,7,0,0,5,0,0,0,0,
317,ARZOBISPO CHACON,MUCUTUY,ESCUELA,,21000,,,,,,,,,,,,,,,,,,,,,,,,,E.E MUCUCHARANI,HILARION ALTUVE ZERPA,OD03261405,,,140249,ESTADAL,,,,,,0,0,0,0,0,0,0,0,0,13,21,34,0,0,0,0,0,0,0,0,0,0,0,0,34,0,0,6,0,0,0,0,
318,ARZOBISPO CHACON,MUCUTUY,ESCUELA,20000,21000,,,,,,,,,,,,,,,,,,,,,,,,,E.E LA VEGUILLA,UDON PEREZ,OD03251405,,,140243,ESTADAL,,,,,,0,0,0,2,11,13,2,11,13,8,21,29,0,0,0,0,0,0,0,0,0,0,0,0,42,0,1,6,0,0,0,0,
319,CAMPO ELIAS,ACEQUIAS,COMPLEJO EDUCATIVO,20000,21000,31059,,CIENCIAS,41048,AGROPECUARIA,ECOTURISMO,,,,,,,,,,,,,,,,,,,NER 557 SAN JOSE Y ACEQUIAS,MARIA DE LOS REYES ROJAS ROJAS,OD11831406,6970577,,140337,NACIONAL,,,,,,2,0,2,4,4,8,6,4,10,16,5,21,9,13,22,1,1,2,0,0,0,0,0,0,55,1,1,1,22,2,0,0,
320,CAMPO ELIAS,IGNACIO FERNANDEZ PEÑA,PREESCOLAR,20000,,,,,,,,,,,,,,,,,,,,,,,,,,P E EL CENTERNARIO,MARIA HORTENSIA ZERPA UZCATEGUI,OD01251406,4103294,,140285,NACIONAL,,,,,,0,0,0,28,42,70,28,42,70,0,0,0,0,0,0,0,0,0,0,0,0,0,0,0,70,0,70,0,,,0,0,
321,CAMPO ELIAS,IGNACIO FERNANDEZ PEÑA,ESCUELA,20000,21000,,,,,,,,,,,,,,,,,,,,,,,,,UEB POZO HONDO,PEDRO PABLO RODRIGUEZ FLORES,OD11671406,6590200,,140284,NACIONAL,,,,,,0,0,0,18,13,31,18,13,31,45,82,127,0,0,0,0,0,0,0,0,0,0,0,0,158,0,3,6,0,0,0,0,
322,CAMPO ELIAS,IGNACIO FERNANDEZ PEÑA,ESCUELA,20000,21000,,,,,,,,,,,,,,,,,,,,,,,,,E B-MONSEÑOR DUQUE / JI-MONSE/OR DUQUE,MONSEÑOR DUQUE,OD01391406,7934210,4107127,140289,NACIONAL,,,,,,0,0,0,5,7,12,5,7,12,67,73,140,0,0,0,0,0,0,0,0,0,0,0,0,152,0,2,12,,,0,0,
323,CAMPO ELIAS,IGNACIO FERNANDEZ PEÑA,LICEO,,,31060,,TECNOLOGIA E INOVACION,,,,,,,,,,,,,,,,,,,,,,EB SAN JOSE,ISABEL BRICEÑO DE FORNEZ,S3877D1406,7950137,6589679,141137,NACIONAL,,,,,,0,0,0,0,0,0,0,0,0,0,0,0,92,98,190,0,0,0,0,0,0,0,0,0,190,0,0,0,,,0,0,
324,CAMPO ELIAS,IGNACIO FERNANDEZ PEÑA,ESCUELA,20000,21000,,,,,,,,,,,,,,,,,,,,,,,,,NER NUC ESC RURAL N 021,EZEQUIEL ZAMORA,OD11691406,6970021,,140291,NACIONAL,,,,,,4,7,11,13,14,27,17,21,38,9,14,23,0,0,0,0,0,0,0,0,0,0,0,0,61,1,3,6,,,0,0,
325,CAMPO ELIAS,IGNACIO FERNANDEZ PEÑA,ESCUELA,20000,21000,,,,,,,,,,,,,,,,,,,,,,,,,NER - NUC N 490,RESURRECCION ARAQUE,OD11651406,6970490,,140282,NACIONAL,,,,,,0,2,2,2,4,6,2,6,8,18,11,29,0,0,0,0,0,0,0,0,0,0,0,0,37,1,1,7,,,0,0,
326,CAMPO ELIAS,JAJI,ESCUELA,20000,21000,,,,,,,,,,,,,,,,,,,,,,,,,ESC-JAJI / JI-JAJI,JUSTINA PAREDES VIELMA,OD01301406,6564810,4104830,140343,NACIONAL,,,,,,0,0,0,7,6,13,7,6,13,46,43,89,0,0,0,0,0,0,0,0,0,0,0,0,102,0,2,6,,,0,0,
327,CAMPO ELIAS,JAJI,LICEO,,,31059,,CIENCIAS,31060,,CIENCIA Y TECNOLOGIA,,,,,,,,,,,,,,,,,,,U.E. DR JOSE MIGUEL MONAGAS,DOCTOR JOSE MIGUEL MONAGAS,S1776D1406,7918745,,140341,NACIONAL,,,,,,0,0,0,0,0,0,0,0,0,0,0,0,64,70,134,0,0,0,0,0,0,0,0,0,134,0,0,0,,,0,0,
328,CAMPO ELIAS,JAJI,ESCUELA,,,41049,AGROPECUARIA,CIENCIAS AGRÍCOLAS Y PECUARIAS,,,,,,,,,,,,,,,,,,,,,,E.G. MISTAJA,MISTAJA,T0715D1406,6580010,,140352,NACIONAL,,,,,,0,0,0,0,0,0,0,0,0,0,0,0,0,0,0,7,10,17,0,0,0,0,0,0,17,0,0,0,0,17,0,0,
329,CAMPO ELIAS,LA MESA,COMPLEJO EDUCATIVO,20000,21000,31059,,CIENCIAS,31060,,CIENCIA Y TECNOLOGIA,,,,,,,,,,,,,,,,,,,ESC-JULIO CESAR DAVILA / JI-JULIO C DAVILA,JULIO CESAR DAVILA,S2958D1406,6565610,4105830,140354,NACIONAL,,,,,,6,4,10,19,20,39,25,24,49,76,87,163,55,74,129,0,0,0,0,0,0,0,0,0,341,1,3,8,,,0,0,
330,CAMPO ELIAS,LA MESA,ESCUELA,20000,21000,,,,,,,,,,,,,,,,,,,,,,,,,NER - NUC N 490,ANA MARIA CAMPOS,OD11931406,6970490,,140355,NACIONAL,,,,,,1,2,3,4,4,8,5,6,11,12,15,27,0,0,0,0,0,0,0,0,0,0,0,0,38,1,1,6,,,0,0,
331,CAMPO ELIAS,LA MESA,ESCUELA,20000,21000,,,,,,,,,,,,,,,,,,,,,,,,,UEB LA VEGA DE LAS GONZALEZ,DIGNA ROSA ANGARITA BENITEZ,OD01521406,7950170,,140361,NACIONAL,,,,,,0,0,0,5,2,7,5,2,7,17,29,46,0,0,0,0,0,0,0,0,0,0,0,0,53,0,1,6,,,0,0,"{""primaria"":{""1U"":6,""6U"":6}}"
332,CAMPO ELIAS,LA MESA,ESCUELA,20000,21000,,,,,,,,,,,,,,,,,,,,,,,,,NER - NUC N 490 UEB BERTHA C. ORTIZ OVIEDO,BERTHA CORINA ORTIZ OVIEDO,OD11961406,6970490,,140362,NACIONAL,,,,,,0,0,0,4,1,5,4,1,5,8,19,27,0,0,0,0,0,0,0,0,0,0,0,0,32,0,1,6,,,0,0,
333,CAMPO ELIAS,MATRIZ,LICEO,,,31059,,CIENCIAS,31060,,CIENCIA Y TECNOLOGIA,,,,,,,,,,,,,,,,,,,EBC EJIDO II,JUAN FELIX SANCHEZ,S3979D1406,7932353,,140293,NACIONAL,,,,,,0,0,0,0,0,0,0,0,0,0,0,0,287,300,587,0,0,0,0,0,0,0,0,0,587,0,0,0,,,0,0,
334,CAMPO ELIAS,MATRIZ,CENTRO DE EDUCACION INCIAL,20000,,,,,,,,,,,,,,,,,,,,,,,,,,CEIB YUBAN ORTEGA,YUBAN ORTEGA,OD17611406,4170653,,142160,NACIONAL,,,,,,5,7,12,20,21,41,25,28,53,0,0,0,0,0,0,0,0,0,0,0,0,0,0,0,53,1,3,0,,,0,0,
335,CAMPO ELIAS,MATRIZ,ESCUELA,20000,21000,,,,,,,,,,,,,,,,,,,,,,,,,UE SAN MIGUEL / EB SAN MIGUEL,BLANCA ESPERANZA SIERRA,OD01341406,7950136,6787039,141859,NACIONAL,,,,,,3,3,6,5,11,16,8,14,22,97,112,209,0,0,0,0,0,0,0,0,0,0,0,0,231,1,2,12,,,0,0,
336,CAMPO ELIAS,MATRIZ,PREESCOLAR,20000,,,,,,,,,,,,,,,,,,,,,,,,,,SAN MIGUEL DE EJIDO,EUDYS DIONICIA MONTILLA,OD01281406,4108855,,140304,NACIONAL,,,,,,8,12,20,33,35,68,41,47,88,0,0,0,0,0,0,0,0,0,0,0,0,0,0,0,88,1,4,0,0,0,0,0,
337,CAMPO ELIAS,MATRIZ,ESCUELA,,21000,,,,,,,,,,,,,,,,,,,,,,,,,A A EDELMIRA QUINTERO DE LOBO,JHON DE JESUS GONZALEZ,OD01601406,6589641,,141729,NACIONAL,,,,,,0,0,0,0,0,0,0,0,0,126,138,264,0,0,0,0,0,0,0,0,0,0,0,0,264,0,0,12,,,0,0,
338,CAMPO ELIAS,MATRIZ,CENTRO DE EDUCACION INCIAL,20000,,,,,,,,,,,,,,,,,,,,,,,,,,CEIB SAN RAFAEL,RAFAEL URDANETA,OD17091406,4170651,,142230,NACIONAL,,,,,,0,0,0,23,39,62,23,39,62,0,0,0,0,0,0,0,0,0,0,0,0,0,0,0,62,0,3,0,0,0,0,0,
339,CAMPO ELIAS,MATRIZ,COMPLEJO EDUCATIVO,20000,21000,31059,,CIENCIAS,31060,,CIENCIA Y TECNOLOGIA,,,,,,,,,,,,,,,,,,,UE DR BENAIM PINTO,DR GONZALO BENAIM PINTO,OD00571406,7950165,,140298,NACIONAL,,,,,,4,5,9,11,9,20,15,14,29,41,35,76,64,57,121,0,0,0,0,0,0,0,0,0,226,1,1,6,,,0,0,
340,CAMPO ELIAS,MATRIZ,CENTRO DE EDUCACION INCIAL,20000,,,,,,,,,,,,,,,,,,,,,,,,,,CEIB SAN RAFAEL,BELEN SAN JUAN COLINA,OD17291406,4170651,,142161,NACIONAL,,,,,,9,13,22,32,24,56,41,37,78,0,0,0,0,0,0,0,0,0,0,0,0,0,0,0,78,22,56,0,,,0,0,
341,CAMPO ELIAS,MATRIZ,LICEO,,,31060,,TECNOLOGIA E INOVACION,,,,,,,,,,,,,,,,,,,,,,NER NUC ESC RURAL N 021,MONSEÑOR JOSÉ ESCOLÁSTICO DUQUE,OD16291406,6970021,,142037,NACIONAL,,,,,,0,0,0,0,0,0,0,0,0,0,0,0,132,125,257,0,0,0,0,0,0,0,0,0,257,0,0,0,,,0,0,
342,CAMPO ELIAS,MATRIZ,PREESCOLAR,20000,,,,,,,,,,,,,,,,,,,,,,,,,,PE RURAL ESCOLAR 530,46307,OD11461406,4110530,,141135,NACIONAL,,,,,,6,10,16,52,48,100,58,58,116,0,0,0,0,0,0,0,0,0,0,0,0,0,0,0,116,1,5,0,,,0,0,
343,CAMPO ELIAS,MATRIZ,ESCUELA,,21000,,,,,,,,,,,,,,,,,,,,,,,,,ESC  19 DE ABRIL,-32762,OD01331406,6565808,,141403,NACIONAL,,,,,,0,0,0,0,0,0,0,0,0,129,123,252,0,0,0,0,0,0,0,0,0,0,0,0,252,0,0,12,,,0,0,
344,CAMPO ELIAS,MATRIZ,ESCUELA,20000,21000,,,,,,,,,,,,,,,,,,,,,,,,,UEB LOS GUAIMAROS,LOS GUAIMAROS,OD11711406,6590195,,140295,NACIONAL,,,,,,6,5,11,20,27,47,26,32,58,50,59,109,0,0,0,0,0,0,0,0,0,0,0,0,167,1,4,6,,,0,0,
345,CAMPO ELIAS,MATRIZ,ESCUELA,20000,21000,,,,,,,,,,,,,,,,,,,,,,,,,NER NUC ESC RURAL N 021,ANTONIO JOSE DE SUCRE,OD16091406,6970021,,141975,NACIONAL,,,,,,0,0,0,7,16,23,7,16,23,37,40,77,0,0,0,0,0,0,0,0,0,0,0,0,100,0,2,6,,,0,0,
346,CAMPO ELIAS,MATRIZ,ESCUELA,,21000,,,,,,,,,,,,,,,,,,,,,,,,,G-E CAMPO ELIAS / A A-AMPO ELIAS,CAMPO ELIAS,OD01531406,6732240,6511670,141359,NACIONAL,,,,,,0,0,0,0,0,0,0,0,0,232,236,468,0,0,0,0,0,0,0,0,0,0,0,0,468,0,0,28,,,0,0,"{""primaria"":{""3C"":21}}"
347,CAMPO ELIAS,MATRIZ,PREESCOLAR,20000,,,,,,,,,,,,,,,,,,,,,,,,,,J.I. CAMPO ELIAS,ANTONIO ARMANDO PICÓN CÁRDENAS,OD01261406,4101470,,141141,NACIONAL,,,,,,0,0,0,33,42,75,33,42,75,0,0,0,0,0,0,0,0,0,0,0,0,0,0,0,75,0,7,0,0,0,0,0,
348,CAMPO ELIAS,MATRIZ,ESCUELA,,21000,43298,INDUSTRIAL,TELEMATICA,46067,ECONOMÍA SOCIAL,ADMINISTRACIÓN,46070,ECONOMÍA SOCIAL,CONTABILIDAD,46071,ECONOMÍA SOCIAL,TURISMO,,,,,,,,,,,,,ETCRN JOSE R G SUAREZ,RICARDO GUILLEN SUAREZ,S1725D1406,7912132,,140312,NACIONAL,,,,,,0,0,0,0,0,0,0,0,0,0,0,0,0,0,0,474,440,914,0,0,0,0,0,0,914,0,0,0,,,0,0,
349,CAMPO ELIAS,MONTALBAN,PREESCOLAR,20000,,,,,,,,,,,,,,,,,,,,,,,,,,FUND. NAC EL NIÑO SIMON,ANTONIO JOSE FEBRES CORDERO,OD04131406,6590694,,140329,NACIONAL,,,,,,31,25,56,63,58,121,94,83,177,0,0,0,0,0,0,0,0,0,0,0,0,0,0,0,177,2,4,0,,,0,0,
350,CAMPO ELIAS,MONTALBAN,COMPLEJO EDUCATIVO,20000,21000,31059,,CIENCIAS,45041,SALUD,ENFERMERÍA,45045,SALUD,LABORATORIO CLÍNICO,,,,,,,,,,,,,,,,CB-EJIDO,ALI RODRIGUEZ ARAQUE,S0718D1406,7915810,,140314,NACIONAL,,,,,,0,0,0,0,0,0,0,0,0,0,0,0,116,178,294,287,182,469,0,0,0,0,0,0,763,0,0,0,,,0,0,
351,CAMPO ELIAS,MONTALBAN,LICEO,,,31060,,TECNOLOGIA E INOVACION,,,,,,,,,,,,,,,,,,,,,,CB- PROFE JOSE E ARIAS,JOSE ENRIQUE ARIAS,S1965D1406,7915813,,140331,NACIONAL,,,,,,0,0,0,0,0,0,0,0,0,0,0,0,311,328,639,0,0,0,0,0,0,0,0,0,639,0,0,0,,,0,0,
352,CAMPO ELIAS,MONTALBAN,ESCUELA,,21000,,,,,,,,,,,,,,,,,,,,,,,,,ESC MONSEÑOR JAUREGUI,MONSEÑOR JAUREGUI,OD01461406,6566525,,140323,NACIONAL,,,,,,0,0,0,0,0,0,0,0,0,312,324,636,0,0,0,0,0,0,0,0,0,0,0,0,636,0,0,30,,,0,0,
353,CAMPO ELIAS,MONTALBAN,PREESCOLAR,20000,,,,,,,,,,,,,,,,,,,,,,,,,,JI TIBISAY MORENO,TIBISAY MORENO,OD03061406,4109220,,140327,NACIONAL,,,,,,7,13,20,41,35,76,48,48,96,0,0,0,0,0,0,0,0,0,0,0,0,0,0,0,96,1,6,0,,,0,0,
354,CAMPO ELIAS,MONTALBAN,LICEO,,,,,,,,,,,,,,,,,,,,,,,,,,,CCB-EJIDO,SIMÓN BOLÍVAR,ON11571406,7915811,,141746,NACIONAL,,,,,,0,0,0,0,0,0,0,0,0,0,0,0,0,0,0,0,0,0,0,0,0,0,0,0,0,0,0,0,,,0,0,
355,CAMPO ELIAS,MONTALBAN,PREESCOLAR,20000,,,,,,,,,,,,,,,,,,,,,,,,,,CPE - GN MARISCAL AYACUCHO / CPE -G MARISCAL AYACUCHO,NELLY TERESA MEJIAS,OD01271406,6530039,6530119,140326,NACIONAL,,,,,,0,0,0,56,61,117,56,61,117,0,0,0,0,0,0,0,0,0,0,0,0,0,0,0,117,0,8,0,0,0,0,0,
356,CAMPO ELIAS,MONTALBAN,ESCUELA,,21000,,,,,,,,,,,,,,,,,,,,,,,,,EB D EDELMIRA QUINTERO DL,EDELMIRA QUINTERO DL,OD00521406,7932352,,141140,NACIONAL,,,,,,0,0,0,0,0,0,0,0,0,193,216,409,0,0,0,0,0,0,0,0,0,0,0,0,409,0,0,23,,,0,0,
357,CAMPO ELIAS,MONTALBAN,INSTITUTO DE EDUCACION ESPECIAL,,,,,,,,,,,,,,,,,,,,,,,,,,,IEE LOS ANGELES,LOS ÁNGELES,OD16011406,6490516,,142014,NACIONAL,,,,,,0,0,0,0,0,0,0,0,0,0,0,0,0,0,0,0,0,0,0,0,0,0,0,0,0,0,0,0,,,0,0,
358,CAMPO ELIAS,MONTALBAN,PREESCOLAR,20000,,,,,,,,,,,,,,,,,,,,,,,,,,J.I RURAL ESCOLAR 021,ALFREDO  LARA ANGULO,OD03831406,4110021,,140328,NACIONAL,,,,,,19,20,39,79,66,145,98,86,184,0,0,0,0,0,0,0,0,0,0,0,0,0,0,0,184,2,8,0,0,0,0,0,
359,CAMPO ELIAS,MONTALBAN,EQUIPO DE INTEGRACION,,,,,,,,,,,,,,,,,,,,,,,,,,,E-E EQUIPO DE INTEGRACION,FELIX TAMAYO ROJAS,OD16251406,6413020,,141341,NACIONAL,,,,,,0,0,0,0,0,0,0,0,0,0,0,0,0,0,0,0,0,0,0,0,0,0,0,0,0,0,0,0,0,0,0,0,
360,CAMPO ELIAS,MONTALBAN,COMPLEJO EDUCATIVO,20000,21000,31059,,CIENCIAS,41048,AGROPECUARIA,ECOTURISMO,,,,,,,,,,,,,,,,,,,U.E.N CAYETANO MONTES,CAYETANO MONTES,S0288D1406,7932392,,140321,NACIONAL,,,,,,0,0,0,21,11,32,21,11,32,73,59,132,76,73,149,0,0,0,0,0,0,0,0,0,313,0,3,12,9,0,0,0,
361,CAMPO ELIAS,SAN JOSE,COMPLEJO EDUCATIVO,20000,21000,31059,,CIENCIAS,,,,,,,,,,,,,,,,,,,,,,NER 557 SAN JOSE Y ACEQUIAS,CELEDONIO RIVAS,OD00511406,6970577,,140363,NACIONAL,,,,,,0,0,0,14,7,21,14,7,21,22,26,48,29,20,49,0,0,0,0,0,0,0,0,0,118,0,1,3,5,0,0,0,
362,CAMPO ELIAS,SAN JOSE,ESCUELA,,21000,,,,,,,,,,,,,,,,,,,,,,,,,NER 557 SAN JOSE Y ACEQUIAS,JOSE PEÑA,OD17041406,6970577,,142112,NACIONAL,,,,,,0,0,0,5,0,5,5,0,5,8,14,22,0,0,0,0,0,0,0,0,0,0,0,0,27,0,1,2,,,0,0,
363,CAMPO ELIAS,ACEQUIAS,ESCUELA,,21000,,,,,,,,,,,,,,,,,,,,,,,,,ESCUELA BALVINO ALBORNOZ RODRIGUEZ,BALVINO ALBORNOZ RODRIGUEZ,OD11821406,,,140334,ESTADAL,,,,,,0,0,0,0,0,0,0,0,0,1,1,2,0,0,0,0,0,0,0,0,0,0,0,0,2,0,0,2,0,0,0,0,
364,CAMPO ELIAS,ACEQUIAS,ESCUELA,20000,21000,,,,,,,,,,,,,,,,,,,,,,,,,ESCUELA PUBLIO ROJAS DURAN,PUBLIO ROJAS DURAN,OD12001406,,,140335,ESTADAL,,,,,,0,0,0,1,1,2,1,1,2,8,4,12,0,0,0,0,0,0,0,0,0,0,0,0,14,0,1,1,,,0,0,
365,CAMPO ELIAS,ACEQUIAS,ESCUELA,20000,21000,,,,,,,,,,,,,,,,,,,,,,,,,ESCUELA CATALINA PLAZA DE UZCATEGUI,CATALINA PLAZA DE UZCATEGUI,OD12011406,,,140336,ESTADAL,,,,,,0,0,0,2,2,4,2,2,4,6,9,15,0,0,0,0,0,0,0,0,0,0,0,0,19,0,1,1,,,0,0,
366,CAMPO ELIAS,ACEQUIAS,ESCUELA,,21000,,,,,,,,,,,,,,,,,,,,,,,,,ESCUELA PEDRO CLEMENTE ARAQUE,PEDRO CLEMENTE ARAQUE,OD11841406,,,140339,ESTADAL,,,,,,0,0,0,0,0,0,0,0,0,3,2,5,0,0,0,0,0,0,0,0,0,0,0,0,5,0,0,1,,,0,0,
367,CAMPO ELIAS,IGNACIO FERNANDEZ PEÑA,ESCUELA,20000,21000,,,,,,,,,,,,,,,,,,,,,,,,,ESCUELA HIPOLITO ELIAS GONZALEZ,HIPOLITO ELIAS GONZALEZ,OD11471406,,,141139,ESTADAL,,,,,,0,0,0,12,9,21,12,9,21,69,81,150,0,0,0,0,0,0,0,0,0,0,0,0,171,0,2,10,,,0,0,
368,CAMPO ELIAS,IGNACIO FERNANDEZ PEÑA,ESCUELA,20000,21000,,,,,,,,,,,,,,,,,,,,,,,,,ESCUELA ADOLFO OVIEDO,ADOLFO OVIEDO,OD11701406,,,140292,ESTADAL,,,,,,0,0,0,1,4,5,1,4,5,2,4,6,0,0,0,0,0,0,0,0,0,0,0,0,11,0,1,2,,,0,0,
369,CAMPO ELIAS,IGNACIO FERNANDEZ PEÑA,ESCUELA,20000,21000,,,,,,,,,,,,,,,,,,,,,,,,,ESCUELA JULIAN DUGARTE MUÑOZ,JULIAN DUGARTE MUÑOZ,OD11681406,,,140290,ESTADAL,,,,,,0,0,0,1,1,2,1,1,2,1,1,2,0,0,0,0,0,0,0,0,0,0,0,0,4,0,1,1,,,0,0,
370,CAMPO ELIAS,IGNACIO FERNANDEZ PEÑA,ESCUELA,20000,21000,,,,,,,,,,,,,,,,,,,,,,,,,ESCUELA AGUSTIN DUGARTE,AGUSTIN DUGARTE,OD11601406,,,141796,ESTADAL,,,,,,0,0,0,0,0,0,0,0,0,3,3,6,0,0,0,0,0,0,0,0,0,0,0,0,6,0,0,2,,,0,0,
371,CAMPO ELIAS,IGNACIO FERNANDEZ PEÑA,ESCUELA,20000,21000,,,,,,,,,,,,,,,,,,,,,,,,,ESCUELA SAN ONOFRE,SAN ONOFRE,OD11661406,,,140283,ESTADAL,,,,,,0,0,0,2,3,5,2,3,5,16,18,34,0,0,0,0,0,0,0,0,0,0,0,0,39,0,1,6,,,0,0,
372,CAMPO ELIAS,IGNACIO FERNANDEZ PEÑA,ESCUELA,,21000,,,,,,,,,,,,,,,,,,,,,,,,,ESCUELA JOSE VICENTE SALAS,JOSE VICENTE SALAS,OD11801406,,,140332,ESTADAL,,,,,,0,0,0,0,0,0,0,0,0,1,0,1,0,0,0,0,0,0,0,0,0,0,0,0,1,0,0,1,0,0,0,0,
373,CAMPO ELIAS,JAJI,ESCUELA,20000,21000,,,,,,,,,,,,,,,,,,,,,,,,,ESCUELA ANTONIO GUZMAN BLANCO,ANTONIO GUZMAN BLANCO,OD11871406,,,140345,ESTADAL,,,,,,0,0,0,4,4,8,4,4,8,20,17,37,0,0,0,0,0,0,0,0,0,0,0,0,45,0,2,4,0,0,0,0,
374,CAMPO ELIAS,JAJI,ESCUELA,20000,21000,,,,,,,,,,,,,,,,,,,,,,,,,ESCUELA VIRGEN DEL ROSARIO,VIRGEN DEL ROSARIO,OD11891406,,,140347,ESTADAL,,,,,,0,0,0,4,4,8,4,4,8,16,22,38,0,0,0,0,0,0,0,0,0,0,0,0,46,0,1,2,,,0,0,
375,CAMPO ELIAS,JAJI,ESCUELA,,21000,,,,,,,,,,,,,,,,,,,,,,,,,ESCUELA JOSE OMAR MONZON SALAS,JOSE OMAR MONZON SALAS,OD11881406,,,140346,ESTADAL,,,,,,0,0,0,1,3,4,1,3,4,8,11,19,0,0,0,0,0,0,0,0,0,0,0,0,23,0,4,6,,,0,0,
376,CAMPO ELIAS,JAJI,ESCUELA,20000,21000,,,,,,,,,,,,,,,,,,,,,,,,,ESCUELA FABIO EMILIO CONTRERAS RODRIGUEZ,FABIO EMILIO CONTRERAS RODRIGUEZ,OD01511406,,,140344,ESTADAL,,,,,,0,0,0,5,4,9,5,4,9,19,12,31,0,0,0,0,0,0,0,0,0,0,0,0,40,0,1,6,,,0,0,
377,CAMPO ELIAS,JAJI,COMPLEJO EDUCATIVO,20000,21000,31059,,CIENCIAS,,,,,,,,,,,,,,,,,,,,,,COMPLEJO EDUCATIVO MARTIN RODRIGUEZ,MARTIN RODRIGUEZ,OD11861406,,,140342,ESTADAL,,,,,,0,0,0,10,10,20,10,10,20,22,29,51,13,12,25,0,0,0,0,0,0,0,0,0,96,0,1,6,,,0,0,
378,CAMPO ELIAS,JAJI,ESCUELA,20000,21000,,,,,,,,,,,,,,,,,,,,,,,,,ESCUELA SAN ISIDRO LABRADOR,SAN ISIDRO LABRADOR,OD11851406,,,140340,ESTADAL,,,,,,0,0,0,1,2,3,1,2,3,6,7,13,0,0,0,0,0,0,0,0,0,0,0,0,16,0,1,6,,,0,0,
379,CAMPO ELIAS,JAJI,ESCUELA,20000,21000,,,,,,,,,,,,,,,,,,,,,,,,,ESCUELA JUAN BAUTISTA TORRES VIELMA,JUAN BAUTISTA TORRES VIELMA,OD11911406,,,140349,ESTADAL,,,,,,0,0,0,6,5,11,6,5,11,17,14,31,0,0,0,0,0,0,0,0,0,0,0,0,42,0,1,2,,,0,0,
380,CAMPO ELIAS,JAJI,ESCUELA,20000,21000,,,,,,,,,,,,,,,,,,,,,,,,,ESCUELA BELKIS COROMOTO PEREZ,BELKIS COROMOTO PEREZ,OD11901406,,,140348,ESTADAL,,,,,,0,0,0,1,5,6,1,5,6,10,7,17,0,0,0,0,0,0,0,0,0,0,0,0,23,0,1,3,,,0,0,
381,CAMPO ELIAS,LA MESA,ESCUELA,,21000,,,,,,,,,,,,,,,,,,,,,,,,,ESCUELA MARIA OLIVA DEL ROSARIO RANGEL,MARIA OLIVA DEL ROSARIO RANGEL,OD11951406,,,140357,ESTADAL,,,,,,0,0,0,0,0,0,0,0,0,3,5,8,0,0,0,0,0,0,0,0,0,0,0,0,8,0,0,3,,,0,0,
382,CAMPO ELIAS,LA MESA,ESCUELA,,21000,,,,,,,,,,,,,,,,,,,,,,,,,ESCUELA PARA EL EMPRENDIMIENTO LA MESA,LA MESA,ON16271406,,,141992,ESTADAL,,,,,,0,0,0,0,0,0,0,0,0,0,0,0,0,0,0,0,0,0,0,0,0,0,0,0,0,0,0,0,,,0,0,
383,CAMPO ELIAS,LA MESA,ESCUELA,,21000,,,,,,,,,,,,,,,,,,,,,,,,,ESCUELA ALFREDO DINI,ALFREDO DINI,OD11481406,,,141144,ESTADAL,,,,,,0,0,0,0,0,0,0,0,0,39,33,72,0,0,0,0,0,0,0,0,0,0,0,0,72,0,0,6,0,0,0,0,
384,CAMPO ELIAS,LA MESA,COMPLEJO EDUCATIVO,20000,21000,31059,,CIENCIAS,,,,,,,,,,,,,,,,,,,,,,COMPLEJO EDUCATIVO ROSA ELVINA FLORES,ROSA ELVINA FLORES,OD11921406,,,140353,ESTADAL,,,,,,0,0,0,1,4,5,1,4,5,30,27,57,47,50,97,0,0,0,0,0,0,0,0,0,159,0,1,6,,,0,0,
385,CAMPO ELIAS,LA MESA,ESCUELA,20000,21000,,,,,,,,,,,,,,,,,,,,,,,,,ESCUELA MARGARITA GUTIERREZ DE MERCADO,MARGARITA GUTIERREZ DE MERCADO,OD11941406,,,140356,ESTADAL,,,,,,0,0,0,2,0,2,2,0,2,20,11,31,0,0,0,0,0,0,0,0,0,0,0,0,33,0,1,6,,,0,0,
386,CAMPO ELIAS,MATRIZ,ESCUELA,20000,21000,,,,,,,,,,,,,,,,,,,,,,,,,ESCUELA  NICOLASA QUINTERO SALAZAR,NICOLASA QUINTERO SALAZAR,OD11731406,,,140313,ESTADAL,,,,,,0,0,0,6,0,6,6,0,6,20,11,31,0,0,0,0,0,0,0,0,0,0,0,0,37,0,1,6,,,0,0,
387,CAMPO ELIAS,MATRIZ,ESCUELA,20000,21000,,,,,,,,,,,,,,,,,,,,,,,,,ESCUELA ALFONSO PAREDES DEZEO,ALFONSO PAREDES DEZEO,OD01241406,,,140302,ESTADAL,,,,,,0,0,0,26,34,60,26,34,60,104,123,227,0,0,0,0,0,0,0,0,0,0,0,0,287,0,2,12,,,0,0,
388,CAMPO ELIAS,MATRIZ,COMPLEJO EDUCATIVO,20000,21000,31059,,CIENCIAS,,,,,,,,,,,,,,,,,,,,,,COMPLEJO EDUCATIVO SAN BUENAVENTURA,SAN BUENAVENTURA,OD11721406,,,140296,ESTADAL,,,,,,5,9,14,5,14,19,10,23,33,39,48,87,27,22,49,0,0,0,0,0,0,0,0,0,169,14,19,6,49,0,0,0,
389,CAMPO ELIAS,MATRIZ,ESCUELA,20000,21000,,,,,,,,,,,,,,,,,,,,,,,,,ESCUELA LA RANCHERÍA,LA RANCHERÍA,OD05191406,,,140300,ESTADAL,,,,,,0,0,0,13,23,36,13,23,36,100,96,196,0,0,0,0,0,0,0,0,0,0,0,0,232,0,3,12,,,0,0,
390,CAMPO ELIAS,MATRIZ,ESCUELA,20000,21000,,,,,,,,,,,,,,,,,,,,,,,,,ESCUELA PAULINO PEÑA,PAULINO PEÑA,OD01571406,,,140303,ESTADAL,,,,,,2,5,7,15,12,27,17,17,34,66,86,152,0,0,0,0,0,0,0,0,0,0,0,0,186,1,2,12,,,0,0,
391,CAMPO ELIAS,MATRIZ,PREESCOLAR,20000,,,,,,,,,,,,,,,,,,,,,,,,,,PREESCOLAR SIMON RODRIGUEZ,SIMON RODRIGUEZ,OD17101406,,,142256,ESTADAL,,,,,,0,0,0,57,33,90,57,33,90,0,0,0,0,0,0,0,0,0,0,0,0,0,0,0,90,0,6,0,,,0,0,
392,CAMPO ELIAS,MATRIZ,ESCUELA,,21000,,,,,,,,,,,,,,,,,,,,,,,,,ESCUELA FIDELIA ARAQUE DE PEÑA,FIDELIA ARAQUE DE PEÑA,OD03141406,,,140297,ESTADAL,,,,,,0,0,0,0,0,0,0,0,0,97,94,191,0,0,0,0,0,0,0,0,0,0,0,0,191,0,0,12,,,0,0,
393,CAMPO ELIAS,MATRIZ,ESCUELA,,21000,,,,,,,,,,,,,,,,,,,,,,,,,ESCUELA GRAN MARISCAL DE AYACUCHO,GRAN MARISCAL DE AYACUCHO,OD01291406,,,140301,ESTADAL,,,,,,0,0,0,0,0,0,0,0,0,156,197,353,0,0,0,0,0,0,0,0,0,0,0,0,353,0,0,15,0,0,0,0,
394,CAMPO ELIAS,MATRIZ,ESCUELA,20000,21000,,,,,,,,,,,,,,,,,,,,,,,,,ESCUELA RAMON AMADOR FONSECA,RAMON AMADOR FONSECA,OD03691406,,,140307,ESTADAL,,,,,,0,0,0,35,37,72,35,37,72,187,194,381,0,0,0,0,0,0,0,0,0,0,0,0,453,0,4,14,,,0,0,
395,CAMPO ELIAS,MATRIZ,ESCUELA PARA EL EMPRENDIMIENTO,,,,,,,,,,,,,,,,,,,,,,,,,,,EPE ELOINA SANCHEZ DE RAMIREZ,ELOINA SANCHEZ DE RAMIREZ,ON11621406,,,141864,ESTADAL,,,,,,0,0,0,0,0,0,0,0,0,0,0,0,0,0,0,0,0,0,0,0,0,0,0,0,0,0,0,0,,,0,0,
396,CAMPO ELIAS,MATRIZ,CENTRO DE EDUCACION BASICA DE ADULTO,,,,,,,,,,,,,,,,,,,,,,,,,,,CEBA MIGUEL LORENZO GIL CHIPIA,MIGUEL LORENZO GIL CHIPIA,ON11501406,,,141267,ESTADAL,,,,,,0,0,0,0,0,0,0,0,0,0,0,0,0,0,0,0,0,0,0,0,0,0,0,0,0,0,0,0,,,0,0,
397,CAMPO ELIAS,MONTALBAN,ESCUELA,20000,21000,31060,MEDIA GENERAL,CIENCIAS Y TECNOLOGIA,,,,,,,,,,,,,,,,,,,,,,ESCUELA JOSE GREGORIO HERNANDEZ,JOSE GREGORIO HERNANDEZ,OD11741406,,,140319,ESTADAL,,,,,,0,0,0,5,6,11,5,6,11,48,43,91,5,13,18,0,0,0,0,0,0,0,0,0,120,0,2,6,,,0,0,"{""primaria"":{""6U"":1}}"
398,CAMPO ELIAS,MONTALBAN,ESCUELA,20000,21000,,,,,,,,,,,,,,,,,,,,,,,,,ESCUELA BOLIVARIANA JUAN XXIII,JUAN XXIII,OD11761406,,,140322,ESTADAL,,,,,,0,0,0,5,8,13,5,8,13,33,37,70,0,0,0,0,0,0,0,0,0,0,0,0,83,0,3,8,0,0,0,0,
399,CAMPO ELIAS,MONTALBAN,ESCUELA PARA EL EMPRENDIMIENTO,,,,,,,,,,,,,,,,,,,,,,,,,,,EPE PADRE BARILLAS,PADRE BARILLAS,ON15631406,,,141945,ESTADAL,,,,,,0,0,0,0,0,0,0,0,0,0,0,0,0,0,0,0,0,0,0,0,0,0,0,0,0,0,0,0,,,0,0,
400,CAMPO ELIAS,MONTALBAN,ESCUELA PARA EL EMPRENDIMIENTO,,,,,,,,,,,,,,,,,,,,,,,,,,,EPE CANÓNIGO UZCÁTEGUI,CANÓNIGO UZCÁTEGUI,ON15671406,,,141949,ESTADAL,,,,,,0,0,0,0,0,0,0,0,0,0,0,0,0,0,0,0,0,0,0,0,0,0,0,0,0,0,0,0,0,0,0,0,
401,CAMPO ELIAS,MONTALBAN,TALLER DE EDUCACION LABORAL,,,,,,,,,,,,,,,,,,,,,,,,,,,T.E.L.E. DAVID RAMÓN TORRES CALDERON,DAVID RAMÓN TORRES CALDERON,ON17101406,,,142241,ESTADAL,,,,,,0,0,0,0,0,0,0,0,0,0,0,0,0,0,0,0,0,0,0,0,0,0,0,0,0,0,0,0,,,0,0,
402,CAMPO ELIAS,MONTALBAN,COMPLEJO EDUCATIVO,20000,21000,31060,,TECNOLOGIA E INOVACION,,,,,,,,,,,,,,,,,,,,,,C.E MARIA GUILLERMINA CONTRERAS,MARIA GUILLERMINA CONTRERAS,OD01561406,,,140318,ESTADAL,,,,,,0,0,0,21,23,44,21,23,44,80,78,158,88,99,187,0,0,0,0,0,0,0,0,0,389,0,2,6,187,0,0,0,
403,CAMPO ELIAS,MONTALBAN,ESCUELA PARA EL EMPRENDIMIENTO,,,,,,,,,,,,,,,,,,,,,,,,,,,EPE EL SALADO,EL SALADO,ON15681406,,,141950,ESTADAL,,,,,,0,0,0,0,0,0,0,0,0,0,0,0,0,0,0,0,0,0,0,0,0,0,0,0,0,0,0,0,,,0,0,
404,CAMPO ELIAS,MONTALBAN,ESCUELA,20000,21000,,,,,,,,,,,,,,,,,,,,,,,,,ESCUELA CLEMENTE CALDERÒN,CLEMENTE CALDERÒN,OD11751406,,,140320,ESTADAL,,,,,,0,0,0,2,0,2,2,0,2,9,2,11,0,0,0,0,0,0,0,0,0,0,0,0,13,0,2,6,,,0,0,
405,CAMPO ELIAS,MONTALBAN,COMPLEJO EDUCATIVO,20000,21000,,,,,,,,,,,,,,,,,,,,,,,,,COMPLEJO EDUCATIVO JOSE ANGEL MANRIQUE MEJIA,JOSE ANGEL MANRIQUE MEJIA,OD01411406,,,140316,ESTADAL,,,,,,0,0,0,2,0,2,2,0,2,6,0,6,0,0,0,0,0,0,0,0,0,0,0,0,8,0,2,6,,,0,0,
406,CAMPO ELIAS,MONTALBAN,ESCUELA,20000,21000,,,,,,,,,,,,,,,,,,,,,,,,,ESCUELA BALDOMERA MENDOZA,BALDOMERA MENDOZA,OD11771406,,,140324,ESTADAL,,,,,,0,0,0,1,0,1,1,0,1,3,0,3,0,0,0,0,0,0,0,0,0,0,0,0,4,0,2,6,,,0,0,
407,CAMPO ELIAS,MONTALBAN,COMPLEJO EDUCATIVO,20000,21000,31059,,CIENCIAS,,,,,,,,,,,,,,,,,,,,,,COMPLEJO EDUCATIVO JOSÉ ROQUE MUÑOZ,JOSÉ ROQUE MUÑOZ,OD11781406,,,140325,ESTADAL,,,,,,1,1,2,9,2,11,10,3,13,24,16,40,6,4,10,0,0,0,0,0,0,0,0,0,63,1,1,6,,,0,0,"{""primaria"":{""1U"":1}}"
408,CAMPO ELIAS,MONTALBAN,ESCUELA,20000,21000,,,,,,,,,,,,,,,,,,,,,,,,,ESCUELA JUAN EVANGELISTA QUINTERO,JUAN EVANGELISTA QUINTERO,OD11791406,,,140330,ESTADAL,,,,,,0,0,0,1,0,1,1,0,1,2,1,3,0,0,0,0,0,0,0,0,0,0,0,0,4,0,2,6,,,0,0,
409,CAMPO ELIAS,MONTALBAN,COMPLEJO EDUCATIVO,20000,21000,31059,,CIENCIAS,,,,,,,,,,,,,,,,,,,,,,COMPLEJO EDUCATIVO LORENZO TINJACA,LORENZO TINJACA,OD12361406,,,140625,ESTADAL,,,,,,0,0,0,3,6,9,3,6,9,9,13,22,0,4,4,0,0,0,0,0,0,0,0,0,35,0,1,2,,,0,0,
410,CAMPO ELIAS,MONTALBAN,ESCUELA,,21000,,,,,,,,,,,,,,,,,,,,,,,,,ESCUELA PEDRO JUSTO ANDRADE,PEDRO JUSTO ANDRADE,OD03981406,,,140315,ESTADAL,,,,,,0,0,0,0,0,0,0,0,0,14,0,14,0,0,0,0,0,0,0,0,0,0,0,0,14,0,0,8,,,0,0,
411,CAMPO ELIAS,SAN JOSE,ESCUELA,,21000,,,,,,,,,,,,,,,,,,,,,,,,,ESCUELA GINES RAMOS SANCHEZ,GINES RAMOS SANCHEZ,OD11981406,,,140365,ESTADAL,,,,,,0,0,0,0,0,0,0,0,0,5,7,12,0,0,0,0,0,0,0,0,0,0,0,0,12,0,0,6,0,0,0,0,
412,CAMPO ELIAS,SAN JOSE,ESCUELA,20000,21000,,,,,,,,,,,,,,,,,,,,,,,,,ESCUELA FELICIANO RANGEL,FELICIANO RANGEL,OD11491406,,,141145,ESTADAL,,,,,,0,0,0,1,1,2,1,1,2,9,16,25,0,0,0,0,0,0,0,0,0,0,0,0,27,0,1,6,,,0,0,
413,CAMPO ELIAS,SAN JOSE,ESCUELA,20000,,,,,,,,,,,,,,,,,,,,,,,,,,ESCUELA MARTIN PEÑA ROJAS,MARTIN PEÑA ROJAS,OD11971406,,,140364,ESTADAL,,,,,,0,0,0,2,1,3,2,1,3,12,11,23,0,0,0,0,0,0,0,0,0,0,0,0,26,0,1,6,0,0,0,0,
414,CAMPO ELIAS,SAN JOSE,ESCUELA,20000,21000,,,,,,,,,,,,,,,,,,,,,,,,,ESCUELA CRISTOBAL ROJAS ROJAS,CRISTOBAL ROJAS ROJAS,OD11991406,,,140367,ESTADAL,,,,,,0,0,0,2,0,2,2,0,2,6,6,12,0,0,0,0,0,0,0,0,0,0,0,0,14,0,1,0,0,0,0,0,
415,CARACCIOLO PARRA,FLORENCIO RAMIREZ,LICEO,,,31059,,CIENCIAS,,,,,,,,,,,,,,,,,,,,,,LICEO BOLIVARIANO RIO FRIO,RAMON CELESTINO CONTRERAS,OD17601407,7950812,,142173,NACIONAL,,,,,,0,0,0,0,0,0,0,0,0,0,0,0,101,74,175,0,0,0,0,0,0,0,0,0,175,0,0,0,,,0,0,
416,CARACCIOLO PARRA,FLORENCIO RAMIREZ,ESCUELA,20000,21000,,,,,,,,,,,,,,,,,,,,,,,,,UEB GUACHIZON I,RICARDO AGUIRRE,OD03801407,6590266,,141245,NACIONAL,,,,,,0,0,0,3,7,10,3,7,10,55,61,116,0,0,0,0,0,0,0,0,0,0,0,0,126,0,1,7,0,0,0,0,
417,CARACCIOLO PARRA,FLORENCIO RAMIREZ,ESCUELA,20000,21000,,,,,,,,,,,,,,,,,,,,,,,,,NUCLEO ESCOLAR RURAL 560,JOSE FELIX RIBAS,OD03741407,6970560,,141463,NACIONAL,,,,,,0,0,0,3,5,8,3,5,8,28,25,53,0,0,0,0,0,0,0,0,0,0,0,0,61,0,1,6,0,0,0,0,
418,CARACCIOLO PARRA,FLORENCIO RAMIREZ,ESCUELA,20000,21000,,,,,,,,,,,,,,,,,,,,,,,,,NUCLEO ESCOLAR RURAL 560,MAURO ANTONIO HUIZA,OD01081407,6970560,,140389,NACIONAL,,,,,,0,0,0,10,6,16,10,6,16,46,44,90,0,0,0,0,0,0,0,0,0,0,0,0,106,0,1,6,0,0,0,0,
419,CARACCIOLO PARRA,FLORENCIO RAMIREZ,ESCUELA,20000,21000,,,,,,,,,,,,,,,,,,,,,,,,,NUCLEO ESCOLAR RURAL 560,SALOMON ROSALES,OD03761407,6970560,,140390,NACIONAL,,,,,,0,0,0,3,8,11,3,8,11,39,24,63,0,0,0,0,0,0,0,0,0,0,0,0,74,0,1,6,0,0,0,0,
420,CARACCIOLO PARRA,FLORENCIO RAMIREZ,ESCUELA,20000,21000,,,,,,,,,,,,,,,,,,,,,,,,,UNIDAD EDUCATIVA BOLIVARIANA RIO FRIO,JOSE MANUEL SISO,OD03751407,6590261,,140401,NACIONAL,,,,,,0,0,0,5,10,15,5,10,15,72,57,129,0,0,0,0,0,0,0,0,0,0,0,0,144,0,15,7,,,0,0,
421,CARACCIOLO PARRA,FLORENCIO RAMIREZ,COMPLEJO EDUCATIVO,20000,21000,31059,,CIENCIAS,,,,,,,,,,,,,,,,,,,,,,UE LA ESMERALDA,JOSE OCTAVIO IBARRA,OD03731407,6590265,,140388,NACIONAL,,,,,,0,0,0,10,9,19,10,9,19,63,69,132,55,51,106,0,0,0,0,0,0,0,0,0,257,0,1,6,106,0,0,0,
422,CARACCIOLO PARRA,FLORENCIO RAMIREZ,LICEO,,,31059,,CIENCIAS,,,,,,,,,,,,,,,,,,,,,,LICEO CINTA CERERA AUDI,CINTA CERERA AUDI,OD17711407,7951013,,142203,NACIONAL,,,,,,0,0,0,0,0,0,0,0,0,0,0,0,162,147,309,0,0,0,0,0,0,0,0,0,309,0,0,0,10,0,0,0,
423,CARACCIOLO PARRA,FLORENCIO RAMIREZ,ESCUELA,,21000,,,,,,,,,,,,,,,,,,,,,,,,,ESCUELA GENERAL JOSE ANTONIO PAEZ,GENERAL JOSE ANTONIO PAEZ,OD00221407,6564432,,141219,NACIONAL,,,,,,0,0,0,0,0,0,0,0,0,165,165,330,0,0,0,0,0,0,0,0,0,0,0,0,330,0,0,11,0,0,0,0,
424,CARACCIOLO PARRA,TUCANI,PREESCOLAR,20000,,,,,,,,,,,,,,,,,,,,,,,,,,JARDIN DE INFANCIA PASCUAL IGNACIO VILLASMIL,PASCUAL IGNACIO VILLASMIL,OD17441407,4107549,,787874,NACIONAL,,,,,,0,0,0,66,52,118,66,52,118,0,0,0,0,0,0,0,0,0,0,0,0,0,0,0,118,0,6,0,0,0,0,0,
425,CARACCIOLO PARRA,TUCANI,ESCUELA,20000,21000,,,,,,,,,,,,,,,,,,,,,,,,,ESCUELA BOLIVARIAN CHIMOMOCITO,MARIA DELMIRA UZCATEGUI,OD01091407,6970562,,141778,NACIONAL,,,,,,0,0,0,11,6,17,11,6,17,63,93,156,0,0,0,0,0,0,0,0,0,0,0,0,173,0,1,6,,,0,0,
426,CARACCIOLO PARRA,TUCANI,ESCUELA,20000,21000,,,,,,,,,,,,,,,,,,,,,,,,,ESCUELA BOLIVARIANA EL VIJAO,MARIA SIMONA CORREDOR,OD04161407,6970562,,140374,NACIONAL,,,,,,0,0,0,2,10,12,2,10,12,23,28,51,0,0,0,0,0,0,0,0,0,0,0,0,63,0,1,6,,,0,0,
427,CARACCIOLO PARRA,TUCANI,INSTITUTO DE EDUCACION ESPECIAL,,,,,,,,,,,,,,,,,,,,,,,,,,,IEE JUAN CARLOS AZUAJE,JUAN CARLOS AZUAJE,OD16321407,6500613,,1472053,NACIONAL,,,,,,0,0,0,0,0,0,0,0,0,0,0,0,0,0,0,0,0,0,0,0,0,0,0,0,0,0,0,0,0,0,0,0,
428,CARACCIOLO PARRA,TUCANI,LICEO,,,31058,,CIENCIAS,,,,,,,,,,,,,,,,,,,,,,LICEO NOCTURNO PROFESIONAL TUCANI,HUMBERTO ROJAS,S3879N1407,7918767,,141317,NACIONAL,,,,,,0,0,0,0,0,0,0,0,0,0,0,0,55,33,88,0,0,0,0,0,0,0,0,0,88,0,0,0,88,0,0,0,
429,CARACCIOLO PARRA,TUCANI,ESCUELA,20000,21000,,,,,,,,,,,,,,,,,,,,,,,,,ESCUELA BOLIVARIANA  LA CHIQUINQUIRA,LA CHIQUINQUIRA,OD04241407,6589681,,141662,NACIONAL,,,,,,5,10,15,18,19,37,23,29,52,109,140,249,0,0,0,0,0,0,0,0,0,0,0,0,301,1,2,11,,,0,0,
430,CARACCIOLO PARRA,TUCANI,LICEO,,,31059,MEDIA GENERAL,CIENCIAS,,,,,,,,,,,,,,,,,,,,,,C B-VICENTE CAMPO E,VICENTE CAMPO ELIAS,S1064D1407,7918900,,140402,NACIONAL,,,,,,0,0,0,0,0,0,0,0,0,0,0,0,662,567,1229,0,0,0,0,0,0,0,0,0,1229,0,0,0,,,0,0,
431,CARACCIOLO PARRA,TUCANI,PREESCOLAR,20000,,,,,,,,,,,,,,,,,,,,,,,,,,PREESCOLAR LOS APAMATES,EL NIÑO SIMON,OD01001407,4107549,,141650,NACIONAL,,,,,,0,0,0,27,34,61,27,34,61,0,0,0,0,0,0,0,0,0,0,0,0,0,0,0,61,0,61,0,0,0,0,0,
432,CARACCIOLO PARRA,TUCANI,ESCUELA,,21000,,,,,,,,,,,,,,,,,,,,,,,,,ESCUELA BOLIVARIANA MESA JULIA NER 428,PABLO TERAN FRIAS,OD01011407,6970428,,141591,NACIONAL,,,,,,0,0,0,0,0,0,0,0,0,45,61,106,0,0,0,0,0,0,0,0,0,0,0,0,106,0,0,6,,,0,0,"{""primaria"":{""4U"":18,""1U"":10}}"
433,CARACCIOLO PARRA,TUCANI,LICEO,,,31059,,CIENCIAS,,,,,,,,,,,,,,,,,,,,,,LICEO BOLIVARIAN FRANCISCO PLAZA,FRANCISCO PLAZA,OD16331407,6970562,,142184,NACIONAL,,,,,,0,0,0,0,0,0,0,0,0,0,0,0,116,81,197,0,0,0,0,0,0,0,0,0,197,0,0,0,,,0,0,
434,CARACCIOLO PARRA,FLORENCIO RAMIREZ,ESCUELA,20000,21000,,,,,,,,,,,,,,,,,,,,,,,,,ESCUELA ESTADAL CAÑO LA YUCA,ISABEL TERESA CHACON,OD03791407,,,141464,ESTADAL,,,,,,0,0,0,5,7,12,5,7,12,17,20,37,0,0,0,0,0,0,0,0,0,0,0,0,49,0,1,6,,,0,0,
435,CARACCIOLO PARRA,FLORENCIO RAMIREZ,ESCUELA,20000,21000,,,,,,,,,,,,,,,,,,,,,,,,,ESCUELA ESTADAL GUACHIZON ARRIBA,GUACHIZON ARRIBA,OD03811407,,,141464,ESTADAL,,,,,,0,0,0,3,2,5,3,2,5,13,23,36,0,0,0,0,0,0,0,0,0,0,0,0,41,0,1,9,,,0,0,
436,CARACCIOLO PARRA,FLORENCIO RAMIREZ,ESCUELA,20000,21000,,,,,,,,,,,,,,,,,,,,,,,,,ESCUELA ESTADAL SAN BENITO,YSAURO MORENO TORRES,OD03781407,,,140387,ESTADAL,,,,,,0,0,0,5,4,9,5,4,9,17,22,39,0,0,0,0,0,0,0,0,0,0,0,0,48,0,1,6,,,0,0,"{""primaria"":{""5U"":7,""6U"":3,""4U"":7}}"
437,CARACCIOLO PARRA,FLORENCIO RAMIREZ,ESCUELA,20000,21000,,,,,,,,,,,,,,,,,,,,,,,,,ESCUELA ESTADAL DELICIAS PANAMERICANA,JESUS MANUEL SANTADER,OD04151407,,,140392,ESTADAL,,,,,,0,0,0,0,0,0,0,0,0,0,0,0,0,0,0,0,0,0,0,0,0,0,0,0,0,0,0,0,,,0,0,
438,CARACCIOLO PARRA,FLORENCIO RAMIREZ,ESCUELA,,21000,,,,,,,,,,,,,,,,,,,,,,,,,ESCUELA ESTADAL PALMA SOLA,CARMEN TERESA SALCEDO DE EPIEYÚ,OD12051407,,,140393,ESTADAL,,,,,,0,0,0,0,0,0,0,0,0,16,25,41,0,0,0,0,0,0,0,0,0,0,0,0,41,0,0,6,,,0,0,"{""primaria"":{""4U"":5,""6U"":4,""5U"":4}}"
439,CARACCIOLO PARRA,FLORENCIO RAMIREZ,ESCUELA,,21000,,,,,,,,,,,,,,,,,,,,,,,,,ESCUELA ESTADAL EL SILENCIO,ARTURO MICHELENA,OD12041407,,,140397,ESTADAL,,,,,,0,0,0,0,0,0,0,0,0,14,8,22,0,0,0,0,0,0,0,0,0,0,0,0,22,0,0,6,0,0,0,0,"{""primaria"":{""3U"":1,""2U"":5,""1U"":5}}"
440,CARACCIOLO PARRA,FLORENCIO RAMIREZ,ESCUELA,,21000,,,,,,,,,,,,,,,,,,,,,,,,,ESCUELA ESTADAL DELICIAS ALTAS,DELICIAS ALTAS,OD03771407,,,141465,ESTADAL,,,,,,0,0,0,0,0,0,0,0,0,7,9,16,0,0,0,0,0,0,0,0,0,0,0,0,16,0,0,5,0,0,0,0,
441,CARACCIOLO PARRA,TUCANI,ESCUELA,,21000,,,,,,,,,,,,,,,,,,,,,,,,,ESCUELA ESTADAL MESA JULIA MEDIO,MARTA LEON,OD03571407,,,141583,ESTADAL,,,,,,0,0,0,0,0,0,0,0,0,51,54,105,0,0,0,0,0,0,0,0,0,0,0,0,105,0,0,8,,,0,0,
442,CARACCIOLO PARRA,TUCANI,ESCUELA,,21000,,,,,,,,,,,,,,,,,,,,,,,,,COSTA RICA I,JOSE ARMANDO PLAZA CUEVAS,OD03581407,,,141585,ESTADAL,,,,,,0,0,0,0,0,0,0,0,0,1,2,3,0,0,0,0,0,0,0,0,0,0,0,0,3,0,0,1,,,0,0,
443,CARACCIOLO PARRA,TUCANI,ESCUELA,20000,21000,,,,,,,,,,,,,,,,,,,,,,,,,ESCUELA ESTAAL RIO BONITO ALTO,UVENCIO TORRES,OD05741407,,,141587,ESTADAL,,,,,,0,0,0,4,2,6,4,2,6,14,14,28,0,0,0,0,0,0,0,0,0,0,0,0,34,0,1,2,,,0,0,
444,CARACCIOLO PARRA,TUCANI,ESCUELA,,21000,,,,,,,,,,,,,,,,,,,,,,,,,ESCUELA ESTADAL COSTA RICA II,JOSE ARMANDO PLAZA CUEVAS,OD03661407,,,141585,ESTADAL,,,,,,0,0,0,0,0,0,0,0,0,5,8,13,0,0,0,0,0,0,0,0,0,0,0,0,13,0,0,1,,,0,0,
445,CARACCIOLO PARRA,TUCANI,ESCUELA,20000,21000,,,,,,,,,,,,,,,,,,,,,,,,,PROF ANTONIO MORALES,PROF ANTONIO MORALES,OD01101407,,,141611,ESTADAL,,,,,,0,0,0,20,21,41,20,21,41,66,59,125,0,0,0,0,0,0,0,0,0,0,0,0,166,0,2,12,,,0,0,
446,CARACCIOLO PARRA,TUCANI,ESCUELA,20000,21000,,,,,,,,,,,,,,,,,,,,,,,,,ESCUELA ESTADAL RIO BONITO BAJO,JOSE DE JESUS AVENDAÑO,OD03561407,,,140383,ESTADAL,,,,,,0,0,0,9,6,15,9,6,15,38,44,82,0,0,0,0,0,0,0,0,0,0,0,0,97,0,0,6,,,0,0,"{""primaria"":{""2U"":20,""4U"":17}}"
447,CARACCIOLO PARRA,TUCANI,ESCUELA,,21000,,,,,,,,,,,,,,,,,,,,,,,,,ESCUELA ESTADAL PASCUAL IGNACIO VILLASMIL,PASCUAL IGNACIO VILLASMIL,OD00991407,,,140399,ESTADAL,,,,,,0,0,0,0,0,0,0,0,0,435,458,893,0,0,0,0,0,0,0,0,0,0,0,0,893,0,0,36,,,0,0,
448,CARACCIOLO PARRA,TUCANI,ESCUELA,20000,21000,,,,,,,,,,,,,,,,,,,,,,,,,ESCUELA ESTADAL TUCANICITO,JOSE TIBURCIO RODRIGUEZ,OD04181407,,,140400,ESTADAL,,,,,,0,0,0,14,14,28,14,14,28,87,86,173,0,0,0,0,0,0,0,0,0,0,0,0,201,0,2,6,0,0,0,0,
449,CARACCIOLO PARRA,TUCANI,ESCUELA,,21000,,,,,,,,,,,,,,,,,,,,,,,,,ESCUELA ESTADAL MONTE BELL ALTO,ABEL MORA  MARQUEZ,OD04201407,,,140377,ESTADAL,,,,,,0,0,0,0,0,0,0,0,0,15,8,23,0,0,0,0,0,0,0,0,0,0,0,0,23,0,0,6,,,0,0,
450,CARACCIOLO PARRA,TUCANI,ESCUELA,20000,21000,,,,,,,,,,,,,,,,,,,,,,,,,ESCUELA ESTADAL MON TE BELLO BAJO,RAMON MORENO VILORIA,OD04191407,,,140375,ESTADAL,,,,,,0,5,5,3,3,6,3,8,11,15,18,33,0,0,0,0,0,0,0,0,0,0,0,0,44,1,1,6,,,0,0,
451,CARACCIOLO PARRA,TUCANI,ESCUELA,,21000,,,,,,,,,,,,,,,,,,,,,,,,,ESCUELA ESTADAL LAS MALVINAS,JOSE GREGORIO HERNANDEZ,OD04231407,,,140384,ESTADAL,,,,,,0,0,0,0,0,0,0,0,0,7,5,12,0,0,0,0,0,0,0,0,0,0,0,0,12,0,0,6,0,0,0,0,"{""primaria"":{""4U"":1,""3U"":4,""2U"":5,""5U"":1}}"
452,CARACCIOLO PARRA,TUCANI,ESCUELA,20000,21000,,,,,,,,,,,,,,,,,,,,,,,,,ESCUELA  ESTADAL EL CURUBAL,MODESTA BOR,OD04211407,,,140387,ESTADAL,,,,,,0,0,0,3,6,9,3,6,9,11,14,25,0,0,0,0,0,0,0,0,0,0,0,0,34,0,1,12,0,0,0,0,
453,CARACCIOLO PARRA,TUCANI,ESCUELA,20000,21000,,,,,,,,,,,,,,,,,,,,,,,,,ESCUELA ESTADAL NEGRO PRIMERO,EUMELIA HERNANDEZ,OD04221407,,,141916,ESTADAL,,,,,,0,0,0,2,1,3,2,1,3,14,19,33,0,0,0,0,0,0,0,0,0,0,0,0,36,0,1,6,,,0,0,"{""primaria"":{""4U"":5,""6U"":4,""5U"":3}}"
454,CARACCIOLO PARRA,TUCANI,PREESCOLAR,20000,,,,,,,,,,,,,,,,,,,,,,,,,,PREESCOLAR LAS INRREVIS,SIMON RODRIGUEZ,OD04171407,,,141857,ESTADAL,,,,,,0,0,0,33,32,65,33,32,65,0,0,0,0,0,0,0,0,0,0,0,0,0,0,0,65,0,6,0,,,0,0,
455,CARACCIOLO PARRA,TUCANI,ESCUELA,,21000,,,,,,,,,,,,,,,,,,,,,,,,,ESCUELA ESTADAL EL OSO,LEONOR DE LA GUERRA,OD05751407,,,141805,ESTADAL,,,,,,0,0,0,0,0,0,0,0,0,2,1,3,0,0,0,0,0,0,0,0,0,0,0,0,3,0,0,6,0,0,0,0,
456,CARACCIOLO PARRA,TUCANI,COMPLEJO EDUCATIVO,20000,21000,31059,,CIENCIAS,,,,,,,,,,,,,,,,,,,,,,ESCUELA ESTADAL EL CHARAL,JOSE VICTOR RAMIREZ,OD03591407,,,141592,ESTADAL,,,,,,0,0,0,0,0,0,0,0,0,7,9,16,35,36,71,0,0,0,0,0,0,0,0,0,87,0,0,1,71,0,0,0,"{""primaria"":{""1U"":16}}"
457,CARACCIOLO PARRA,TUCANI,ESCUELA,,21000,,,,,,,,,,,,,,,,,,,,,,,,,ESCUELA ESTADAL EL HELECHAL II,JOSE ADELMO RAMIREZ,OD03651407,,,142006,ESTADAL,,,,,,0,0,0,0,0,0,0,0,0,6,7,13,0,0,0,0,0,0,0,0,0,0,0,0,13,0,0,6,,,0,0,
458,CARACCIOLO PARRA,TUCANI,ESCUELA,,21000,,,,,,,,,,,,,,,,,,,,,,,,,ESCUELA ESTADAL MORRO AZUL,JOSE NICOLAS MORENO,OD03631407,,,140382,ESTADAL,,,,,,0,0,0,0,0,0,0,0,0,1,0,1,0,0,0,0,0,0,0,0,0,0,0,0,1,0,0,6,0,0,0,0,
459,CARACCIOLO PARRA,TUCANI,ESCUELA,,21000,,,,,,,,,,,,,,,,,,,,,,,,,ESCUELA ESTADAL SAN BENITO,SAN BENITO,OD03601407,,,141588,ESTADAL,,,,,,0,0,0,0,0,0,0,0,0,2,3,5,0,0,0,0,0,0,0,0,0,0,0,0,5,0,0,6,0,0,0,0,
460,CARACCIOLO PARRA,TUCANI,ESCUELA,,21000,,,,,,,,,,,,,,,,,,,,,,,,,ESCUELA ESTADAL EL HELECHAL I,JOSE EPIMENIDES SULBARAN,OD03641407,,,141589,ESTADAL,,,,,,0,0,0,0,0,0,0,0,0,14,15,29,0,0,0,0,0,0,0,0,0,0,0,0,29,0,0,6,,,0,0,
461,CARACCIOLO PARRA,TUCANI,ESCUELA,20000,21000,,,,,,,,,,,,,,,,,,,,,,,,,ESCUELA ESTADAL SAN JUAN,MARIA FELICIA PARRA,OD03611407,,,140381,ESTADAL,,,,,,0,0,0,3,1,4,3,1,4,15,13,28,0,0,0,0,0,0,0,0,0,0,0,0,32,0,1,6,0,0,0,0,
462,CARACCIOLO PARRA,TUCANI,ESCUELA,,,,,,,,,,,,,,,,,,,,,,,,,,,ESCUELA PARA EL EMPRENDIMIENTO TUCANI,CARMEN JOSEFINA VIERA,ON15741407,,,141957,ESTADAL,,,,,,0,0,0,0,0,0,0,0,0,0,0,0,0,0,0,0,0,0,0,0,0,0,0,0,0,0,0,0,,,0,0,
463,CARDENAL QUINTERO,LAS PIEDRAS,ESCUELA,,21000,,,,,,,,,,,,,,,,,,,,,,,,,LAS PIEDRAS,YOLANDA ALBARRÁN MORENO,S2994D1408,6565740,,140414,NACIONAL,,,,,,0,0,0,0,0,0,0,0,0,81,92,173,0,0,0,0,0,0,0,0,0,0,0,0,173,0,0,11,,,0,0,
464,CARDENAL QUINTERO,LAS PIEDRAS,ESCUELA,20000,21000,,,,,,,,,,,,,,,,,,,,,,,,,MITISUS,MITISUS,OD03871408,6970410,,140412,NACIONAL,,,,,,0,0,0,4,1,5,4,1,5,20,17,37,0,0,0,0,0,0,0,0,0,0,0,0,42,0,0,6,,,0,0,
465,CARDENAL QUINTERO,LAS PIEDRAS,ESCUELA,20000,21000,,,,,,,,,,,,,,,,,,,,,,,,,ESCUELA  SIMON RODRIGUEZ,SIMON RODRIGUEZ,OD17291408,6970410,,142231,NACIONAL,,,,,,0,0,0,2,4,6,2,4,6,15,19,34,0,0,0,0,0,0,0,0,0,0,0,0,40,0,1,6,,,0,0,
466,CARDENAL QUINTERO,LAS PIEDRAS,PREESCOLAR,20000,,,,,,,,,,,,,,,,,,,,,,,,,,J.I. RAFAEL ÁNGEL VALERO MORENO,RAFAEL ÁNGEL VALERO MORENO,OD17311408,4106180,,142260,NACIONAL,,,,,,0,0,0,24,24,48,24,24,48,0,0,0,0,0,0,0,0,0,0,0,0,0,0,0,48,0,5,0,,,0,0,
467,CARDENAL QUINTERO,LAS PIEDRAS,LICEO,,,31060,,CIENCIA Y TECNOLOGIA,,,,,,,,,,,,,,,,,,,,,,UEB LAS PIEDRAS,DON PABLO MORENO,OD17281408,6590196,,142158,NACIONAL,,,,,,0,0,0,0,0,0,0,0,0,0,0,0,127,114,241,0,0,0,0,0,0,0,0,0,241,0,0,0,,,0,0,
468,CARDENAL QUINTERO,SANTO DOMINGO,PREESCOLAR,20000,,,,,,,,,,,,,,,,,,,,,,,,,,PREESCOLAR MARTHA GONZALEZ,MARTHA GONZALEZ,OD00821408,4106680,,142036,NACIONAL,,,,,,4,4,8,53,57,110,57,61,118,0,0,0,0,0,0,0,0,0,0,0,0,0,0,0,118,8,110,0,,,0,0,
469,CARDENAL QUINTERO,SANTO DOMINGO,ESCUELA TECNICA,,,41049,AGROPECUARIA,CIENCIAS AGRÍCOLAS Y PECUARIAS,43298,INDUSTRIAL,TELEMATICA,46071,ECONOMÍA SOCIAL,TURISMO,,,,,,,,,,,,,,,,CC-JUAN RODRIGUEZ SUAREZ,MAXIMO TORO,S0922D1408,7916326,,140415,NACIONAL,,,,,,0,0,0,0,0,0,0,0,0,0,0,0,0,0,0,199,176,375,0,0,0,0,0,0,375,0,0,0,,,0,0,
470,CARDENAL QUINTERO,SANTO DOMINGO,PREESCOLAR,20000,,,,,,,,,,,,,,,,,,,,,,,,,,CEIS MARIA S CAMACHO,MARIA S CAMACHO,OD17261408,4179643,,142136,NACIONAL,,,,,,12,12,24,30,21,51,42,33,75,0,0,0,0,0,0,0,0,0,0,0,0,0,0,0,75,24,51,0,,,0,0,
471,CARDENAL QUINTERO,SANTO DOMINGO,ESCUELA,,21000,,,,,,,,,,,,,,,,,,,,,,,,,G-E MARTHA GONZALEZ,MARTHA GONZALEZ,OD00881408,6737510,,140404,NACIONAL,,,,,,0,0,0,0,0,0,0,0,0,272,285,557,0,0,0,0,0,0,0,0,0,0,0,0,557,0,0,24,,,0,0,
472,CARDENAL QUINTERO,LAS PIEDRAS,ESCUELA,20000,21000,,,,,,,,,,,,,,,,,,,,,,,,,ESCUELA LUIS BELTRAN PRIETO FIGUEROA,LUIS BELTRAN PRIETO FIGUEROA,OD03901408,,,140408,ESTADAL,,,,,,0,0,0,1,5,6,1,5,6,17,9,26,0,0,0,0,0,0,0,0,0,0,0,0,32,0,1,6,,,0,0,
473,CARDENAL QUINTERO,LAS PIEDRAS,ESCUELA,20000,21000,,,,,,,,,,,,,,,,,,,,,,,,,ESCUELA MARIA ISABEL RONDON,MARIA ISABEL RONDON,OD03931408,,,140407,ESTADAL,,,,,,0,0,0,0,1,1,0,1,1,9,7,16,0,0,0,0,0,0,0,0,0,0,0,0,17,0,1,6,,,0,0,
474,CARDENAL QUINTERO,LAS PIEDRAS,ESCUELA,20000,21000,,,,,,,,,,,,,,,,,,,,,,,,,ESCUELA AUGUSTO MIJARES,AUGUSTO MIJARES,OD03911408,,,140410,ESTADAL,,,,,,0,0,0,6,6,12,6,6,12,31,34,65,0,0,0,0,0,0,0,0,0,0,0,0,77,0,0,7,,,0,0,
475,CARDENAL QUINTERO,LAS PIEDRAS,ESCUELA,,21000,,,,,,,,,,,,,,,,,,,,,,,,,ESCUELA CARLOS CRUZ DIEZ,CARLOS CRUZ DIEZ,OD03971408,,,141846,ESTADAL,,,,,,0,0,0,0,0,0,0,0,0,7,8,15,0,0,0,0,0,0,0,0,0,0,0,0,15,0,0,6,,,0,0,
476,CARDENAL QUINTERO,LAS PIEDRAS,COMPLEJO EDUCATIVO,20000,21000,31060,,CIENCIA Y TECNOLOGIA,,,,,,,,,,,,,,,,,,,,,,COMPLEJO EDUCATIVO JOSE MARÍA CARREÑO,JOSE MARÍA CARREÑO,OD03881408,,,140413,ESTADAL,,,,,,0,0,0,16,10,26,16,10,26,25,33,58,24,10,34,0,0,0,0,0,0,0,0,0,118,0,0,0,,,0,0,
477,CARDENAL QUINTERO,LAS PIEDRAS,ESCUELA,20000,21000,,,,,,,,,,,,,,,,,,,,,,,,,ESCUELA RIFINO BLANCO FOMBONA,RIFINO BLANCO FOMBONA,OD03921408,,,140406,ESTADAL,,,,,,0,0,0,6,6,12,6,6,12,16,22,38,0,0,0,0,0,0,0,0,0,0,0,0,50,0,1,6,,,0,0,
478,CARDENAL QUINTERO,LAS PIEDRAS,ESCUELA,,21000,,,,,,,,,,,,,,,,,,,,,,,,,ESCUELA RAMON DIAZ SANCHEZ,RAMON DIAZ SANCHEZ,OD15971408,,,142040,ESTADAL,,,,,,0,0,0,0,0,0,0,0,0,8,3,11,0,0,0,0,0,0,0,0,0,0,0,0,11,0,0,0,,,0,0,
479,CARDENAL QUINTERO,LAS PIEDRAS,ESCUELA,,21000,,,,,,,,,,,,,,,,,,,,,,,,,ESCUELA MARIA FLORENRTINA JEREZ,MARIA FLORENRTINA JEREZ,OD03941408,,,140409,ESTADAL,,,,,,0,0,0,5,6,11,5,6,11,30,19,49,0,0,0,0,0,0,0,0,0,0,0,0,60,0,1,7,,,0,0,
480,CARDENAL QUINTERO,LAS PIEDRAS,ESCUELA,,21000,,,,,,,,,,,,,,,,,,,,,,,,,ESCUELA MARIANO MONTILLA,MARIANO MONTILLA,OD03951408,,,140411,ESTADAL,,,,,,0,0,0,0,0,0,0,0,0,0,4,4,0,0,0,0,0,0,0,0,0,0,0,0,4,0,0,0,,,0,0,
481,CARDENAL QUINTERO,SANTO DOMINGO,ESCUELA,20000,21000,,,,,,,,,,,,,,,,,,,,,,,,,ESCUELA DOMINGO ANTONIO IZARRA,DOMINGO ANTONIO IZARRA,OD03891408,,,140405,ESTADAL,,,,,,0,0,0,2,3,5,2,3,5,14,17,31,0,0,0,0,0,0,0,0,0,0,0,0,36,0,1,6,,,0,0,
482,GUARAQUE,GUARAQUE,ESCUELA,20000,21000,,,,,,,,,,,,,,,,,,,,,,,,,G E-ESTADO ARAGUA,FIDELIA MOLINA DE RAMIREZ,OD02121409,6734555,,140443,NACIONAL,,,,,,5,8,13,18,27,45,23,35,58,58,53,111,0,0,0,0,0,0,0,0,0,0,0,0,169,13,45,7,,,0,0,
483,GUARAQUE,GUARAQUE,LICEO,,,31059,,CIENCIAS,,,,,,,,,,,,,,,,,,,,,,CB-VIIIGDO GUARAQUE,JAVIER ELIAS ROA SANCHEZ,S1541D1409,7912241,,140422,NACIONAL,,,,,,0,0,0,0,0,0,0,0,0,0,0,0,104,83,187,0,0,0,0,0,0,0,0,0,187,0,0,0,,,0,0,
484,GUARAQUE,GUARAQUE,COMPLEJO EDUCATIVO,20000,21000,31059,,CIENCIAS,,,,,,,,,,,,,,,,,,,,,,UEB LEOVIGILDA ROA DE ROA,LEOVIGILDA ROA DE ROA,OD08221409,6590629,,140417,NACIONAL,,,,,,1,4,5,3,2,5,4,6,10,11,18,29,18,8,26,0,0,0,0,0,0,0,0,0,65,1,1,3,,,0,0,
485,GUARAQUE,GUARAQUE,ESCUELA,20000,21000,,,,,,,,,,,,,,,,,,,,,,,,,NER-NUC ESC RURAL N 197,ANTONIA RAMIREZ DE SANTANA,OD08231409,6970197,,140428,NACIONAL,,,,,,0,0,0,0,2,2,0,2,2,4,8,12,0,0,0,0,0,0,0,0,0,0,0,0,14,0,1,1,,,0,0,
486,GUARAQUE,GUARAQUE,ESCUELA,20000,21000,,,,,,,,,,,,,,,,,,,,,,,,,NER-NUC ESC RURAL N 197,CAYETANA RAMÍREZ DE SÁNCHEZ,OD08211409,6970197,,140420,NACIONAL,,,,,,0,0,0,3,2,5,3,2,5,18,12,30,0,0,0,0,0,0,0,0,0,0,0,0,35,0,1,6,,,0,0,
487,GUARAQUE,GUARAQUE,ESCUELA,,21000,,,,,,,,,,,,,,,,,,,,,,,,,NER-NUC ESC RURAL N 197,PERSILIANO CONTRERAS,OD09791409,6970197,,141451,NACIONAL,,,,,,0,0,0,0,0,0,0,0,0,4,7,11,0,0,0,0,0,0,0,0,0,0,0,0,11,0,0,6,,,0,0,
488,GUARAQUE,MESA QUINTERO,ESCUELA,,21000,,,,,,,,,,,,,,,,,,,,,,,,,ESC-MESA DE QUINTERO,LIGIA ESPERANZA MOLINA QUINTERO,OD01941409,6566420,,140442,NACIONAL,,,,,,0,0,0,0,0,0,0,0,0,68,78,146,0,0,0,0,0,0,0,0,0,0,0,0,146,0,0,9,,,0,0,
489,GUARAQUE,MESA QUINTERO,LICEO,,,31059,,CIENCIAS,,,,,,,,,,,,,,,,,,,,,,CB-VIIIGDO GUARAQUE,BAUDILIO QUINTERO PÉREZ,OD12161409,7912241,,142212,NACIONAL,,,,,,0,0,0,0,0,0,0,0,0,0,0,0,52,44,96,0,0,0,0,0,0,0,0,0,96,0,0,0,,,0,0,
490,GUARAQUE,RIO NEGRO,ESCUELA,20000,21000,,,,,,,,,,,,,,,,,,,,,,,,,UEB VICENTE ALARCÓN,VICENTE ALARCÓN,OD08261409,7912241,,141449,NACIONAL,,,,,,0,0,0,3,1,4,3,1,4,23,35,58,0,0,0,0,0,0,0,0,0,0,0,0,62,0,1,6,,,0,0,
491,GUARAQUE,RIO NEGRO,ESCUELA,20000,21000,,,,,,,,,,,,,,,,,,,,,,,,,NER-NUC ESC RURAL N 197,ELIBERTO CONTRERAS,OD09801409,6970197,,140421,NACIONAL,,,,,,0,0,0,4,1,5,4,1,5,17,37,54,0,0,0,0,0,0,0,0,0,0,0,0,59,0,5,3,,,0,0,
492,GUARAQUE,RIO NEGRO,COMPLEJO EDUCATIVO,20000,21000,31059,,CIENCIAS,,,,,,,,,,,,,,,,,,,,,,NER RIO NEGRO,LUCILA NOGUERA DE MORA,OD08241409,6942113,,141178,NACIONAL,,,,,,0,0,0,5,5,10,5,5,10,30,28,58,13,12,25,0,0,0,0,0,0,0,0,0,93,0,1,6,,,0,0,
493,GUARAQUE,RIO NEGRO,ESCUELA,,21000,,,,,,,,,,,,,,,,,,,,,,,,,ESCUELA  FIDEL ALCIDES RAMIREZ MOLINA,FIDEL ALCIDES RAMIREZ MOLINA,OD09781409,6970197,,141728,NACIONAL,,,,,,0,0,0,0,0,0,0,0,0,8,9,17,0,0,0,0,0,0,0,0,0,0,0,0,17,0,0,6,,,0,0,
494,GUARAQUE,RIO NEGRO,ESCUELA,,21000,,,,,,,,,,,,,,,,,,,,,,,,,ESCUELA  RAMON NOGUERA ARAQUE,RAMON NOGUERA ARAQUE,OD09701409,6970197,,141452,NACIONAL,,,,,,0,0,0,0,0,0,0,0,0,4,3,7,0,0,0,0,0,0,0,0,0,0,0,0,7,0,0,6,,,0,0,
495,GUARAQUE,RIO NEGRO,ESCUELA TECNICA,,,46070,ECONOMÍA SOCIAL,CONTABILIDAD,,,,,,,,,,,,,,,,,,,,,,ETC LUIS MARIA RIVAS D,LUIS MARIA RIVAS DAVILA,OD00201409,6566420,,141790,NACIONAL,,,,,,0,0,0,0,0,0,0,0,0,0,0,0,0,0,0,99,57,156,0,0,0,0,0,0,156,0,0,0,,,0,0,
496,GUARAQUE,RIO NEGRO,ESCUELA,20000,21000,,,,,,,,,,,,,,,,,,,,,,,,,UEB VIRGINIA GARCIA DE DAV,VIRGINIA GARCÍA DE DAVILA,OD09581409,6590708,,140440,NACIONAL,,,,,,0,0,0,13,8,21,13,8,21,40,39,79,0,0,0,0,0,0,0,0,0,0,0,0,100,0,21,6,,,0,0,
497,GUARAQUE,RIO NEGRO,ESCUELA,20000,21000,,,,,,,,,,,,,,,,,,,,,,,,,NER RIO NEGRO,JUANA DE LA MERCED CAMACHO GARCIA,OD08251409,6942113,,140439,NACIONAL,,,,,,1,1,2,5,4,9,6,5,11,31,37,68,0,0,0,0,0,0,0,0,0,0,0,0,79,1,1,6,,,0,0,
498,GUARAQUE,RIO NEGRO,ESCUELA,20000,21000,,,,,,,,,,,,,,,,,,,,,,,,,NER RIO NEGRO,ANGEL DOMINGO MOLINA,OD08271409,6942113,,140434,NACIONAL,,,,,,0,0,0,3,1,4,3,1,4,23,18,41,0,0,0,0,0,0,0,0,0,0,0,0,45,0,2,6,,,0,0,
499,GUARAQUE,GUARAQUE,ESCUELA,20000,21000,,,,,,,,,,,,,,,,,,,,,,,,,ESCUELA GROGORIO MORA LEONI,GROGORIO MORA LEONI,OD12141409,,,140430,ESTADAL,,,,,,0,0,0,1,4,5,1,4,5,17,14,31,0,0,0,0,0,0,0,0,0,0,0,0,36,0,1,6,,,0,0,
500,GUARAQUE,GUARAQUE,ESCUELA,20000,21000,,,,,,,,,,,,,,,,,,,,,,,,,ESCUELA FELICITO MONTOYA SERRANO,FELICITO MONTOYA SERRANO,OD02251409,,,140418,ESTADAL,,,,,,0,0,0,2,1,3,2,1,3,16,14,30,0,0,0,0,0,0,0,0,0,0,0,0,33,0,1,6,,,0,0,
501,GUARAQUE,GUARAQUE,ESCUELA,20000,21000,,,,,,,,,,,,,,,,,,,,,,,,,ESCUELA ANA REYES RUJANO MENDEZ,ANA REYES RUJANO MENDEZ,OD12091409,,,140416,ESTADAL,,,,,,0,0,0,3,5,8,3,5,8,8,11,19,0,0,0,0,0,0,0,0,0,0,0,0,27,0,1,3,,,0,0,
502,GUARAQUE,GUARAQUE,ESCUELA,20000,21000,,,,,,,,,,,,,,,,,,,,,,,,,ESCUELA DORA JOSEFINA MARQUEZ CASTRO,DORA JOSEFINA MARQUEZ CASTRO,OD12151409,,,140431,ESTADAL,,,,,,0,0,0,5,3,8,5,3,8,6,10,16,0,0,0,0,0,0,0,0,0,0,0,0,24,0,1,2,,,0,0,
503,GUARAQUE,GUARAQUE,ESCUELA,20000,21000,,,,,,,,,,,,,,,,,,,,,,,,,ESCUELA VIRGINIA MARTINEZ DE MORENO,VIRGINIA MARTINEZ DE MORENO,OD12121409,,,140427,ESTADAL,,,,,,0,0,0,5,0,5,5,0,5,14,10,24,0,0,0,0,0,0,0,0,0,0,0,0,29,0,1,6,,,0,0,
504,GUARAQUE,GUARAQUE,ESCUELA,20000,21000,,,,,,,,,,,,,,,,,,,,,,,,,ESCUELA EGLEIDY LIZBETH  RAMIREZ MOLINA,EGLEIDY LIZBETH  RAMIREZ MOLINA,OD12111409,,,140426,ESTADAL,,,,,,0,0,0,12,7,19,12,7,19,22,21,43,0,0,0,0,0,0,0,0,0,0,0,0,62,0,2,6,,,0,0,
505,GUARAQUE,GUARAQUE,ESCUELA,20000,21000,,,,,,,,,,,,,,,,,,,,,,,,,ESCUELA MANUEL AMABLE CONTRERAS,MANUEL AMABLE CONTRERAS,OD12131409,,,140429,ESTADAL,,,,,,0,0,0,2,7,9,2,7,9,12,16,28,0,0,0,0,0,0,0,0,0,0,0,0,37,0,1,6,,,0,0,
506,GUARAQUE,GUARAQUE,ESCUELA,20000,21000,31059,MEDIA GENERAL,CIENCIAS,,,,,,,,,,,,,,,,,,,,,,ESCUELA. FÉLIX MARQUEZ MÉNDEZ,FÉLIX MARQUEZ MÉNDEZ,OD12101409,,,140424,ESTADAL,,,,,,0,0,0,2,2,4,2,2,4,21,13,34,20,10,30,0,0,0,0,0,0,0,0,0,68,0,1,6,,,0,0,
507,GUARAQUE,GUARAQUE,ESCUELA,20000,21000,,,,,,,,,,,,,,,,,,,,,,,,,ESCUELA AZAEL CONTRERAS,AZAEL CONTRERAS,OD08311409,,,141178,ESTADAL,,,,,,0,0,0,4,2,6,4,2,6,10,20,30,0,0,0,0,0,0,0,0,0,0,0,0,36,0,1,6,,,0,0,
508,GUARAQUE,MESA QUINTERO,ESCUELA,20000,21000,,,,,,,,,,,,,,,,,,,,,,,,,ESCUELA LUIS EMIRO GARCÍA,LUIS EMIRO GARCÍA,OD08301409,,,140433,ESTADAL,,,,,,0,0,0,3,8,11,3,8,11,20,22,42,0,0,0,0,0,0,0,0,0,0,0,0,53,0,2,0,,,0,0,
509,GUARAQUE,MESA QUINTERO,ESCUELA,20000,21000,,,,,,,,,,,,,,,,,,,,,,,,,ESCUELA RITA ELENA MÁRQUEZ,RITA ELENA MÁRQUEZ,OD08341409,,,140432,ESTADAL,,,,,,0,0,0,3,7,10,3,7,10,7,8,15,0,0,0,0,0,0,0,0,0,0,0,0,25,0,1,1,,,0,0,"{""preescolar"":{""U"":1}}"
510,GUARAQUE,RIO NEGRO,ESCUELA,20000,21000,,,,,,,,,,,,,,,,,,,,,,,,,ESCUELA MARTA GARCÍA  GARCIA,MARTA GARCÍA  GARCIA,OD08291409,,,140435,ESTADAL,,,,,,0,0,0,5,3,8,5,3,8,25,14,39,0,0,0,0,0,0,0,0,0,0,0,0,47,0,1,6,,,0,0,
511,GUARAQUE,RIO NEGRO,ESCUELA,20000,21000,,,,,,,,,,,,,,,,,,,,,,,,,ESCUELA HECTOR MOLINA,HECTOR MOLINA,OD08331409,,,140438,ESTADAL,,,,,,0,0,0,2,2,4,2,2,4,7,13,20,0,0,0,0,0,0,0,0,0,0,0,0,24,0,1,6,,,0,0,
512,GUARAQUE,RIO NEGRO,ESCUELA,20000,21000,,,,,,,,,,,,,,,,,,,,,,,,,ESCUELA HECTOR MOLINA,HECTOR MOLINA,OD08321409,,,140438,ESTADAL,,,,,,0,0,0,7,3,10,7,3,10,6,14,20,0,0,0,0,0,0,0,0,0,0,0,0,30,0,1,6,,,0,0,
513,JULIO CESAR,ARAPUEY,ESCUELA,,21000,,,,,,,,,,,,,,,,,,,,,,,,,ESC-ROBERTO PICON LARES,ROBERTO PICON LARES,OD01021410,6567900,,140462,NACIONAL,,,,,,0,0,0,0,0,0,0,0,0,421,428,849,0,0,0,0,0,0,0,0,0,0,0,0,849,0,0,36,,,0,0,"{""primaria"":{""5C"":27,""1C"":25,""3F"":24,""1F"":25}}"
514,JULIO CESAR,ARAPUEY,INSTITUTO DE EDUCACION ESPECIAL,,,,,,,,,,,,,,,,,,,,,,,,,,,IEE-EL VIGIA,SIMON RODRIGUEZ,OD17001410,6502613,,142114,NACIONAL,,,,,,0,0,0,0,0,0,0,0,0,0,0,0,0,0,0,0,0,0,0,0,0,0,0,0,0,0,0,0,,,0,0,
515,JULIO CESAR,ARAPUEY,PREESCOLAR,20000,,,,,,,,,,,,,,,,,,,,,,,,,,J.I.ROBERTO PICON LARES,ANA YLDA UZCATEGUI DE BASTIDAS,OD17131410,4108685,,142124,NACIONAL,,,,,,38,25,63,77,90,167,115,115,230,0,0,0,0,0,0,0,0,0,0,0,0,0,0,0,230,6,8,0,,,0,0,
516,JULIO CESAR,ARAPUEY,ESCUELA,20000,21000,41049,AGROPECUARIA,CIENCIAS AGRÍCOLAS Y PECUARIAS,,,,,,,,,,,,,,,,,,,,,,ESC-ROBERTO PICON LARES,MARIA DALIA DURAN DE MONTILLA,OD17141410,6567900,,142245,NACIONAL,,,,,,0,0,0,4,4,8,4,4,8,15,18,33,0,0,0,11,12,23,0,0,0,0,0,0,64,0,1,6,,,0,0,
517,JULIO CESAR,ARAPUEY,LICEO,,,31060,,TECNOLOGIA E INOVACION,,,,,,,,,,,,,,,,,,,,,,C B-ROBERTO PICON LARES,JOSE AMERICO TORRES,S1068D1410,7911160,,140459,NACIONAL,,,,,,0,0,0,0,0,0,0,0,0,0,0,0,275,367,642,0,0,0,0,0,0,0,0,0,642,0,0,0,,,0,0,
518,JULIO CESAR,ARAPUEY,LICEO,,,31058,,CIENCIAS,,,,,,,,,,,,,,,,,,,,,,CCB-ARAPUEY,EMIRA MATHEUS,S3379N1410,7911504,,141642,NACIONAL,,,,,,0,0,0,0,0,0,0,0,0,0,0,0,46,41,87,0,0,0,0,0,0,0,0,0,87,0,0,0,,,0,0,
519,JULIO CESAR,PALMIRA,ESCUELA,20000,21000,43294,INDUSTRIAL,MECATRONICA,,,,,,,,,,,,,,,,,,,,,,E B-PALMIRA,RESURRECCION ARAQUE,OD12271410,7934486,,140454,NACIONAL,,,,,,0,0,0,7,5,12,7,5,12,10,21,31,0,0,0,0,0,0,0,0,0,0,0,0,43,0,1,6,,,0,0,
520,JULIO CESAR,PALMIRA,ESCUELA,20000,21000,31060,MEDIA GENERAL,CIENCIAS Y TECNOLOGIA,41049,AGROPECUARIA,CIENCIAS AGRÍCOLAS Y PECUARIAS,41052,AGROPECUARIA,TECNOLOGÍA DE LOS ALIMENTOS,43294,INDUSTRIAL,MECATRONICA,45041,SALUD,ENFERMERÍA,,,,,,,,,,E B-PALMIRA,OMAR GREGORIO RIVAS,S2855D1410,7934486,,140458,NACIONAL,,,,,,0,0,0,15,26,41,15,26,41,91,71,162,55,32,87,32,30,62,0,0,0,0,0,0,352,0,2,6,,,0,0,"{""primaria"":{""3U"":16},""preescolar"":{""A"":15}}"
521,JULIO CESAR,ARAPUEY,ESCUELA,20000,21000,,,,,,,,,,,,,,,,,,,,,,,,,DELFIN RAMON QUIROZ DURAN,DELFIN RAMON QUIROZ DURAN,OD00961410,,,140450,ESTADAL,,,,,,0,0,0,1,0,1,1,0,1,5,1,6,0,0,0,0,0,0,0,0,0,0,0,0,7,0,1,1,,,0,0,
522,JULIO CESAR,ARAPUEY,ESCUELA,20000,21000,,,,,,,,,,,,,,,,,,,,,,,,,MAXIMO RAMIREZ,MAXIMO RAMIREZ,OD01121410,,,140445,ESTADAL,,,,,,0,0,0,3,2,5,3,2,5,22,23,45,0,0,0,0,0,0,0,0,0,0,0,0,50,0,1,6,,,0,0,
523,JULIO CESAR,ARAPUEY,ESCUELA,20000,21000,,,,,,,,,,,,,,,,,,,,,,,,,NATIVIDAD PEÑA UTRILLA,NATIVIDAD PEÑA UTRILLA,OD12191410,,,141610,ESTADAL,,,,,,0,0,0,1,0,1,1,0,1,3,0,3,0,0,0,0,0,0,0,0,0,0,0,0,4,0,1,1,,,0,0,
524,JULIO CESAR,ARAPUEY,ESCUELA,20000,21000,,,,,,,,,,,,,,,,,,,,,,,,,JOSE MIGUEL FERNANDEZ RIVAS,JOSE MIGUEL FERNANDEZ RIVAS,OD12241410,,,140446,ESTADAL,,,,,,0,0,0,6,11,17,6,11,17,59,65,124,0,0,0,0,0,0,0,0,0,0,0,0,141,0,1,6,,,0,0,
525,JULIO CESAR,ARAPUEY,ESCUELA,20000,21000,,,,,,,,,,,,,,,,,,,,,,,,,JOSE ELPIDIO SALCEDO,JOSE ELPIDIO SALCEDO,OD12251410,,,140447,ESTADAL,,,,,,0,0,0,2,3,5,2,3,5,26,11,37,0,0,0,0,0,0,0,0,0,0,0,0,42,0,1,3,,,0,0,
526,JULIO CESAR,ARAPUEY,COMPLEJO EDUCATIVO,20000,21000,31059,,CIENCIAS,,,,,,,,,,,,,,,,,,,,,,BRAULIO BELANDRIA,BRAULIO BELANDRIA,OD12261410,,,140448,ESTADAL,,,,,,0,0,0,16,10,26,16,10,26,58,55,113,110,82,192,0,0,0,0,0,0,0,0,0,331,0,1,6,,,0,0,
527,JULIO CESAR,ARAPUEY,ESCUELA,20000,21000,,,,,,,,,,,,,,,,,,,,,,,,,ELISABEL SIERRA MARTINEZ,ELISABEL SIERRA MARTINEZ,OD12291410,,,140456,ESTADAL,,,,,,0,0,0,6,4,10,6,4,10,16,21,37,0,0,0,0,0,0,0,0,0,0,0,0,47,0,1,6,,,0,0,
528,JULIO CESAR,ARAPUEY,COMPLEJO EDUCATIVO,20000,21000,31059,MEDIA GENERAL,CIENCIAS,41056,AGROPECUARIA,"CIENCIAS AGRÍCOLAS, OPCIÓN CACAO",,,,,,,,,,,,,,,,,,,21208,21208,OD12311410,,,140460,ESTADAL,,,,,,0,0,0,6,7,13,6,7,13,44,42,86,16,16,32,34,28,62,0,0,0,0,0,0,193,0,1,6,,,0,0,
529,JULIO CESAR,ARAPUEY,ESCUELA,20000,21000,,,,,,,,,,,,,,,,,,,,,,,,,JOSE SABAS MONTILLA,JOSE SABAS MONTILLA,OD12321410,,,140461,ESTADAL,,,,,,13,15,28,17,20,37,30,35,65,53,79,132,0,0,0,0,0,0,0,0,0,0,0,0,197,3,2,7,,,0,0,
530,JULIO CESAR,ARAPUEY,ESCUELA,,21000,,,,,,,,,,,,,,,,,,,,,,,,,LUISA CACERES DE ARISMENDI,LUISA CACERES DE ARISMENDI,OD16341410,,,142085,ESTADAL,,,,,,0,0,0,0,0,0,0,0,0,1,1,2,0,0,0,0,0,0,0,0,0,0,0,0,2,0,0,1,,,0,0,
531,JULIO CESAR,PALMIRA,ESCUELA,20000,21000,,,,,,,,,,,,,,,,,,,,,,,,,SANTA CRUZ,SANTA CRUZ,OD12161410,,,140455,ESTADAL,,,,,,0,0,0,1,3,4,1,3,4,32,20,52,0,0,0,0,0,0,0,0,0,0,0,0,56,0,1,6,,,0,0,
532,JULIO CESAR,PALMIRA,ESCUELA,20000,21000,,,,,,,,,,,,,,,,,,,,,,,,,SAN LORENZO,SAN LORENZO,OD12181410,,,141608,ESTADAL,,,,,,0,0,0,16,10,26,16,10,26,45,64,109,0,0,0,0,0,0,0,0,0,0,0,0,135,0,1,6,,,0,0,
533,JULIO CESAR,PALMIRA,COMPLEJO EDUCATIVO,20000,21000,31059,,CIENCIAS,,,,,,,,,,,,,,,,,,,,,,JOSE DE LA CRUZ ARAUJO GONZALEZ,JOSE DE LA CRUZ ARAUJO GONZALEZ,OD12231410,,,140444,ESTADAL,,,,,,0,0,0,5,5,10,5,5,10,29,42,71,87,61,148,0,0,0,0,0,0,0,0,0,229,0,1,6,,,0,0,
534,JULIO CESAR,PALMIRA,ESCUELA,20000,21000,,,,,,,,,,,,,,,,,,,,,,,,,RAMON IGNACIO VERGARA,RAMON IGNACIO VERGARA,OD12281410,,,140452,ESTADAL,,,,,,0,0,0,8,10,18,8,10,18,64,50,114,0,0,0,0,0,0,0,0,0,0,0,0,132,0,2,6,,,0,0,
535,JULIO CESAR,PALMIRA,ESCUELA,20000,21000,,,,,,,,,,,,,,,,,,,,,,,,,JOSE NATIVIDAD TORRES DIAZ,JOSE NATIVIDAD TORRES DIAZ,OD12301410,,,140457,ESTADAL,,,,,,0,0,0,6,5,11,6,5,11,19,23,42,0,0,0,0,0,0,0,0,0,0,0,0,53,0,1,6,,,0,0,
536,JUSTO BRICEÑO,SAN CRISTOBAL,ESCUELA,20000,21000,,,,,,,,,,,,,,,,,,,,,,,,,ESC- SAN CRISTOBAL,SAN CRISTOBAL,OD01061411,6568030,,140478,NACIONAL,,,,,,0,0,0,22,14,36,22,14,36,42,55,97,0,0,0,0,0,0,0,0,0,0,0,0,133,0,36,1,,,0,0,
537,JUSTO BRICEÑO,SAN CRISTOBAL,COMPLEJO EDUCATIVO,20000,21000,41049,AGROPECUARIA,CIENCIAS AGRÍCOLAS Y PECUARIAS,42000,HIDROCARBUROS,PETRÓLEO Y GAS NATURAL,45041,SALUD,ENFERMERÍA,,,,,,,,,,,,,,,,LB SAN CRISTOBAL,SAN CRISTOBAL,OD17491411,7950868,,142178,NACIONAL,,,,,,0,0,0,0,0,0,0,0,0,0,0,0,0,0,0,55,29,84,0,0,0,0,0,0,84,0,0,0,,,0,0,
538,JUSTO BRICEÑO,TORONDOY,ESCUELA,20000,21000,,,,,,,,,,,,,,,,,,,,,,,,,NER-NUC ESC RURAL N 431,RUFINO BETANCOURT TORRES,OD09621411,6970431,,141479,NACIONAL,,,,,,0,0,0,4,0,4,4,0,4,12,11,23,0,0,0,0,0,0,0,0,0,0,0,0,27,0,1,6,,,0,0,
539,JUSTO BRICEÑO,TORONDOY,ESCUELA,20000,21000,,,,,,,,,,,,,,,,,,,,,,,,,ESC- BRICE/O MENDEZ,BRICEÑO MENDEZ,OD00971411,6562190,,140476,NACIONAL,,,,,,11,9,20,33,26,59,44,35,79,118,151,269,0,0,0,0,0,0,0,0,0,0,0,0,348,4,5,17,,,0,0,"{""maternal"":{""C"":5,""D"":5},""primaria"":{""3D"":5,""2D"":4,""6B"":16,""5D"":2,""4D"":5},""preescolar"":{""E"":1}}"
540,JUSTO BRICEÑO,TORONDOY,LICEO,,,31059,,CIENCIAS,31060,,CIENCIA Y TECNOLOGIA,,,,,,,,,,,,,,,,,,,C B- TORONDOY,ARMANDO REVERÓN,S1359D1411,7918810,,140463,NACIONAL,,,,,,0,0,0,0,0,0,0,0,0,0,0,0,99,89,188,0,0,0,0,0,0,0,0,0,188,0,0,0,,,0,0,
541,JUSTO BRICEÑO,SAN CRISTOBAL,ESCUELA,20000,21000,,,,,,,,,,,,,,,,,,,,,,,,,SAN ANTONIO,SAN ANTONIO,OD09631411,,,140475,ESTADAL,,,,,,0,0,0,7,12,19,7,12,19,8,18,26,0,0,0,0,0,0,0,0,0,0,0,0,45,0,2,12,,,0,0,
542,JUSTO BRICEÑO,SAN CRISTOBAL,ESCUELA,20000,21000,,,,,,,,,,,,,,,,,,,,,,,,,EL COHETE,MANUEL GUAL,OD09641411,,,141972,ESTADAL,,,,,,0,0,0,1,4,5,1,4,5,11,19,30,0,0,0,0,0,0,0,0,0,0,0,0,35,0,2,12,,,0,0,
543,JUSTO BRICEÑO,SAN CRISTOBAL,ESCUELA,20000,21000,,,,,,,,,,,,,,,,,,,,,,,,,EL SANTIAGO,MARIA MONTESSORI,OD09611411,,,141237,ESTADAL,,,,,,0,0,0,1,3,4,1,3,4,9,11,20,0,0,0,0,0,0,0,0,0,0,0,0,24,0,1,6,,,0,0,
544,JUSTO BRICEÑO,SAN CRISTOBAL,ESCUELA,20000,21000,,,,,,,,,,,,,,,,,,,,,,,,,EL NIGUAS,SIMON RODRIGUEZ,OD09651411,,,140474,ESTADAL,,,,,,0,0,0,5,5,10,5,5,10,14,24,38,0,0,0,0,0,0,0,0,0,0,0,0,48,0,1,6,,,0,0,
545,JUSTO BRICEÑO,TORONDOY,ESCUELA,,21000,,,,,,,,,,,,,,,,,,,,,,,,,MUCUMPIS,HERMELINDA DEL CARMEN BONILLA,OD05211411,,,140464,ESTADAL,,,,,,0,0,0,0,0,0,0,0,0,9,14,23,0,0,0,0,0,0,0,0,0,0,0,0,23,0,0,1,,,0,0,
546,JUSTO BRICEÑO,TORONDOY,ESCUELA,20000,21000,,,,,,,,,,,,,,,,,,,,,,,,,JUMANGAL,LUIS RAMÓN CAMACHO,OD05221411,,,140470,ESTADAL,,,,,,0,0,0,6,4,10,6,4,10,21,19,40,0,0,0,0,0,0,0,0,0,0,0,0,50,0,1,1,,,0,0,
547,JUSTO BRICEÑO,TORONDOY,ESCUELA,20000,21000,,,,,,,,,,,,,,,,,,,,,,,,,EL COGOLLAL,OLGA MARGARITA PARRA,OD05241411,,,140468,ESTADAL,,,,,,0,0,0,0,0,0,0,0,0,7,2,9,0,0,0,0,0,0,0,0,0,0,0,0,9,0,0,4,,,0,0,
548,JUSTO BRICEÑO,TORONDOY,ESCUELA,20000,21000,,,,,,,,,,,,,,,,,,,,,,,,,LOS TORITOS,PEDRO ANÍBAL CABRERA,OD12351411,,,140472,ESTADAL,,,,,,0,0,0,0,5,5,0,5,5,10,6,16,0,0,0,0,0,0,0,0,0,0,0,0,21,0,1,6,,,0,0,
549,JUSTO BRICEÑO,TORONDOY,ESCUELA,20000,21000,,,,,,,,,,,,,,,,,,,,,,,,,EL CIBAL,ISABEL MONTILLA,OD05301411,,,140473,ESTADAL,,,,,,0,0,0,1,4,5,1,4,5,4,15,19,0,0,0,0,0,0,0,0,0,0,0,0,24,0,1,6,,,0,0,"{""preescolar"":{""U"":5}}"
550,JUSTO BRICEÑO,TORONDOY,ESCUELA,,21000,,,,,,,,,,,,,,,,,,,,,,,,,SAN ISIDRO,ANA MARÍA REYES,OD05231411,,,141688,ESTADAL,,,,,,0,0,0,0,0,0,0,0,0,13,9,22,0,0,0,0,0,0,0,0,0,0,0,0,22,0,0,6,,,0,0,
551,JUSTO BRICEÑO,TORONDOY,ESCUELA,20000,21000,,,,,,,,,,,,,,,,,,,,,,,,,SAN FELIPE,CARLOS ANTONIO MORENO,OD05261411,,,140467,ESTADAL,,,,,,2,2,4,5,1,6,7,3,10,9,13,22,0,0,0,0,0,0,0,0,0,0,0,0,32,1,1,6,,,0,0,"{""maternal"":{""U"":4}}"
552,JUSTO BRICEÑO,TORONDOY,ESCUELA,20000,21000,,,,,,,,,,,,,,,,,,,,,,,,,LA VICTORIA,JOSÉ VIRGILIO TERÁN,OD17501411,,,142151,ESTADAL,,,,,,0,0,0,2,1,3,2,1,3,5,5,10,0,0,0,0,0,0,0,0,0,0,0,0,13,0,1,6,,,0,0,
553,JUSTO BRICEÑO,TORONDOY,ESCUELA,20000,21000,,,,,,,,,,,,,,,,,,,,,,,,,MUCUTUBAN,SANTA ROSA,OD05281411,,,140471,ESTADAL,,,,,,0,0,0,4,2,6,4,2,6,10,12,22,0,0,0,0,0,0,0,0,0,0,0,0,28,0,1,6,,,0,0,
554,JUSTO BRICEÑO,TORONDOY,ESCUELA,20000,21000,,,,,,,,,,,,,,,,,,,,,,,,,BELLA VISTA,HUGO RAFAEL CHÁVEZ FRÍAS,OD16351411,,,142035,ESTADAL,,,,,,0,0,0,2,2,4,2,2,4,9,11,20,0,0,0,0,0,0,0,0,0,0,0,0,24,0,0,6,,,0,0,
555,JUSTO BRICEÑO,TORONDOY,COMPLEJO EDUCATIVO,20000,21000,31059,,CIENCIAS,,,,,,,,,,,,,,,,,,,,,,SANTA ROSA,JOSÉ MARÍA VARGAS,OD01051411,,,140477,ESTADAL,,,,,,0,0,0,5,5,10,5,5,10,29,40,69,21,12,33,0,0,0,0,0,0,0,0,0,112,0,1,6,,,0,0,
556,LIBERTADOR,ANTONIO SPINETTI DINI,PREESCOLAR,20000,,,,,,,,,,,,,,,,,,,,,,,,,,CPE-ANDRES BELLO,ANDRES BELLO,OD02321412,6530002,,140516,NACIONAL,,,,,,0,0,0,8,6,14,8,6,14,0,0,0,0,0,0,0,0,0,0,0,0,0,0,0,14,0,2,0,,,0,0,
557,LIBERTADOR,ANTONIO SPINETTI DINI,PREESCOLAR,20000,,,,,,,,,,,,,,,,,,,,,,,,,,FUND NAC EL NIÑO SIMON,JOSE GIL FORTOUL (ANTES EL ANDINITO),OD04101412,6590694,,140517,NACIONAL,,,,,,19,20,39,21,30,51,40,50,90,0,0,0,0,0,0,0,0,0,0,0,0,0,0,0,90,3,3,0,,,0,0,
558,LIBERTADOR,ANTONIO SPINETTI DINI,INSTITUTO DE EDUCACION ESPECIAL,,,,,,,,,,,,,,,,,,,,,,,,,,,IEE-OFELIA T DE CORREDOR,OFELIA TANCREDI DE CORREDOR,OD00251412,6418052,,141332,NACIONAL,,,,,,0,0,0,0,0,0,0,0,0,0,0,0,0,0,0,0,0,0,0,0,0,0,0,0,0,0,0,0,,,0,0,
559,LIBERTADOR,ANTONIO SPINETTI DINI,CENTRO DE ATENCION INTEGRAL PARA PERSONAS CON AUTISMO,,,,,,,,,,,,,,,,,,,,,,,,,,,LILIA TERESA NEGRON RUIZ,LILIA TERESA NEGRON RUIZ,OD17771412,,,142170,NACIONAL,,,,,,0,0,0,0,0,0,0,0,0,0,0,0,0,0,0,0,0,0,0,0,0,0,0,0,0,0,0,0,,,0,0,
560,LIBERTADOR,ANTONIO SPINETTI DINI,INSTITUTO DE EDUCACION ESPECIAL,,,,,,,,,,,,,,,,,,,,,,,,,,,IEE-LOS ANDES,ZAYDI LACRUZ (ANTES LOS ANDES),OD02811412,6412098,,141337,NACIONAL,,,,,,0,0,0,0,0,0,0,0,0,0,0,0,0,0,0,0,0,0,0,0,0,0,0,0,0,0,0,0,,,0,0,
561,LIBERTADOR,ANTONIO SPINETTI DINI,PREESCOLAR,20000,,,,,,,,,,,,,,,,,,,,,,,,,,FUND NAC EL NIÑO SIMON,DOMINGO SALAZAR ROJAS (ANTES ARCO IRIS),OD04091412,6590694,,140569,NACIONAL,,,,,,7,0,7,17,3,20,24,3,27,0,0,0,0,0,0,0,0,0,0,0,0,0,0,0,27,7,0,0,,,0,0,
562,LIBERTADOR,ANTONIO SPINETTI DINI,LICEO,,,31059,,CIENCIAS,31060,,CIENCIA Y TECNOLOGIA,,,,,,,,,,,,,,,,,,,C.B-ALBERTO CARNEVALI,ALBERTO CARNEVALLI,N0060D1412,5500100,,140564,NACIONAL,,,,,,0,0,0,0,0,0,0,0,0,0,0,0,165,135,300,0,0,0,0,0,0,0,0,0,300,0,0,0,,,0,0,
563,LIBERTADOR,ANTONIO SPINETTI DINI,ESCUELA TECNICA,,,43298,INDUSTRIAL,TELEMÁTICA,46067,ECONOMÍA SOCIAL,ADMINISTRACIÓN,46070,ECONOMÍA SOCIAL,CONTABILIDAD,46071,ECONOMÍA SOCIAL,TURISMO,,,,,,,,,,,,,ETC SIMON RODRIGUEZ,SIMON RODRIGUEZ,T0627D1412,7917725,,141382,NACIONAL,,,,,,0,0,0,0,0,0,0,0,0,0,0,0,0,0,0,310,216,526,0,0,0,0,0,0,526,0,0,0,,,0,0,
564,LIBERTADOR,ANTONIO SPINETTI DINI,ESCUELA,20000,21000,,,,,,,,,,,,,,,,,,,,,,,,,NUCLEO ESCOLAR RURAL 427,CECILIA MUJICA (ANTES BELLA VISTA),OD12721412,6970427,,141759,NACIONAL,,,,,,0,0,0,3,7,10,3,7,10,9,9,18,0,0,0,0,0,0,0,0,0,0,0,0,28,0,1,6,,,0,0,
565,LIBERTADOR,ARIAS,ESCUELA,20000,21000,,,,,,,,,,,,,,,,,,,,,,,,,NER-NUC ESC RURAL N 094,JOSE TRINIDAD MALDONADO,OD12651412,6970094,,141125,NACIONAL,,,,,,0,0,0,5,8,13,5,8,13,39,43,82,0,0,0,0,0,0,0,0,0,0,0,0,95,0,2,6,,,0,0,
566,LIBERTADOR,ARIAS,PREESCOLAR,20000,,,,,,,,,,,,,,,,,,,,,,,,,,CPEAÑO INTERNACIONAL DEL NIÑO I,HARRY ALMELA (ANTES AÑO INTERNACIONAL DEL NIÑO I),OD12711412,4103705,,141750,NACIONAL,,,,,,21,25,46,26,35,61,47,60,107,0,0,0,0,0,0,0,0,0,0,0,0,0,0,0,107,44,71,0,,,0,0,
567,LIBERTADOR,ARIAS,ESCUELA,20000,21000,,,,,,,,,,,,,,,,,,,,,,,,,ESC RIVAS DAVILA,RIVAS DAVILA,OD02441412,6567880,,141754,NACIONAL,,,,,,0,0,0,6,10,16,6,10,16,45,49,94,0,0,0,0,0,0,0,0,0,0,0,0,110,0,2,6,,,0,0,
568,LIBERTADOR,ARIAS,LICEO,,,31059,,CIENCIAS,,,,,,,,,,,,,,,,,,,,,,CB- TULIO FEBRES C,TULIO FEBRES CORDERO,T0099D1412,5788700,,141755,NACIONAL,,,,,,0,0,0,0,0,0,0,0,0,0,0,0,144,168,312,0,0,0,0,0,0,0,0,0,312,0,0,0,,,0,0,
569,LIBERTADOR,CARACCIOLO PARRA PEREZ,UNIDAD PSICOEDUCATIVA,,,,,,,,,,,,,,,,,,,,,,,,,,,IEE AMEPANE,ALFREDO SILVA ARMAS,OD12591412,6415070,,141831,NACIONAL,,,,,,0,0,0,0,0,0,0,0,0,0,0,0,0,0,0,0,0,0,0,0,0,0,0,0,0,0,0,0,,,0,0,
570,LIBERTADOR,CARACCIOLO PARRA PEREZ,PREESCOLAR,20000,,,,,,,,,,,,,,,,,,,,,,,,,,JI FERMIN RUIZ VALERO,DELIA PAREDES (ANTES FERMIN RUIZ VALERO),OD13181412,4104051,,140519,NACIONAL,,,,,,0,0,0,70,55,125,70,55,125,0,0,0,0,0,0,0,0,0,0,0,0,0,0,0,125,0,5,0,,,0,0,
571,LIBERTADOR,CARACCIOLO PARRA PEREZ,COMPLEJO EDUCATIVO,20000,21000,31060,,TECNOLOGIA E INOVACION,,,,,,,,,,,,,,,,,,,,,,GE ELOY PAREDES,ELOY PAREDES,S2236D1412,6736795,6734486,140573,NACIONAL,,,,,,0,0,0,0,0,0,0,0,0,56,53,109,180,179,359,0,0,0,0,0,0,0,0,0,468,0,0,4,,,0,0,
572,LIBERTADOR,CARACCIOLO PARRA PEREZ,COMPLEJO EDUCATIVO,20000,21000,31059,,CIENCIAS,,,,,,,,,,,,,,,,,,,,,,UE FERMIN RUIZ VALERO,FERMIN RUIZ VALERO,S2869D1412,6564205,,140574,NACIONAL,,,,,,0,1,1,0,0,0,0,1,1,122,122,244,63,68,131,0,0,0,0,0,0,0,0,0,376,0,0,15,,,0,0,
573,LIBERTADOR,CARACCIOLO PARRA PEREZ,LICEO,,,31058,,CIENCIAS,,,,,,,,,,,,,,,,,,,,,,UEN 8 DE SEPTIEMBRE,8 DE SEPTIEMBRE DE 1867 (ANTES 8 DE SEPTIEMBRE),S3880N1412,6391170,,141304,NACIONAL,,,,,,0,0,0,0,0,0,0,0,0,0,0,0,26,23,49,0,0,0,0,0,0,0,0,0,49,0,0,0,,,0,0,
574,LIBERTADOR,CARACCIOLO PARRA PEREZ,PREESCOLAR,20000,,,,,,,,,,,,,,,,,,,,,,,,,,JI ELOY PAREDES,LUIS ALFONSO MARTOS RIVAS (ANTES ELOY PAREDES),OD02801412,4103428,,141387,NACIONAL,,,,,,8,8,16,47,39,86,55,47,102,0,0,0,0,0,0,0,0,0,0,0,0,0,0,0,102,16,86,0,,,0,0,
575,LIBERTADOR,CARACCIOLO PARRA PEREZ,TALLER DE EDUCACION LABORAL,,,,,,,,,,,,,,,,,,,,,,,,,,,TEV BOLÍVAR,BOLIVAR,OD12641412,6505180,,141733,NACIONAL,,,,,,0,0,0,0,0,0,0,0,0,0,0,0,0,0,0,0,0,0,0,0,0,0,0,0,0,0,0,0,,,0,0,
576,LIBERTADOR,DOMINGO PEÑA,PREESCOLAR,20000,,,,,,,,,,,,,,,,,,,,,,,,,,JI SIMON RODRIGUEZ 1,ANTONIO PINTO SALINAS (ANTES SIMON RODRIGUEZ),OD02361412,4109076,,141056,NACIONAL,,,,,,8,12,20,16,19,35,24,31,55,0,0,0,0,0,0,0,0,0,0,0,0,0,0,0,55,20,35,0,,,0,0,
577,LIBERTADOR,DOMINGO PEÑA,PREESCOLAR,20000,,,,,,,,,,,,,,,,,,,,,,,,,,JI JUAN RUIZ FAJARDO,JUAN RUIZ FAJARDO,OD00871412,4105703,,141061,NACIONAL,,,,,,0,0,0,28,34,62,28,34,62,0,0,0,0,0,0,0,0,0,0,0,0,0,0,0,62,0,4,0,,,0,0,
578,LIBERTADOR,DOMINGO PEÑA,LICEO,,,31059,,CIENCIAS,31060,,CIENCIA Y TECNOLOGIA,,,,,,,,,,,,,,,,,,,CB GONZALO PICON FEBRES,GONZALO PICON FEBRES,S0920D1412,7918210,,141121,NACIONAL,,,,,,0,0,0,0,0,0,0,0,0,0,0,0,157,131,288,0,0,0,0,0,0,0,0,0,288,0,0,0,,,0,0,
579,LIBERTADOR,DOMINGO PEÑA,ESCUELA TECNICA,,,43291,INDUSTRIAL,ELECTRÓNICA,43292,INDUSTRIAL,CONSTRUCCIÓN CIVIL,43294,INDUSTRIAL,MECATRONICA,43295,INDUSTRIAL,METALMECÁNICA,43298,INDUSTRIAL,TELEMATICA,44001,TRANSPORTE MULTIMODAL,TRANSPORTE TERRESTRE,,,,,,,ETI MANUEL A PULIDO A,MANUEL ANTONIO PULIDO MENDEZ,T0097D1412,5603400,,141123,NACIONAL,,,,,,0,0,0,0,0,0,0,0,0,0,0,0,0,0,0,52,301,353,0,0,0,0,0,0,353,0,0,0,,,0,0,
580,LIBERTADOR,DOMINGO PEÑA,ESCUELA,,21000,,,,,,,,,,,,,,,,,,,,,,,,,GE JUAN RUIZ FAJARDO,ANASTACIA LA HEROÍNA (ANTES JUAN RUIZ FAJARDO),OD02601412,6736540,,141348,NACIONAL,,,,,,0,0,0,0,0,0,0,0,0,116,137,253,0,0,0,0,0,0,0,0,0,0,0,0,253,0,0,18,,,0,0,
581,LIBERTADOR,DOMINGO PEÑA,LICEO,,,31058,,CIENCIAS,,,,,,,,,,,,,,,,,,,,,,LICEO NOCTURNO MERIDA,MERIDA,S1632N1412,7916320,,141626,NACIONAL,,,,,,0,0,0,0,0,0,0,0,0,0,0,0,45,54,99,0,0,0,0,0,0,0,0,0,99,0,0,0,,,0,0,
582,LIBERTADOR,DOMINGO PEÑA,PREESCOLAR,20000,,,,,,,,,,,,,,,,,,,,,,,,,,FUND NAC EL NIÑO SIMON,MARÍA ANASTASIA PERÓN (ANTES HIPOPOTAMO),OD17391412,6590694,,142164,NACIONAL,,,,,,9,13,22,43,42,85,52,55,107,0,0,0,0,0,0,0,0,0,0,0,0,0,0,0,107,22,85,0,,,0,0,
583,LIBERTADOR,DOMINGO PEÑA,PREESCOLAR,20000,,,,,,,,,,,,,,,,,,,,,,,,,,JI 5 DE JULIO,46208,OD17171412,4100042,,142156,NACIONAL,,,,,,5,8,13,19,12,31,24,20,44,0,0,0,0,0,0,0,0,0,0,0,0,0,0,0,44,1,3,0,,,0,0,
584,LIBERTADOR,DOMINGO PEÑA,COMPLEJO EDUCATIVO,20000,21000,31059,,CIENCIAS,31060,,CIENCIA Y TECNOLOGIA,44004,TRANSPORTE MULTIMODAL,"AERONÁUTICAS, OPCIÓN SERVICIOS AÉREOS",45041,SALUD,ENFERMERÍA,,,,,,,,,,,,,GE RAFAEL ANTONIO GODOY,RAFAEL ANTONIO GODOY,OD02931412,6562521,,140575,NACIONAL,,,,,,0,0,0,0,0,0,0,0,0,163,219,382,105,146,251,72,33,105,0,0,0,0,0,0,738,0,0,14,,,0,0,
585,LIBERTADOR,DOMINGO PEÑA,LICEO,,,31060,,TECNOLOGIA E INOVACION,,,,,,,,,,,,,,,,,,,,,,CB ANTONIO NICOLAS RANGEL,ANTONIO NICOLAS RANGEL,S0746D1412,7918173,,140639,NACIONAL,,,,,,0,0,0,0,0,0,0,0,0,0,0,0,100,100,200,0,0,0,0,0,0,0,0,0,200,0,0,0,,,0,0,
586,LIBERTADOR,DOMINGO PEÑA,PREESCOLAR,20000,,,,,,,,,,,,,,,,,,,,,,,,,,JI CINCO AGUILAS,CINCO AGUILAS,OD02701412,4102053,,141058,NACIONAL,,,,,,5,4,9,16,22,38,21,26,47,0,0,0,0,0,0,0,0,0,0,0,0,0,0,0,47,9,38,0,,,0,0,
587,LIBERTADOR,DOMINGO PEÑA,FALSO,,,,,,,,,,,,,,,,,,,,,,,,,,,CDI N-17,PEDRO ELIAS GUTIERREZ,OD12451412,6412133,,141336,NACIONAL,,,,,,0,0,0,0,0,0,0,0,0,0,0,0,0,0,0,0,0,0,0,0,0,0,0,0,0,0,0,0,,,0,0,
588,LIBERTADOR,DOMINGO PEÑA,ESCUELA PARA EL EMPRENDIMIENTO,,,,,,,,,,,,,,,,,,,,,,,,,,,CEC SAN CRISTOBAL,SAN CRISTOBAL,ON12631412,6399535,,141533,NACIONAL,,,,,,0,0,0,0,0,0,0,0,0,0,0,0,0,0,0,0,0,0,0,0,0,0,0,0,0,0,0,0,,,0,0,
589,LIBERTADOR,DOMINGO PEÑA,PREESCOLAR,20000,,,,,,,,,,,,,,,,,,,,,,,,,,JI SAN JOSE OBRERO,SAN JOSE (ANTES SAN JOSÉ OBRERO),OD02711412,4108949,,141664,NACIONAL,,,,,,6,5,11,10,8,18,16,13,29,0,0,0,0,0,0,0,0,0,0,0,0,0,0,0,29,1,2,0,,,0,0,
590,LIBERTADOR,DOMINGO PEÑA,PREESCOLAR,20000,,,,,,,,,,,,,,,,,,,,,,,,,,FUND NAC EL NIÑO SIMON,ARGELIA MERCEDES LAYA LOPEZ,OD17721412,6590694,,142207,NACIONAL,,,,,,16,15,31,22,22,44,38,37,75,0,0,0,0,0,0,0,0,0,0,0,0,0,0,0,75,2,3,0,,,0,0,
591,LIBERTADOR,EL LLANO,PREESCOLAR,20000,,,,,,,,,,,,,,,,,,,,,,,,,,FUND NAC EL NIÑO SIMON,EPIFANIA GIL,OD17231412,6590694,,141054,NACIONAL,,,,,,0,0,0,37,40,77,37,40,77,0,0,0,0,0,0,0,0,0,0,0,0,0,0,0,77,0,5,0,,,0,0,
592,LIBERTADOR,EL LLANO,LICEO,,,31059,,CIENCIAS,,,,,,,,,,,,,,,,,,,,,,L.N. LIBERTADOR,LIBERTADOR,S0273D1412,7915150,,140637,NACIONAL,,,,,,0,0,0,0,0,0,0,0,0,0,0,0,417,421,838,0,0,0,0,0,0,0,0,0,838,0,0,0,,,0,0,
593,LIBERTADOR,EL LLANO,PREESCOLAR,20000,,,,,,,,,,,,,,,,,,,,,,,,,,PREESCOLAR NIÑO SIMON,NIÑO SIMON,OD02511412,4107410,,141057,NACIONAL,,,,,,0,0,0,32,44,76,32,44,76,0,0,0,0,0,0,0,0,0,0,0,0,0,0,0,76,0,7,0,,,0,0,
594,LIBERTADOR,EL LLANO,LICEO,,,31059,,CIENCIAS,,,,,,,,,,,,,,,,,,,,,,L.N. FLOTENCIO RAMIREZ,FLORENCIO RAMIREZ,S0272N1412,7913460,,141305,NACIONAL,,,,,,0,0,0,0,0,0,0,0,0,0,0,0,109,85,194,0,0,0,0,0,0,0,0,0,194,0,0,0,,,0,0,
595,LIBERTADOR,EL LLANO,INSTITUTO DE EDUCACION ESPECIAL,,,,,,,,,,,,,,,,,,,,,,,,,,,I.E.E. JUAN HABLO II,JUAN PABLO II,OD12561412,6504897,,141690,NACIONAL,,,,,,0,0,0,0,0,0,0,0,0,0,0,0,0,0,0,0,0,0,0,0,0,0,0,0,0,0,0,0,,,0,0,
596,LIBERTADOR,EL MORRO,COMPLEJO EDUCATIVO,20000,21000,31059,,CIENCIAS,,,,,,,,,,,,,,,,,,,,,,NER-NUC ESC RURAL N 427,SIERRA NEVADA,OD12871412,6970427,,141401,NACIONAL,,,,,,0,0,0,4,3,7,4,3,7,8,13,21,18,11,29,0,0,0,0,0,0,0,0,0,57,0,3,6,,,0,0,
597,LIBERTADOR,EL MORRO,COMPLEJO EDUCATIVO,20000,21000,31059,,CIENCIAS,46071,ECONOMÍA SOCIAL,TURISMO,,,,,,,,,,,,,,,,,,,OTILIO J. QUINTERO D.,OTILIO DE JESUS QUINTERO DUGARTE,OD15281412,7951181,,141904,NACIONAL,,,,,,9,14,23,0,0,0,9,14,23,0,0,0,30,25,55,6,4,10,0,0,0,0,0,0,88,430,0,0,,,0,0,
598,LIBERTADOR,GONZALO PICÓN FEBRES,ESCUELA TECNICA,,,41052,AGROPECUARIA,TECNOLOGÍA DE LOS ALIMENTOS,,,,,,,,,,,,,,,,,,,,,,CDI EL VALLE,LEONOR DE LA GUERRA  (ANTES CREACION EL VALLE,OD00121412,6412161,,141108,NACIONAL,,,,,,0,0,0,0,0,0,0,0,0,0,0,0,0,0,0,17,25,42,0,0,0,0,0,0,42,0,0,0,,,0,0,
599,LIBERTADOR,GONZALO PICÓN FEBRES,ESCUELA,,21000,,,,,,,,,,,,,,,,,,,,,,,,,NER NUC ESC RURAL N-094,RAFAELA DEL CARMEN DIAZ DE LEON,OD12701412,6970094,,141739,NACIONAL,,,,,,0,0,0,0,0,0,0,0,0,41,49,90,0,0,0,0,0,0,0,0,0,0,0,0,90,0,0,6,,,0,0,
600,LIBERTADOR,GONZALO PICÓN FEBRES,PREESCOLAR,20000,,,,,,,,,,,,,,,,,,,,,,,,,,JARDIN DE INFANCIA RURAL 094,EL VALLECITO,OD15251412,4110094,,141901,NACIONAL,,,,,,0,0,0,27,23,50,27,23,50,0,0,0,0,0,0,0,0,0,0,0,0,0,0,0,50,0,3,0,,,0,0,
601,LIBERTADOR,GONZALO PICÓN FEBRES,PREESCOLAR,20000,,,,,,,,,,,,,,,,,,,,,,,,,,JARDIN DE INFANCIA RURAL  094,EL VALLE DE MUCUJUN,OD17321412,4110094,,142162,NACIONAL,,,,,,7,10,17,20,31,51,27,41,68,0,0,0,0,0,0,0,0,0,0,0,0,0,0,0,68,1,3,0,,,0,0,
602,LIBERTADOR,JACINTO PLAZA,COMPLEJO EDUCATIVO,20000,21000,31059,,CIENCIAS,,,,,,,,,,,,,,,,,,,,,,C.E 16 DE SEPTIEMBRE,16 DE SEPTIEMBRE DE 1810 (ANTES 16 DE SEPTIEMBRE),OD12771412,7950887,,141806,NACIONAL,,,,,,0,0,0,28,21,49,28,21,49,143,185,328,66,74,140,0,0,0,0,0,0,0,0,0,517,0,3,18,,,0,0,
603,LIBERTADOR,JACINTO PLAZA,PREESCOLAR,20000,,,,,,,,,,,,,,,,,,,,,,,,,,FUND NAC EL NIÑO SIMON,JESUS MANUEL GUERRERO (ANTES NIÑO BOLIVAR),OD17401412,6590694,,142169,NACIONAL,,,,,,14,12,26,27,19,46,41,31,72,0,0,0,0,0,0,0,0,0,0,0,0,0,0,0,72,1,6,0,,,0,0,
604,LIBERTADOR,JACINTO PLAZA,PREESCOLAR,20000,,,,,,,,,,,,,,,,,,,,,,,,,,PE CHAMITA,MARIA SIMONA CORREDOR (ANTES EL CHAMITA),OD01191412,4103201,,141070,NACIONAL,,,,,,0,0,0,22,27,49,22,27,49,0,0,0,0,0,0,0,0,0,0,0,0,0,0,0,49,0,4,0,,,0,0,
605,LIBERTADOR,JACINTO PLAZA,LICEO,,,31059,,CIENCIAS,,,,,,,,,,,,,,,,,,,,,,E B SAN JACINTO,DOCTOR LUIS BELTRAN PRIETO FIGUEROA,S3980D1412,7935007,,140550,NACIONAL,,,,,,0,0,0,0,0,0,0,0,0,0,0,0,144,143,287,0,0,0,0,0,0,0,0,0,287,0,0,0,,,0,0,
606,LIBERTADOR,JACINTO PLAZA,PREESCOLAR,20000,,,,,,,,,,,,,,,,,,,,,,,,,,PREESOLAR JOSE ZOILO MERCADO,JOSÉ ZOILO MERCADO,OD04111412,6590694,,141554,NACIONAL,,,,,,18,18,36,27,23,50,45,41,86,0,0,0,0,0,0,0,0,0,0,0,0,0,0,0,86,2,2,0,,,0,0,
607,LIBERTADOR,JACINTO PLAZA,ESCUELA,20000,21000,,,,,,,,,,,,,,,,,,,,,,,,,U.E.B. SAN JACINTO,SAN JACINTO,OD12741412,6590193,,141782,NACIONAL,,,,,,0,0,0,2,0,2,2,0,2,16,4,20,0,0,0,0,0,0,0,0,0,0,0,0,22,0,1,6,,,0,0,
608,LIBERTADOR,JACINTO PLAZA,PREESCOLAR,20000,,,,,,,,,,,,,,,,,,,,,,,,,,PUMAROSO LA PAZ,PICO BOLIVAR,OD12781412,4103201,,141827,NACIONAL,,,,,,0,0,0,30,50,80,30,50,80,0,0,0,0,0,0,0,0,0,0,0,0,0,0,0,80,0,4,0,,,0,0,
609,LIBERTADOR,JACINTO PLAZA,LICEO,,,31059,,CIENCIAS,31060,,CIENCIA Y TECNOLOGIA,,,,,,,,,,,,,,,,,,,CB- ANDRES ELOY BLANCO,ANDRES ELOY BLANCO,S1464D1412,7912161,,140635,NACIONAL,,,,,,0,0,0,0,0,0,0,0,0,0,0,0,374,345,719,0,0,0,0,0,0,0,0,0,719,0,0,0,,,0,0,
610,LIBERTADOR,JACINTO PLAZA,PREESCOLAR,20000,,,,,,,,,,,,,,,,,,,,,,,,,,JI EL EDUCADOR,BELÉN SAN JUAN COLINA (ANTES EL EDUCADOR),OD02381412,4103320,,141073,NACIONAL,,,,,,18,18,36,85,65,150,103,83,186,0,0,0,0,0,0,0,0,0,0,0,0,0,0,0,186,2,6,0,,,0,0,
611,LIBERTADOR,JACINTO PLAZA,LICEO,,,31058,,CIENCIAS,,,,,,,,,,,,,,,,,,,,,,LN ANDRES ELOY BLANCO,JACINTO PLAZA (ANTES ANDRES ELOY BLANCO),S1464N1412,7911324,,141300,NACIONAL,,,,,,0,0,0,0,0,0,0,0,0,0,0,0,50,20,70,0,0,0,0,0,0,0,0,0,70,0,0,0,,,0,0,
612,LIBERTADOR,JACINTO PLAZA,ESCUELA,,21000,,,,,,,,,,,,,,,,,,,,,,,,,GE-EL EDUCADOR,EL EDUCADOR,OD03851412,6734280,,141356,NACIONAL,,,,,,0,0,0,0,0,0,0,0,0,161,189,350,0,0,0,0,0,0,0,0,0,0,0,0,350,0,0,18,,,0,0,
613,LIBERTADOR,JACINTO PLAZA,PREESCOLAR,20000,,,,,,,,,,,,,,,,,,,,,,,,,,NER.NUC-ESC-RURAL N-427,ROSITA BALZA,OD16991412,6970427,,142073,NACIONAL,,,,,,0,0,0,6,7,13,6,7,13,0,0,0,0,0,0,0,0,0,0,0,0,0,0,0,13,0,13,0,,,0,0,
614,LIBERTADOR,JUAN RODRIGUEZ SUAREZ,PREESCOLAR,20000,,,,,,,,,,,,,,,,,,,,,,,,,,CPE ESPECIAL Nº1,COLEGIO DE ABOGADOS,OD00791412,6530090,,140496,NACIONAL,,,,,,0,0,0,2,4,6,2,4,6,0,0,0,0,0,0,0,0,0,0,0,0,0,0,0,6,0,1,0,,,0,0,
615,LIBERTADOR,JUAN RODRIGUEZ SUAREZ,PREESCOLAR,20000,,,,,,,,,,,,,,,,,,,,,,,,,,J-I ESTADO LARA,JUAN LOVERA (ANTES ESTADO LARA),OD02391412,4103651,,140498,NACIONAL,,,,,,0,0,0,57,64,121,57,64,121,0,0,0,0,0,0,0,0,0,0,0,0,0,0,0,121,0,6,0,,,0,0,
616,LIBERTADOR,JUAN RODRIGUEZ SUAREZ,ESCUELA,,21000,,,,,,,,,,,,,,,,,,,,,,,,,GE ESTADO LARA,JACINTO LARA,OD02571412,6734568,,140557,NACIONAL,,,,,,0,0,0,0,0,0,0,0,0,197,206,403,0,0,0,0,0,0,0,0,0,0,0,0,403,0,0,18,,,0,0,
617,LIBERTADOR,JUAN RODRIGUEZ SUAREZ,PREESCOLAR,20000,,,,,,,,,,,,,,,,,,,,,,,,,,CPE ESPECIAL Nº1,FRANCISCO ESTEBAN GOMEZ (ANTES ESPECIAL N 1),OD00781412,6530090,,141730,NACIONAL,,,,,,0,0,0,18,10,28,18,10,28,0,0,0,0,0,0,0,0,0,0,0,0,0,0,0,28,0,3,0,,,0,0,
618,LIBERTADOR,JUAN RODRIGUEZ SUAREZ,ESCUELA,,21000,,,,,,,,,,,,,,,,,,,,,,,,,EB ZUMBA,AUGUSTA DAVILA DE VALERI (ANTES ZUMBA),OD13321412,6590194,,141765,NACIONAL,,,,,,0,0,0,0,0,0,0,0,0,45,70,115,0,0,0,0,0,0,0,0,0,0,0,0,115,0,0,6,,,0,0,
619,LIBERTADOR,JUAN RODRIGUEZ SUAREZ,PREESCOLAR,20000,,,,,,,,,,,,,,,,,,,,,,,,,,PREESCOLAR ANDRES BELLO,ANDRES BELLO,OD00771412,6530090,,140493,NACIONAL,,,,,,6,7,13,3,5,8,9,12,21,0,0,0,0,0,0,0,0,0,0,0,0,0,0,0,21,1,1,0,,,0,0,"{""maternal"":{""U"":10}}"
620,LIBERTADOR,JUAN RODRIGUEZ SUAREZ,LICEO,,,31060,,TECNOLOGIA E INOVACION,,,,,,,,,,,,,,,,,,,,,,CB CARACCIOLO PARRA,CARACCIOLO PARRA Y OLMEDO,S0269D1412,7911953,,140634,NACIONAL,,,,,,0,0,0,0,0,0,0,0,0,0,0,0,242,313,555,0,0,0,0,0,0,0,0,0,555,0,0,0,,,0,0,
621,LIBERTADOR,LASSO DE LA VEGA,ESCUELA,20000,21000,,,,,,,,,,,,,,,,,,,,,,,,,ESC-DOCTOR RAMON PARRA PICON,DOCTOR RAMON PARRA PICON,OD05201412,6563300,,140610,NACIONAL,,,,,,0,0,0,9,19,28,9,19,28,89,97,186,0,0,0,0,0,0,0,0,0,0,0,0,214,0,2,7,,,0,0,
622,LIBERTADOR,LASSO DE LA VEGA,COMPLEJO EDUCATIVO,20000,21000,31059,,CIENCIAS,,,,,,,,,,,,,,,,,,,,,,"ESC, RAMON IGNACIO GUERRA",RAMON IGNACIO GUERRA,S2878D1412,6567765,,140611,NACIONAL,,,,,,0,0,0,36,41,77,36,41,77,130,155,285,70,70,140,0,0,0,0,0,0,0,0,0,502,0,5,12,,,0,0,
623,LIBERTADOR,LASSO DE LA VEGA,UNIDAD PSICOEDUCATIVA,,,,,,,,,,,,,,,,,,,,,,,,,,,UNIDAD PSICOEDUCATIVA MERIDA,MERIDA,OD12371412,6740010,,141015,NACIONAL,,,,,,0,0,0,0,0,0,0,0,0,0,0,0,0,0,0,0,0,0,0,0,0,0,0,0,0,0,0,0,,,0,0,
624,LIBERTADOR,LASSO DE LA VEGA,ESCUELA,20000,21000,,,,,,,,,,,,,,,,,,,,,,,,,NER-NUC ESC RURAL N427,SIERRA LA CULATA,OD12731412,6970427,,141762,NACIONAL,,,,,,9,3,12,9,11,20,18,14,32,25,33,58,0,0,0,0,0,0,0,0,0,0,0,0,90,1,1,6,,,0,0,
625,LIBERTADOR,MARIANO PICON SALAS,COMPLEJO EDUCATIVO,20000,21000,31059,,CIENCIAS,49000,EDUCACIÓN FÍSICA,PROMOCIÓN DEL ENTRENAMIENTO DEPORTIVO,,,,,,,,,,,,,,,,,,,DEPORTIVA CHAMA,JOSE ANTONIO PEÑA TREJO,S3456D1412,5643651,,140640,NACIONAL,,,,,,0,0,0,0,0,0,0,0,0,46,63,109,4,63,67,69,130,199,0,0,0,0,0,0,375,0,0,6,,,0,0,"{""primaria"":{""4U"":1,""3U"":1,""1U"":1,""2U"":1}}"
626,LIBERTADOR,MARIANO PICON SALAS,ESCUELA TECNICA,,,47000,PREVENCIÓN CIUDADANA,GESTIÓN INTEGRAL DE RIESGO,,,,,,,,,,,,,,,,,,,,,,ET DOMINGO PEÑA,DOMINGO PEÑA,OD17471412,7951131,,142175,NACIONAL,,,,,,0,0,0,0,0,0,0,0,0,0,0,0,0,0,0,48,99,147,0,0,0,0,0,0,147,0,0,0,,,0,0,
627,LIBERTADOR,MARIANO PICON SALAS,LICEO,,,31059,,CIENCIAS,31060,,CIENCIA Y TECNOLOGIA,,,,,,,,,,,,,,,,,,,C B  ARMANDO GONZALEZ,DR ARMANDO GONZALEZ PUCCINI,S0919D1412,7911507,,141018,NACIONAL,,,,,,0,0,0,0,0,0,0,0,0,0,0,0,145,218,363,0,0,0,0,0,0,0,0,0,363,0,0,0,,,0,0,
628,LIBERTADOR,MARIANO PICON SALAS,ESCUELA PARA EL EMPRENDIMIENTO,,,,,,,,,,,,,,,,,,,,,,,,,,,CEA MARIANITA MENDOZA,MARIANITA MENDOZA,ON12501412,6397385,,141524,NACIONAL,,,,,,0,0,0,0,0,0,0,0,0,0,0,0,0,0,0,0,0,0,0,0,0,0,0,0,0,0,0,0,,,0,0,
629,LIBERTADOR,MARIANO PICON SALAS,ESCUELA PARA EL EMPRENDIMIENTO,,,,,,,,,,,,,,,,,,,,,,,,,,,CEA LOS SAUZALEZ,LOS SAUZALES,ON12491412,6397265,,141522,NACIONAL,,,,,,0,0,0,0,0,0,0,0,0,0,0,0,0,0,0,0,0,0,0,0,0,0,0,0,0,0,0,0,,,0,0,
630,LIBERTADOR,MARIANO PICON SALAS,ESCUELA,,21000,,,,,,,,,,,,,,,,,,,,,,,,,GE HUMBERTO TEJERA,HUMBERTO TEJERA,OD13261412,6736630,,140560,NACIONAL,,,,,,0,0,0,0,0,0,0,0,0,171,196,367,0,0,0,0,0,0,0,0,0,0,0,0,367,0,0,15,,,0,0,
631,LIBERTADOR,MARIANO PICON SALAS,PREESCOLAR,20000,,,,,,,,,,,,,,,,,,,,,,,,,,JI EL LLANO,HIRIA EMILIA MARQUEZ (ANTES EL LLANO,OD12751412,4103372,,141793,NACIONAL,,,,,,0,0,0,53,52,105,53,52,105,0,0,0,0,0,0,0,0,0,0,0,0,0,0,0,105,0,6,0,,,0,0,
632,LIBERTADOR,MILLA,PREESCOLAR,20000,,,,,,,,,,,,,,,,,,,,,,,,,,PREESCOLAR CARIBAY,CARIBAY,OD02481412,4170964,,142255,NACIONAL,,,,,,8,7,15,37,29,66,45,36,81,0,0,0,0,0,0,0,0,0,0,0,0,0,0,0,81,1,4,0,,,0,0,
633,LIBERTADOR,MILLA,ESCUELA,,21000,,,,,,,,,,,,,,,,,,,,,,,,,GE VICENTE DAVILA,VICENTE DAVILA,OD02561412,6739860,,140558,NACIONAL,,,,,,0,0,0,0,0,0,0,0,0,197,261,458,0,0,0,0,0,0,0,0,0,0,0,0,458,0,0,23,,,0,0,"{""primaria"":{""1C"":20,""4C"":16}}"
634,LIBERTADOR,MILLA,PREESCOLAR,20000,,,,,,,,,,,,,,,,,,,,,,,,,,JI VICENTE DAVILA,ANTONIO JOSE DE SUCRE (ANTES VICENTE DAVILA),OD02551412,4109420,,141067,NACIONAL,,,,,,0,0,0,53,52,105,53,52,105,0,0,0,0,0,0,0,0,0,0,0,0,0,0,0,105,0,8,0,,,0,0,"{""preescolar"":{""G"":17,""H"":18,""F"":25}}"
635,LIBERTADOR,MILLA,ESCUELA PARA EL EMPRENDIMIENTO,,,,,,,,,,,,,,,,,,,,,,,,,,,CEA VICENTE DAVILA,LUIS ZAMBRANO (ANTES VICENTE DAVILA),ON12411412,6399825,,142262,NACIONAL,,,,,,0,0,0,0,0,0,0,0,0,0,0,0,0,0,0,0,0,0,0,0,0,0,0,0,0,0,0,0,,,0,0,
636,LIBERTADOR,MILLA,PREESCOLAR,20000,,,,,,,,,,,,,,,,,,,,,,,,,,PE EL FORESTALITO,TERESA CARREÑO (ANTES LA MILAGROSA),OD12671412,4103334,,141553,NACIONAL,,,,,,0,0,0,15,20,35,15,20,35,0,0,0,0,0,0,0,0,0,0,0,0,0,0,0,35,0,2,0,,,0,0,
637,LIBERTADOR,MILLA,PREESCOLAR,20000,,,,,,,,,,,,,,,,,,,,,,,,,,PE EL FORESTALITO,JOSÉ GREGORIO HERNÁNDEZ (ANTES FORESTALITO),OD02331412,4103334,,140509,NACIONAL,,,,,,0,0,0,9,10,19,9,10,19,0,0,0,0,0,0,0,0,0,0,0,0,0,0,0,19,0,1,0,,,0,0,
638,LIBERTADOR,MILLA,ESCUELA,,21000,,,,,,,,,,,,,,,,,,,,,,,,,GE GLADYS CELINA LOBO DE CARNEVALI,GLADYS CELINA LOBO DE CARNEVALI,OD02721412,6331530,,140544,NACIONAL,,,,,,0,0,0,0,0,0,0,0,0,109,97,206,0,0,0,0,0,0,0,0,0,0,0,0,206,0,0,12,,,0,0,
639,LIBERTADOR,MILLA,LICEO,,,31060,,TECNOLOGIA E INOVACION,,,,,,,,,,,,,,,,,,,,,,CD ROMULO GALLEGOS,ROMULO GALLEGOS,OD15311412,7919896,,140579,NACIONAL,,,,,,0,0,0,0,0,0,0,0,0,0,0,0,144,155,299,0,0,0,0,0,0,0,0,0,299,0,0,0,,,0,0,
640,LIBERTADOR,MILLA,ESCUELA,20000,21000,,,,,,,,,,,,,,,,,,,,,,,,,ESCUELA CAMILO CONTRERAS,CAMILO CONTRERAS,OD03551412,6562325,,140629,NACIONAL,,,,,,12,16,28,17,15,32,29,31,60,33,39,72,0,0,0,0,0,0,0,0,0,0,0,0,132,22,3,7,,,0,0,
641,LIBERTADOR,MILLA,PREESCOLAR,20000,,,,,,,,,,,,,,,,,,,,,,,,,,JI ANEXA NORMAL MERIDA),TERESA HEREIDA (ANTES ANEXA NORMAL MERIDA),OD02951412,4100590,,141065,NACIONAL,,,,,,0,0,0,38,45,83,38,45,83,0,0,0,0,0,0,0,0,0,0,0,0,0,0,0,83,0,4,0,,,0,0,
642,LIBERTADOR,OSUNA RODRIGUEZ,ESCUELA TECNICA,,,43298,INDUSTRIAL,TELEMÁTICA,46067,ECONOMÍA SOCIAL,ADMINISTRACIÓN,46068,ECONOMÍA SOCIAL,ADUANA,46070,ECONOMÍA SOCIAL,CONTABILIDAD,46071,ECONOMÍA SOCIAL,TURISMO,,,,,,,,,,ETC JOSE FELIX RIBAS,JOSE FELIX RIBAS,S1964D1412,7915359,,140542,NACIONAL,,,,,,0,0,0,0,0,0,0,0,0,0,0,0,0,0,0,86,65,151,0,0,0,0,0,0,151,0,0,0,,,0,0,
643,LIBERTADOR,OSUNA RODRIGUEZ,ESCUELA,,21000,,,,,,,,,,,,,,,,,,,,,,,,,GE 10 DE DICIEMBRE,JUAN BAUTISTA ARISMENDI (ANTES 10 DE DICIEMBRE),OD02631412,6731134,,140547,NACIONAL,,,,,,0,0,0,0,0,0,0,0,0,86,96,182,0,0,0,0,0,0,0,0,0,0,0,0,182,0,0,11,,,0,0,"{""primaria"":{""4A"":16,""3B"":19,""4B"":14,""5A"":16,""2A"":17,""2B"":17,""1A"":22,""6U"":23,""5B"":19,""3A"":19}}"
644,LIBERTADOR,OSUNA RODRIGUEZ,ESCUELA,,21000,,,,,,,,,,,,,,,,,,,,,,,,,GE LOS CUROS,VICENTE SALIAS (ANTES LOS CUROS (SEDE PARROQUIAL),OD13251412,6733226,,140548,NACIONAL,,,,,,0,0,0,0,0,0,0,0,0,142,170,312,0,0,0,0,0,0,0,0,0,0,0,0,312,0,0,20,,,0,0,
645,LIBERTADOR,OSUNA RODRIGUEZ,COMPLEJO EDUCATIVO,20000,21000,31059,,CIENCIAS,31060,,CIENCIA Y TECNOLOGIA,49001,EDUCACIÓN FÍSICA,PROMOCIÓN DE LA ACTIVIDAD FÍSICA Y RECREACIÓN,,,,,,,,,,,,,,,,U.E ROMULO BETANCOURT,ARISTÓBULO IZTÚRIZ ALMEIDA (ANTES ROMULO BETANCOURT),S3455D1412,7919949,,140631,NACIONAL,,,,,,0,0,0,0,0,0,0,0,0,0,0,0,154,190,344,24,28,52,0,0,0,0,0,0,396,0,0,0,,,0,0,
646,LIBERTADOR,OSUNA RODRIGUEZ,LICEO,,,31059,,CIENCIAS,,,,,,,,,,,,,,,,,,,,,,CCB HAYDEE CARDENAS,HAYDEE CARDENAS,S1151N1412,7972057,,141301,NACIONAL,,,,,,0,0,0,0,0,0,0,0,0,0,0,0,0,0,0,0,0,0,0,0,0,0,0,0,0,0,0,0,,,0,0,
647,LIBERTADOR,OSUNA RODRIGUEZ,PREESCOLAR,20000,,,,,,,,,,,,,,,,,,,,,,,,,,ANA EMILIA DELON,ANA EMILIA DELON,OD02641412,4106311,,141393,NACIONAL,,,,,,4,5,9,40,38,78,44,43,87,0,0,0,0,0,0,0,0,0,0,0,0,0,0,0,87,9,78,0,,,0,0,"{""maternal"":{""G"":9},""preescolar"":{""E"":16,""A"":10,""B"":7,""C"":15,""F"":17,""D"":13}}"
648,LIBERTADOR,OSUNA RODRIGUEZ,PREESCOLAR,20000,,,,,,,,,,,,,,,,,,,,,,,,,,JI NI/A AVELINA GIL,NIÑA AVELINA GIL,OD02401412,4107405,,141394,NACIONAL,,,,,,20,20,40,87,103,190,107,123,230,0,0,0,0,0,0,0,0,0,0,0,0,0,0,0,230,40,190,0,,,0,0,
649,LIBERTADOR,SAGRARIO,PREESCOLAR,20000,,,,,,,,,,,,,,,,,,,,,,,,,,JI EL ESPEJO,ANTONIO RICAURTE (ANTES EL ESPEJO),OD02591412,4103332,,140479,NACIONAL,,,,,,0,0,0,23,27,50,23,27,50,0,0,0,0,0,0,0,0,0,0,0,0,0,0,0,50,0,4,0,,,0,0,
650,LIBERTADOR,SAGRARIO,PREESCOLAR,20000,,,,,,,,,,,,,,,,,,,,,,,,,,JI EL ESPEJO,AGUSTIN CODAZZI (ANTES INAVITO),OD13141412,4103332,,140480,NACIONAL,,,,,,0,0,0,22,20,42,22,20,42,0,0,0,0,0,0,0,0,0,0,0,0,0,0,0,42,0,3,0,,,0,0,
651,LIBERTADOR,SAGRARIO,PREESCOLAR,20000,,,,,,,,,,,,,,,,,,,,,,,,,,JI GABRIEL PICON GONZALEZ,MANUEL MUJICA MILLAN (ANTES GABRIEL PICON GONZALEZ),OD01171412,4104255,,140482,NACIONAL,,,,,,0,0,0,49,44,93,49,44,93,0,0,0,0,0,0,0,0,0,0,0,0,0,0,0,93,0,6,0,,,0,0,
652,LIBERTADOR,SAGRARIO,ESCUELA,,21000,,,,,,,,,,,,,,,,,,,,,,,,,EB GABRIEL PICON GONZALEZ,GABRIEL PICON GONZALEZ,OD02421412,6564355,,141354,NACIONAL,,,,,,0,0,0,0,0,0,0,0,0,163,121,284,0,0,0,0,0,0,0,0,0,0,0,0,284,0,0,15,,,0,0,
653,LIBERTADOR,SAGRARIO,CENTRO DE EDUCACION INCIAL,20000,,,,,,,,,,,,,,,,,,,,,,,,,,FUND NAC EL NIÑO SIMON,NEGRA MATEA,OD17761412,6590694,,142213,NACIONAL,,,,,,15,15,30,0,0,0,15,15,30,0,0,0,0,0,0,0,0,0,0,0,0,0,0,0,30,30,0,0,,,0,0,
654,LIBERTADOR,ANTONIO SPINETTI DINI,ESCUELA,20000,21000,,,,,,,,,,,,,,,,,,,,,,,,,ESCUELA JOSEFA MOLINA DE DUQUE,JOSEFA MOLINA DE DUQUE,OD03051412,,,140604,ESTADAL,,,,,,0,0,0,23,29,52,23,29,52,95,106,201,0,0,0,0,0,0,0,0,0,0,0,0,253,0,4,12,,,0,0,"{""primaria"":{""2B"":20}}"
655,LIBERTADOR,ANTONIO SPINETTI DINI,ESCUELA,20000,21000,,,,,,,,,,,,,,,,,,,,,,,,,ESCUELA BOLIVARIANA MONSEÑOR DOCTOR SANTIAGO HERNANDEZ MILANES,MONSEÑOR DOCTOR SANTIAGO HERNANDEZ MILANES,OD03701412,,,140605,ESTADAL,,,,,,0,0,0,20,23,43,20,23,43,66,59,125,0,0,0,0,0,0,0,0,0,0,0,0,168,0,3,8,,,0,0,
656,LIBERTADOR,ANTONIO SPINETTI DINI,PREESCOLAR,20000,,,,,,,,,,,,,,,,,,,,,,,,,,PREESCOLAR EMIRO FUENMAYOR,EMIRO FUENMAYOR,OD02351412,,,140514,ESTADAL,,,,,,0,0,0,40,20,60,40,20,60,0,0,0,0,0,0,0,0,0,0,0,0,0,0,0,60,0,3,0,,,0,0,
657,LIBERTADOR,ANTONIO SPINETTI DINI,ESCUELA,20000,21000,,,,,,,,,,,,,,,,,,,,,,,,,U.E  ELEAZAR LOPEZ CONTRERAS,GENERAL ELEAZAR LOPEZ CONTRERAS,OD00751412,,,140602,ESTADAL,,,,,,0,0,0,19,23,42,19,23,42,73,81,154,0,0,0,0,0,0,0,0,0,0,0,0,196,0,3,12,,,0,0,
658,LIBERTADOR,ANTONIO SPINETTI DINI,ESCUELA,20000,21000,,,,,,,,,,,,,,,,,,,,,,,,,ESCUELA MARCOLINA DE LAMUS,MARCOLINA DE LAMUS,OD02901412,,,140603,ESTADAL,,,,,,0,0,0,12,11,23,12,11,23,61,53,114,0,0,0,0,0,0,0,0,0,0,0,0,137,0,2,6,,,0,0,
659,LIBERTADOR,ANTONIO SPINETTI DINI,COMPLEJO EDUCATIVO,20000,21000,31059,,CIENCIAS,31060,,CIENCIA Y TECNOLOGIA,,,,,,,,,,,,,,,,,,,COMPLEJO EDUCATIVO EMIRO FUENMAYOR,EMIRO FUENMAYOR,S2860D1412,,,141384,ESTADAL,,,,,,0,0,0,0,0,0,0,0,0,63,68,131,64,40,104,0,0,0,0,0,0,0,0,0,235,0,0,9,,,0,0,
660,LIBERTADOR,ANTONIO SPINETTI DINI,ESCUELA,20000,21000,,,,,,,,,,,,,,,,,,,,,,,,,ESCUELA SANTA ROSA,SANTA ROSA,OD12901412,,,141760,ESTADAL,,,,,,0,0,0,2,7,9,2,7,9,10,8,18,0,0,0,0,0,0,0,0,0,0,0,0,27,0,1,6,,,0,0,
661,LIBERTADOR,ANTONIO SPINETTI DINI,COMPLEJO EDUCATIVO,20000,21000,31059,,CIENCIAS,,,,,,,,,,,,,,,,,,,,,,COMPLEJO EDUCATIVO ALTERNATIVA DE HOSPITALIDAD Y TURISMO MARIA ROSARIO NAVA,ALTERNATIVA DE HOSPITALIDAD Y TURISMO MARIA ROSARIO NAVA,OD17271412,,,142155,ESTADAL,,,,,,0,0,0,0,0,0,0,0,0,0,0,0,16,19,35,0,0,0,0,0,0,0,0,0,35,0,0,0,,,0,0,
662,LIBERTADOR,ARIAS,ESCUELA,20000,21000,,,,,,,,,,,,,,,,,,,,,,,,,ESCUELA VIRGEN DEL CARMEN (ANTES MESA DE LA VIRGEN),VIRGEN DEL CARMEN (ANTES MESA DE LA VIRGEN),OD13271412,,,141566,ESTADAL,,,,,,0,0,0,10,11,21,10,11,21,19,26,45,0,0,0,0,0,0,0,0,0,0,0,0,66,0,2,6,,,0,0,
663,LIBERTADOR,ARIAS,ESCUELA,20000,21000,,,,,,,,,,,,,,,,,,,,,,,,,ESCUELA SAN ANTONIO (VEGA DE SAN ANTONIO),SAN ANTONIO (VEGA DE SAN ANTONIO),OD12951412,,,140597,ESTADAL,,,,,,0,0,0,14,18,32,14,18,32,37,53,90,0,0,0,0,0,0,0,0,0,0,0,0,122,0,2,6,,,0,0,
664,LIBERTADOR,ARIAS,ESCUELA,20000,21000,,,,,,,,,,,,,,,,,,,,,,,,,ESCUELA MIGUEL DE CERVANTES Y SAAVEDRA,MIGUEL DE CERVANTES Y SAAVEDRA,OD03021412,,,141751,ESTADAL,,,,,,0,0,0,33,41,74,33,41,74,105,112,217,0,0,0,0,0,0,0,0,0,0,0,0,291,0,3,6,,,0,0,
665,LIBERTADOR,ARIAS,COMPLEJO EDUCATIVO,20000,21000,31059,MEDIA GENERAL,CIENCIAS,,,,,,,,,,,,,,,,,,,,,,COMPLEJO EDUCATIVO ELOY CHALBAUD CARDONA,ELOY CHALBAUD CARDONA,OD03031412,,,141752,ESTADAL,,,,,,0,0,0,26,16,42,26,16,42,72,74,146,57,45,102,0,0,0,0,0,0,0,0,0,290,0,2,6,,,0,0,
666,LIBERTADOR,ARIAS,ESCUELA,20000,21000,,,,,,,,,,,,,,,,,,,,,,,,,ESCUELA LUIS ALFREDO LOPEZ MENDEZ (ANTES LA CUESTA DE BELEN),LUIS ALFREDO LOPEZ MENDEZ (ANTES LA CUESTA DE BELEN),OD12981412,,,141780,ESTADAL,,,,,,0,0,0,3,5,8,3,5,8,9,9,18,0,0,0,0,0,0,0,0,0,0,0,0,26,0,1,6,,,0,0,
667,LIBERTADOR,ARIAS,ESCUELA,20000,21000,,,,,,,,,,,,,,,,,,,,,,,,,ESCUELA CARLOTA FLORES DE VALIENTE (ANTES LA PUEBLITA),CARLOTA FLORES DE VALIENTE (ANTES LA PUEBLITA),OD12581412,,,141786,ESTADAL,,,,,,0,0,0,15,8,23,15,8,23,26,29,55,0,0,0,0,0,0,0,0,0,0,0,0,78,0,2,6,,,0,0,
668,LIBERTADOR,ARIAS,LICEO,,,31059,,CIENCIAS,,,,,,,,,,,,,,,,,,,,,,LICEO EZEQUIEL ZAMORA,EZEQUIEL ZAMORA,OD00731412,,,141969,ESTADAL,,,,,,0,0,0,0,0,0,0,0,0,0,0,0,158,179,337,0,0,0,0,0,0,0,0,0,337,0,0,0,,,0,0,
669,LIBERTADOR,CARACCIOLO PARRA PEREZ,ESCUELA PARA EL EMPRENDIMIENTO,,,,,,,,,,,,,,,,,,,,,,,,,,,ESCUELA PARA EL EMPRENDIMIENTO HILDA GRACIELA VERA (ANTES HUMBOLDT),HILDA GRACIELA VERA (ANTES HUMBOLDT),OD16421412,,,141986,ESTADAL,,,,,,0,0,0,0,0,0,0,0,0,0,0,0,0,0,0,0,0,0,0,0,0,0,0,0,0,0,0,0,,,0,0,
670,LIBERTADOR,DOMINGO PEÑA,ESCUELA,20000,21000,,,,,,,,,,,,,,,,,,,,,,,,,ESCUELA DOMINGO GUZMAN PEÑA (ANTES 15 DE ENERO),DOMINGO GUZMAN PEÑA (ANTES 15 DE ENERO),OD03071412,,,140588,ESTADAL,,,,,,0,0,0,3,2,5,3,2,5,19,18,37,0,0,0,0,0,0,0,0,0,0,0,0,42,0,1,6,,,0,0,
671,LIBERTADOR,DOMINGO PEÑA,ESCUELA PARA EL EMPRENDIMIENTO,,,,,,,,,,,,,,,,,,,,,,,,,,,ESCUELA PARA EL EMPRENDIMIENTO PADRE BILBAO,PADRE BILBAO,ON15511412,,,141931,ESTADAL,,,,,,0,0,0,0,0,0,0,0,0,0,0,0,0,0,0,0,0,0,0,0,0,0,0,0,0,0,0,0,,,0,0,
672,LIBERTADOR,DOMINGO PEÑA,ESCUELA PARA EL EMPRENDIMIENTO,,,,,,,,,,,,,,,,,,,,,,,,,,,ESCUELA PARA EL EMPRENDIMIENTO DIURNO SANTA JUANA,SANTA JUANA,ON15551412,,,141935,ESTADAL,,,,,,0,0,0,0,0,0,0,0,0,0,0,0,0,0,0,0,0,0,0,0,0,0,0,0,0,0,0,0,,,0,0,
673,LIBERTADOR,DOMINGO PEÑA,ESCUELA PARA EL EMPRENDIMIENTO,,,,,,,,,,,,,,,,,,,,,,,,,,,ESCUELA PARA EL EMPRENDIMIENTO UDON PEREZ (ANTES CAMPO DE ORO),UDON PEREZ (ANTES CAMPO DE ORO),ON15601412,,,141942,ESTADAL,,,,,,0,0,0,0,0,0,0,0,0,0,0,0,0,0,0,0,0,0,0,0,0,0,0,0,0,0,0,0,,,0,0,
674,LIBERTADOR,DOMINGO PEÑA,ESCUELA,20000,21000,,,,,,,,,,,,,,,,,,,,,,,,,ESCUELA GLORIA STOKL (ANTES FRAY JUAN RAMOS DE LORA),GLORIA STOKL (ANTES FRAY JUAN RAMOS DE LORA),OD02741412,,,140570,ESTADAL,,,,,,0,0,0,10,7,17,10,7,17,25,24,49,0,0,0,0,0,0,0,0,0,0,0,0,66,0,2,6,,,0,0,
675,LIBERTADOR,DOMINGO PEÑA,ESCUELA,,21000,,,,,,,,,,,,,,,,,,,,,,,,,ESCUELA JOSE MARIA VELAZ,JOSE MARIA VELAZ,OD12941412,,,140590,ESTADAL,,,,,,0,0,0,0,0,0,0,0,0,40,54,94,0,0,0,0,0,0,0,0,0,0,0,0,94,0,0,6,,,0,0,"{""primaria"":{""3U"":10}}"
676,LIBERTADOR,DOMINGO PEÑA,ESCUELA PARA EL EMPRENDIMIENTO,,,,,,,,,,,,,,,,,,,,,,,,,,,ESCUELA PARA EL EMPRENDIMIENTO MARIA LUCILA SALINAS DE LEÓN (ANTES MODULO SANTA ELENA),MARIA LUCILA SALINAS DE LEÓN (ANTES MODULO SANTA ELENA),ON15611412,,,141943,ESTADAL,,,,,,0,0,0,0,0,0,0,0,0,0,0,0,0,0,0,0,0,0,0,0,0,0,0,0,0,0,0,0,,,0,0,
677,LIBERTADOR,DOMINGO PEÑA,ESCUELA PARA EL EMPRENDIMIENTO,,,,,,,,,,,,,,,,,,,,,,,,,,,ESCUELA PARA EL EMPRENDIMIENTO MARIA AGUSTINA LACRUZ MORENO (ANTES COSTURERO POPULAR),MARIA AGUSTINA LACRUZ MORENO (ANTES COSTURERO POPULAR),OD16391412,,,141982,ESTADAL,,,,,,0,0,0,0,0,0,0,0,0,0,0,0,0,0,0,0,0,0,0,0,0,0,0,0,0,0,0,0,,,0,0,
678,LIBERTADOR,DOMINGO PEÑA,ESCUELA PARA EL EMPRENDIMIENTO,,,,,,,,,,,,,,,,,,,,,,,,,,,ESCUELA PARA EL EMPRENDIMIENTO OLGA VALENTINA DAVILA DE PRIETO (ANTES GONZALO PICON),OLGA VALENTINA DAVILA DE PRIETO (ANTES GONZALO PICON),OD16371412,,,141978,ESTADAL,,,,,,0,0,0,0,0,0,0,0,0,0,0,0,0,0,0,0,0,0,0,0,0,0,0,0,0,0,0,0,,,0,0,
679,LIBERTADOR,DOMINGO PEÑA,ESCUELA PARA EL EMPRENDIMIENTO,,,,,,,,,,,,,,,,,,,,,,,,,,,ESCUELA PARA EL EMPRENDIMIENTO BICENTENARIO 16 DE SEPTIEMBRE DE 2010,BICENTENARIO 16 DE SEPTIEMBRE DE 2010,OD17801412,,,142257,ESTADAL,,,,,,0,0,0,0,0,0,0,0,0,0,0,0,0,0,0,0,0,0,0,0,0,0,0,0,0,0,0,0,,,0,0,
680,LIBERTADOR,EL LLANO,PREESCOLAR,20000,,,,,,,,,,,,,,,,,,,,,,,,,,PREESCOLAR GABRIELA MISTRAL (ANTES COLONIA INFANTIL LOS ANDES),GABRIELA MISTRAL (ANTES COLONIA INFANTIL LOS ANDES),OD02371412,,,141064,ESTADAL,,,,,,22,30,52,54,55,109,76,85,161,0,0,0,0,0,0,0,0,0,0,0,0,0,0,0,161,3,4,0,,,0,0,
681,LIBERTADOR,EL LLANO,PREESCOLAR,20000,,,,,,,,,,,,,,,,,,,,,,,,,,PREESCOLAR FILADELFO COLMENARES ANGULO,FILADELFO COLMENARES ANGULO,OD02531412,,,141060,ESTADAL,,,,,,0,0,0,6,2,8,6,2,8,0,0,0,0,0,0,0,0,0,0,0,0,0,0,0,8,0,2,0,,,0,0,
682,LIBERTADOR,EL MORRO,ESCUELA,20000,21000,,,,,,,,,,,,,,,,,,,,,,,,,ESCUELA AUGUSTO MALAVE VILLALBA),EVELINA GIL (ANTES AUGUSTO MALAVE VILLALBA),OD13191412,,,140532,ESTADAL,,,,,,0,0,0,1,2,3,1,2,3,6,7,13,0,0,0,0,0,0,0,0,0,0,0,0,16,0,0,2,,,0,0,
683,LIBERTADOR,EL MORRO,ESCUELA,20000,21000,,,,,,,,,,,,,,,,,,,,,,,,,ESCUELA MOCOTONE),ABRAHAM PEÑA PEÑA (ANTES MOCOTONE),OD13201412,,,140534,ESTADAL,,,,,,0,0,0,1,2,3,1,2,3,6,6,12,0,0,0,0,0,0,0,0,0,0,0,0,15,0,2,5,,,0,0,
684,LIBERTADOR,EL MORRO,ESCUELA,20000,21000,,,,,,,,,,,,,,,,,,,,,,,,,ESCUELA AURELIO SANCHEZ SANCHEZ (ANTES MOCOSOS),AURELIO SANCHEZ SANCHEZ (ANTES MOCOSOS),OD13081412,,,141103,ESTADAL,,,,,,0,0,0,7,1,8,7,1,8,11,8,19,0,0,0,0,0,0,0,0,0,0,0,0,27,0,1,1,,,0,0,
685,LIBERTADOR,EL MORRO,ESCUELA,20000,21000,,,,,,,,,,,,,,,,,,,,,,,,,ESCUELA VICTOR MANUEL PEÑA (ANTES MIQUIRURA),VICTOR MANUEL PEÑA (ANTES MIQUIRURA),OD13091412,,,141105,ESTADAL,,,,,,0,0,0,2,3,5,2,3,5,10,12,22,0,0,0,0,0,0,0,0,0,0,0,0,27,0,3,6,,,0,0,
686,LIBERTADOR,EL MORRO,ESCUELA,20000,21000,,,,,,,,,,,,,,,,,,,,,,,,,ESCUELA JUAN DE DIOS DAVILA,JUAN DE DIOS DAVILA,OD00211412,,,141987,ESTADAL,,,,,,0,0,0,8,3,11,8,3,11,16,16,32,0,0,0,0,0,0,0,0,0,0,0,0,43,0,3,6,,,0,0,
687,LIBERTADOR,EL MORRO,ESCUELA,20000,21000,,,,,,,,,,,,,,,,,,,,,,,,,ESCUELA EL HATICO,JESUS MANUEL PEÑA (ANTES EL HATICO),OD13041412,,,140749,ESTADAL,,,,,,0,0,0,3,2,5,3,2,5,9,3,12,0,0,0,0,0,0,0,0,0,0,0,0,17,0,1,6,,,0,0,
688,LIBERTADOR,EL MORRO,ESCUELA,20000,21000,,,,,,,,,,,,,,,,,,,,,,,,,ESCUELA MUCUTARAY,MAXIMO SAAVEDRA (ANTES MUCUTARAY),OD13101412,,,141107,ESTADAL,,,,,,0,0,0,0,1,1,0,1,1,8,1,9,0,0,0,0,0,0,0,0,0,0,0,0,10,0,0,0,,,0,0,
689,LIBERTADOR,GONZALO PICÓN FEBRES,ESCUELA,20000,21000,,,,,,,,,,,,,,,,,,,,,,,,,ESCUELA VICENTE LECUNA (ANTES LA CAÑA),VICENTE LECUNA (ANTES LA CAÑA),OD13301412,,,140584,ESTADAL,,,,,,0,0,0,7,13,20,7,13,20,28,28,56,0,0,0,0,0,0,0,0,0,0,0,0,76,0,1,6,,,0,0,
690,LIBERTADOR,GONZALO PICÓN FEBRES,ESCUELA,20000,21000,,,,,,,,,,,,,,,,,,,,,,,,,ESCUELA PEDRO ALEJANDRINO GUERRERO PLAZA (ANTES ALTO VIENTO),PEDRO ALEJANDRINO GUERRERO PLAZA (ANTES ALTO VIENTO),OD13291412,,,140585,ESTADAL,,,,,,0,0,0,4,3,7,4,3,7,5,3,8,0,0,0,0,0,0,0,0,0,0,0,0,15,0,1,1,,,0,0,
691,LIBERTADOR,GONZALO PICÓN FEBRES,COMPLEJO EDUCATIVO,20000,21000,31059,,CIENCIAS,,,,,,,,,,,,,,,,,,,,,,COMPLEJO EDUCATIVO VITALIA GUTIERREZ DE RINCON,VITALIA GUTIERREZ DE RINCON,S2955D1412,,,140620,ESTADAL,,,,,,5,5,10,23,35,58,28,40,68,75,85,160,75,83,158,0,0,0,0,0,0,0,0,0,386,1,3,0,,,0,0,
692,LIBERTADOR,GONZALO PICÓN FEBRES,PREESCOLAR,20000,,,,,,,,,,,,,,,,,,,,,,,,,,SIMONCITO YOLANDA TERESA SARCOS (ANTES MONTERREY),YOLANDA TERESA SARCOS (ANTES MONTERREY),OD17731412,,,142152,ESTADAL,,,,,,0,0,0,10,14,24,10,14,24,0,0,0,0,0,0,0,0,0,0,0,0,0,0,0,24,0,3,0,,,0,0,
693,LIBERTADOR,GONZALO PICÓN FEBRES,PARA EL EMPRENDIMIENTO,,,,,,,,,,,,,,,,,,,,,,,,,,,MARCOLINA DE VOLCANES,MARCOLINA DE VOLCANES,OD17781412,,,142250,ESTADAL,,,,,,0,0,0,0,0,0,0,0,0,0,0,0,0,0,0,0,0,0,0,0,0,0,0,0,0,0,0,0,,,0,0,
694,LIBERTADOR,JACINTO PLAZA,ESCUELA,20000,21000,,,,,,,,,,,,,,,,,,,,,,,,,ESCUELA JUAN DE ARCOS,JUAN DE ARCOS,OD02541412,,,140617,ESTADAL,,,,,,0,0,0,32,30,62,32,30,62,153,180,333,0,0,0,0,0,0,0,0,0,0,0,0,395,0,6,12,,,0,0,
695,LIBERTADOR,JACINTO PLAZA,ESCUELA,20000,21000,,,,,,,,,,,,,,,,,,,,,,,,,ESCUELA BOLIVARIANA MAHATMA GANDHI,MAHATMA GANDHI,OD12881412,,,141636,ESTADAL,,,,,,0,0,0,17,19,36,17,19,36,53,71,124,0,0,0,0,0,0,0,0,0,0,0,0,160,0,2,6,,,0,0,
696,LIBERTADOR,JACINTO PLAZA,ESCUELA,20000,21000,,,,,,,,,,,,,,,,,,,,,,,,,ESC SANTA CATALINA DE SIENA,SANTA CATALINA DE SIENA,OD13001412,,,141783,ESTADAL,,,,,,0,0,0,4,2,6,4,2,6,11,7,18,0,0,0,0,0,0,0,0,0,0,0,0,24,0,3,6,,,0,0,
697,LIBERTADOR,JACINTO PLAZA,COMPLEJO EDUCATIVO,20000,21000,31059,,BACHILLER,45041,SALUD,ENFERMERÍA,,,,,,,,,,,,,,,,,,,C.E SAN RAFAEL,SAN RAFAEL (ANTES SAN RAFAEL DEL CHAMA),OD13011412,,,141784,ESTADAL,,,,,,0,0,0,13,10,23,13,10,23,26,30,56,16,19,35,2,0,2,0,0,0,0,0,0,116,0,1,6,,,0,0,
698,LIBERTADOR,JACINTO PLAZA,ESCUELA,20000,21000,,,,,,,,,,,,,,,,,,,,,,,,,ESC RAFAELA PEÑA DE PEÑA,RAFAELA PEÑA DE PEÑA,OD15781412,,,141966,ESTADAL,,,,,,0,0,0,5,1,6,5,1,6,7,8,15,0,0,0,0,0,0,0,0,0,0,0,0,21,0,1,5,,,0,0,
699,LIBERTADOR,JACINTO PLAZA,ESCUELA PARA EL EMPRENDIMIENTO,,,,,,,,,,,,,,,,,,,,,,,,,,,ESCUELA PARA EL EMPRENDIMIENTO HERMENEGILDO CONTRERAS,HERMENEGILDO CONTRERAS,ON17791412,,,142258,ESTADAL,,,,,,0,0,0,0,0,0,0,0,0,0,0,0,0,0,0,0,0,0,0,0,0,0,0,0,0,0,0,0,,,0,0,
700,LIBERTADOR,JACINTO PLAZA,ESCUELA,20000,21000,,,,,,,,,,,,,,,,,,,,,,,,,ESCUELA SIMON RODRIGUEZ,SIMON RODRIGUEZ,OD03121412,,,140618,ESTADAL,,,,,,0,0,0,22,28,50,22,28,50,182,138,320,0,0,0,0,0,0,0,0,0,0,0,0,370,0,2,17,,,0,0,
701,LIBERTADOR,JACINTO PLAZA,PREESCOLAR,20000,,,,,,,,,,,,,,,,,,,,,,,,,,PREESCOLAR MARIA MONTESSORI,MARIA MONTESSORI,OD12851412,,,140492,ESTADAL,,,,,,0,0,0,31,33,64,31,33,64,0,0,0,0,0,0,0,0,0,0,0,0,0,0,0,64,0,6,0,,,0,0,
702,LIBERTADOR,JACINTO PLAZA,ESCUELA,,21000,,,,,,,,,,,,,,,,,,,,,,,,,ESCUELA OBDULIO PICON PICON,OBDULIO PICON PICON,OD13311412,,,140551,ESTADAL,,,,,,0,0,0,0,0,0,0,0,0,115,126,241,0,0,0,0,0,0,0,0,0,0,0,0,241,0,0,12,,,0,0,
703,LIBERTADOR,JACINTO PLAZA,ESCUELA,,21000,,,,,,,,,,,,,,,,,,,,,,,,,ESCUELA JOSE ITALO PEÑA MARQUEZ,JOSE ITALO PEÑA MARQUEZ,OD12991412,,,141781,ESTADAL,,,,,,0,0,0,0,0,0,0,0,0,23,11,34,0,0,0,0,0,0,0,0,0,0,0,0,34,0,0,6,,,0,0,
704,LIBERTADOR,JUAN RODRIGUEZ SUAREZ,ESCUELA,20000,21000,,,,,,,,,,,,,,,,,,,,,,,,,JJ MARQUINA,JOSE DE JESUS MARQUINA (ANTES LA VEGA DE LA PARROQUIA),OD12961412,,,141766,ESTADAL,,,,,,5,5,10,5,3,8,10,8,18,5,11,16,0,0,0,0,0,0,0,0,0,0,0,0,34,1,1,6,,,0,0,
705,LIBERTADOR,JUAN RODRIGUEZ SUAREZ,ESCUELA,,21000,,,,,,,,,,,,,,,,,,,,,,,,,ESCUELA PARA EL EMPRENDIMIENTO ERNESTINA QUIROZ,ERNESTINA QUIROZ,ON15471412,,,141927,ESTADAL,,,,,,0,0,0,0,0,0,0,0,0,0,0,0,0,0,0,0,0,0,0,0,0,0,0,0,0,0,0,0,,,0,0,
706,LIBERTADOR,JUAN RODRIGUEZ SUAREZ,ESCUELA,20000,21000,,,,,,,,,,,,,,,,,,,,,,,,,EE CECILIO ACOSTA,CECILIO ACOSTA,OD02521412,,,140614,ESTADAL,,,,,,0,0,0,5,10,15,5,10,15,42,43,85,0,0,0,0,0,0,0,0,0,0,0,0,100,0,1,6,,,0,0,
707,LIBERTADOR,LASSO DE LA VEGA,PREESCOLAR,20000,,,,,,,,,,,,,,,,,,,,,,,,,,PREESCOLAR MANUELITA SAENZ,MANUELITA SAENZ (ANTES PEDREGOSA ALTA),OD12891412,,,141698,ESTADAL,,,,,,0,0,0,13,12,25,13,12,25,0,0,0,0,0,0,0,0,0,0,0,0,0,0,0,25,0,2,0,,,0,0,
708,LIBERTADOR,LASSO DE LA VEGA,PREESCOLAR,20000,,,,,,,,,,,,,,,,,,,,,,,,,,PREESCOLAR DON ANDRES BELLO,DON ANDRES BELLO,OD12841412,,,140486,ESTADAL,,,,,,0,0,0,16,14,30,16,14,30,0,0,0,0,0,0,0,0,0,0,0,0,0,0,0,30,0,2,0,,,0,0,
709,LIBERTADOR,LOS NEVADOS,COMPLEJO EDUCATIVO,20000,21000,31059,,CIENCIAS,,,,,,,,,,,,,,,,,,,,,,ESCUELA EL QUINO,ANTONIO DAVILA PEÑA (ANTES EL QUINO),OD13221412,,,140535,ESTADAL,,,,,,0,0,0,1,4,5,1,4,5,6,7,13,6,7,13,0,0,0,0,0,0,0,0,0,31,0,1,1,,,0,0,
710,LIBERTADOR,LOS NEVADOS,ESCUELA,20000,21000,,,,,,,,,,,,,,,,,,,,,,,,,ESCUELA EL APURE,ORLANDO ARAUJO (ANTES EL APURE),OD13211412,,,140537,ESTADAL,,,,,,0,0,0,3,1,4,3,1,4,12,8,20,0,0,0,0,0,0,0,0,0,0,0,0,24,0,1,6,,,0,0,
711,LIBERTADOR,LOS NEVADOS,COMPLEJO EDUCATIVO,20000,21000,31059,MEDIA GENERAL,CIENCIAS,,,,,,,,,,,,,,,,,,,,,,ESCUELA LOS NEVADOS),CONCEPCION MARIÑO (ANTES LOS NEVADOS),OD13231412,,,140538,ESTADAL,,,,,,0,0,0,6,5,11,6,5,11,22,27,49,21,12,33,0,0,0,0,0,0,0,0,0,93,0,1,5,,,0,0,
712,LIBERTADOR,LOS NEVADOS,ESCUELA,,21000,,,,,,,,,,,,,,,,,,,,,,,,,ESCUELA LAS PLUMAS,ARISTIDES ROJAS (ANTES LAS PLUMAS),OD13241412,,,140539,ESTADAL,,,,,,0,0,0,0,0,0,0,0,0,3,5,8,0,0,0,0,0,0,0,0,0,0,0,0,8,0,0,4,,,0,0,
713,LIBERTADOR,LOS NEVADOS,ESCUELA,20000,21000,,,,,,,,,,,,,,,,,,,,,,,,,ESCUELA EL HATO,ANTONIO ARRAIZ (ANTES EL HATO),OD13061412,,,141100,ESTADAL,,,,,,0,0,0,0,0,0,0,0,0,3,1,4,0,0,0,0,0,0,0,0,0,0,0,0,4,0,0,0,,,0,0,
714,LIBERTADOR,LOS NEVADOS,ESCUELA,20000,21000,,,,,,,,,,,,,,,,,,,,,,,,,ESCUELA CURAZAO,FRANCISCO CADENAS (ANTES CURAZAO),OD17821412,,,142138,ESTADAL,,,,,,0,0,0,1,2,3,1,2,3,13,5,18,0,0,0,0,0,0,0,0,0,0,0,0,21,0,3,6,,,0,0,
715,LIBERTADOR,MARIANO PICON SALAS,PREESCOLAR,20000,,,,,,,,,,,,,,,,,,,,,,,,,,PREESCOLAR TECLA ARTEMISIA MONTESSORI (ANTES INDEPENDENCIA),TECLA ARTEMISIA MONTESSORI (ANTES INDEPENDENCIA),OD12831412,,,141392,ESTADAL,,,,,,0,0,0,23,18,41,23,18,41,0,0,0,0,0,0,0,0,0,0,0,0,0,0,0,41,0,2,0,,,0,0,
716,LIBERTADOR,MARIANO PICON SALAS,ESCUELA,20000,21000,,,,,,,,,,,,,,,,,,,,,,,,,ESCUELA MARIANO PICON SALAS (ANTES EL RINCON),MARIANO PICON SALAS (ANTES EL RINCON),OD02471412,,,141758,ESTADAL,,,,,,0,0,0,11,3,14,11,3,14,34,33,67,0,0,0,0,0,0,0,0,0,0,0,0,81,0,1,0,,,0,0,"{""preescolar"":{""U"":1}}"
717,LIBERTADOR,MARIANO PICON SALAS,ESCUELA,20000,21000,,,,,,,,,,,,,,,,,,,,,,,,,ESCUELA MANUELA CAÑIZARES (ANTES LAS QUEBRADITAS),MANUELA CAÑIZARES (ANTES LAS QUEBRADITAS),OD12911412,,,141761,ESTADAL,,,,,,0,0,0,1,5,6,1,5,6,8,11,19,0,0,0,0,0,0,0,0,0,0,0,0,25,0,1,2,,,0,0,
718,LIBERTADOR,MARIANO PICON SALAS,ESCUELA,20000,21000,,,,,,,,,,,,,,,,,,,,,,,,,ESCUELA JOSEFA ANTONIA RINCÓN (ANTES LOMA DE LA VIRGEN BAJA),JOSEFA ANTONIA RINCÓN (ANTES LOMA DE LA VIRGEN BAJA),OD12921412,,,141763,ESTADAL,,,,,,0,0,0,10,3,13,10,3,13,11,21,32,0,0,0,0,0,0,0,0,0,0,0,0,45,0,1,6,,,0,0,
719,LIBERTADOR,MARIANO PICON SALAS,ESCUELA,20000,21000,,,,,,,,,,,,,,,,,,,,,,,,,ESCUELA TITO DAVILA (ANTES LOMA DE LA VIRGEN ALTA),TITO DAVILA (ANTES LOMA DE LA VIRGEN ALTA),OD12931412,,,141764,ESTADAL,,,,,,0,0,0,1,5,6,1,5,6,10,6,16,0,0,0,0,0,0,0,0,0,0,0,0,22,0,1,4,,,0,0,
720,LIBERTADOR,MILLA,ESCUELA,,21000,,,,,,,,,,,,,,,,,,,,,,,,,CCAO LA MILAGROSA),MARIA LEONOR ESCALANTE DE CALDERON (ANTES LA MILAGROSA),ON15531412,,,141933,ESTADAL,,,,,,0,0,0,0,0,0,0,0,0,0,0,0,0,0,0,0,0,0,0,0,0,0,0,0,0,0,0,0,,,0,0,
721,LIBERTADOR,MILLA,COMPLEJO EDUCATIVO,20000,21000,31059,,CIENCIAS,31060,,CIENCIA Y TECNOLOGIA,46069,ECONOMÍA SOCIAL,ECONOMÍA DIGITAL,,,,,,,,,,,,,,,,COMPLEJO EDUCATIVO DOCTOR RAMON REINOSO NUÑEZ,DOCTOR RAMON REINOSO NUÑEZ,OD02451412,,,141347,ESTADAL,,,,,,0,0,0,24,17,41,24,17,41,116,102,218,37,42,79,49,35,84,0,0,0,0,0,0,422,0,41,218,,,0,0,
722,LIBERTADOR,MILLA,INSTITUTO DE EDUCACION ESPECIAL,,,,,,,,,,,,,,,,,,,,,,,,,,,INSTITUTO DE EDUCACIÓN ESPECIAL TALLER DE EDUCACION LABORAL DOMINGO PEÑA,DOMINGO PEÑA,OD17751412,,,142193,ESTADAL,,,,,,0,0,0,0,0,0,0,0,0,0,0,0,0,0,0,0,0,0,0,0,0,0,0,0,0,0,0,0,,,0,0,
723,LIBERTADOR,OSUNA RODRIGUEZ,ESCUELA,,21000,,,,,,,,,,,,,,,,,,,,,,,,,BICENTENARIO DEL LIBERTADOR,BICENTENARIO DEL LIBERTADOR,OD12861412,,,140530,ESTADAL,,,,,,0,0,0,0,0,0,0,0,0,121,134,255,0,0,0,0,0,0,0,0,0,0,0,0,255,0,0,16,,,0,0,
724,LIBERTADOR,OSUNA RODRIGUEZ,PREESCOLAR,20000,,,,,,,,,,,,,,,,,,,,,,,,,,PREESCOLAR VIRGEN DE LAS NIEVES,VIRGEN DE LAS NIEVES,OD02581412,,,141395,ESTADAL,,,,,,9,8,17,33,30,63,42,38,80,0,0,0,0,0,0,0,0,0,0,0,0,0,0,0,80,1,4,0,,,0,0,
725,LIBERTADOR,OSUNA RODRIGUEZ,ESCUELA,20000,21000,,,,,,,,,,,,,,,,,,,,,,,,,ESCUELA JUAN GERMAN ROSCIO (ANTES EL RODEO),JUAN GERMAN ROSCIO (ANTES EL RODEO),OD12971412,,,141767,ESTADAL,,,,,,0,0,0,9,4,13,9,4,13,16,17,33,0,0,0,0,0,0,0,0,0,0,0,0,46,0,1,3,,,0,0,
726,LIBERTADOR,OSUNA RODRIGUEZ,ESCUELA,,21000,,,,,,,,,,,,,,,,,,,,,,,,,GOBERNACION DEL ESTADO MERIDA,LOS CUROS,ON15541412,,,141934,ESTADAL,,,,,,0,0,0,0,0,0,0,0,0,264,175,439,0,0,0,0,0,0,0,0,0,0,0,0,439,0,0,1,,,0,0,
727,LIBERTADOR,SAGRARIO,ESCUELA,,21000,,,,,,,,,,,,,,,,,,,,,,,,,ESCUELA TERESA MANRIQUE,TERESA MANRIQUE,OD03681412,,,140540,ESTADAL,,,,,,0,0,0,0,0,0,0,0,0,0,0,0,0,0,0,0,0,0,0,0,0,0,0,0,0,0,0,6,,,0,0,
728,LIBERTADOR,SAGRARIO,ESCUELA,20000,21000,,,,,,,,,,,,,,,,,,,,,,,,,ESCUELA COROMOTO,COROMOTO,OD13031412,,,140624,ESTADAL,,,,,,0,0,0,13,14,27,13,14,27,92,90,182,0,0,0,0,0,0,0,0,0,0,0,0,209,0,1,6,,,0,0,
729,MIRANDA,ANDRES ELOY BLANCO,COMPLEJO EDUCATIVO,20000,21000,31059,,CIENCIAS,31060,,CIENCIA Y TECNOLOGIA,,,,,,,,,,,,,,,,,,,ESC EMILIO MALDONADO,EMILIO MALDONADO,S2995D1413,6563870,,140682,NACIONAL,,,,,,3,8,11,32,24,56,35,32,67,83,94,177,80,69,149,0,0,0,0,0,0,0,0,0,393,1,3,10,,,0,0,
730,MIRANDA,ANDRES ELOY BLANCO,ESCUELA,,21000,,,,,,,,,,,,,,,,,,,,,,,,,NER- NUCLEO ESCOLAR RURAL 196,PEDRO MARIA RAMIREZ,OD13411413,6970196,,140662,NACIONAL,,,,,,0,0,0,0,0,0,0,0,0,7,8,15,0,0,0,0,0,0,0,0,0,0,0,0,15,0,0,6,,,0,0,
731,MIRANDA,LA VENTA,ESCUELA,20000,21000,,,,,,,,,,,,,,,,,,,,,,,,,NER- NUCLEO ESCOLAR RURAL 196,SIMON BOLIVAR,OD13631413,6970196,,140664,NACIONAL,,,,,,0,0,0,2,4,6,2,4,6,16,22,38,0,0,0,0,0,0,0,0,0,0,0,0,44,0,1,6,,,0,0,
732,MIRANDA,LA VENTA,COMPLEJO EDUCATIVO,20000,21000,31059,,CIENCIAS,31060,,CIENCIA Y TECNOLOGIA,,,,,,,,,,,,,,,,,,,E B LA VENTA,FROILANA MONTILLA LOBO,S3636D1413,7950166,,140683,NACIONAL,,,,,,2,2,4,9,19,28,11,21,32,43,62,105,52,47,99,0,0,0,0,0,0,0,0,0,236,1,28,7,,,0,0,
733,MIRANDA,PIÑANGO,COMPLEJO EDUCATIVO,20000,21000,31060,,TECNOLOGIA E INOVACION,,,,,,,,,,,,,,,,,,,,,,DOCTOR IGNACIO FERNANDEZ PEÑA,DOCTOR IGNACIO FERNÁNDEZ PEÑA,OD03081413,6563160,,140684,NACIONAL,,,,,,0,0,0,7,13,20,7,13,20,28,43,71,83,61,144,0,0,0,0,0,0,0,0,0,235,0,2,6,,,0,0,
734,MIRANDA,TIMOTES,COMPLEJO EDUCATIVO,20000,21000,31059,MEDIA GENERAL,CIENCIAS,31060,MEDIA GENERAL,CIENCIAS Y TECNOLOGIA,,,,,,,,,,,,,,,,,,,G-E CANONIGO UZCATEGUI,CANONIGO UZCATEGUI,OD00861413,6732260,,140679,NACIONAL,,,,,,8,16,24,64,73,137,72,89,161,274,257,531,93,75,168,0,0,0,0,0,0,0,0,0,860,2,6,24,,,0,0,
735,MIRANDA,TIMOTES,ESCUELA,20000,21000,,,,,,,,,,,,,,,,,,,,,,,,,NER- NUCLEO ESCOLAR RURAL 196,ANDRES BELLO,OD15291413,6970196,,141005,NACIONAL,,,,,,0,0,0,2,0,2,2,0,2,7,1,8,0,0,0,0,0,0,0,0,0,0,0,0,10,2,2,6,,,0,0,"{""primaria"":{""4U"":1,""1U"":1,""5U"":1}}"
736,MIRANDA,TIMOTES,ESCUELA,20000,21000,,,,,,,,,,,,,,,,,,,,,,,,,NER- NUCLEO ESCOLAR RURAL 196,LUIS BELTRAN PRIETO FIGUEROA,OD13561413,6970196,,141556,NACIONAL,,,,,,0,0,0,7,2,9,7,2,9,19,20,39,0,0,0,0,0,0,0,0,0,0,0,0,48,0,1,6,,,0,0,
737,MIRANDA,TIMOTES,LICEO,,,31059,,CIENCIAS,31060,,CIENCIA Y TECNOLOGIA,,,,,,,,,,,,,,,,,,,CD- FCO DE P ANDRADE,FRANCISCO DE PAULA ANDRADE,SO832D1413,7913060,,140685,NACIONAL,,,,,,0,0,0,0,0,0,0,0,0,0,0,0,426,355,781,0,0,0,0,0,0,0,0,0,781,0,0,0,,,0,0,
738,MIRANDA,TIMOTES,INSTITUTO DE EDUCACION ESPECIAL,,,,,,,,,,,,,,,,,,,,,,,,,,,IEE TIMOTES,EUMELIA FERNANDEZ,OD17571413,6590682,,142139,NACIONAL,,,,,,0,0,0,0,0,0,0,0,0,0,0,0,0,0,0,0,0,0,0,0,0,0,0,0,0,0,0,0,,,0,0,
739,MIRANDA,TIMOTES,ESCUELA,20000,21000,,,,,,,,,,,,,,,,,,,,,,,,,NER- NUCLEO ESCOLAR RURAL 196,SIMON RODRIGUEZ,OD13331413,6970196,,140653,NACIONAL,,,,,,0,0,0,1,0,1,1,0,1,11,1,12,0,0,0,0,0,0,0,0,0,0,0,0,13,0,1,6,,,0,0,
740,MIRANDA,TIMOTES,ESCUELA,20000,21000,,,,,,,,,,,,,,,,,,,,,,,,,NER- NUCLEO ESCOLAR RURAL 196,MIJARA,OD13531413,6970196,,141118,NACIONAL,,,,,,0,0,0,3,7,10,3,7,10,16,19,35,0,0,0,0,0,0,0,0,0,0,0,0,45,0,1,3,,,0,0,
741,MIRANDA,TIMOTES,ESCUELA,20000,21000,,,,,,,,,,,,,,,,,,,,,,,,,NER- NUCLEO ESCOLAR RURAL 196,TIMOTE,OD17581413,6970196,,142225,NACIONAL,,,,,,0,0,0,3,3,6,3,3,6,8,13,21,0,0,0,0,0,0,0,0,0,0,0,0,27,0,1,6,,,0,0,
742,MIRANDA,TIMOTES,ESCUELA,20000,21000,,,,,,,,,,,,,,,,,,,,,,,,,NER- NUCLEO ESCOLAR RURAL 196,MARIA SIMONA CORREDOR,OD13361413,6970196,,140657,NACIONAL,,,,,,0,0,0,1,4,5,1,4,5,7,8,15,0,0,0,0,0,0,0,0,0,0,0,0,20,0,1,6,,,0,0,
743,MIRANDA,TIMOTES,ESCUELA,20000,21000,,,,,,,,,,,,,,,,,,,,,,,,,NER- NUCLEO ESCOLAR RURAL 196,PABLO LOBO,OD13371413,6970196,,140658,NACIONAL,,,,,,0,0,0,2,1,3,2,1,3,7,7,14,0,0,0,0,0,0,0,0,0,0,0,0,17,0,1,6,,,0,0,
744,MIRANDA,TIMOTES,ESCUELA TECNICA,,,41049,AGROPECUARIA,CIENCIAS AGRÍCOLAS Y PECUARIAS,,,,,,,,,,,,,,,,,,,,,,ETARN MESA CERRADA,MESA CERRADA,OD17561413,5652064,,142150,NACIONAL,,,,,,0,0,0,0,0,0,0,0,0,0,0,0,0,0,0,30,16,46,0,0,0,0,0,0,46,0,0,0,,,0,0,
745,MIRANDA,TIMOTES,ESCUELA,20000,21000,,,,,,,,,,,,,,,,,,,,,,,,,NER- NUCLEO ESCOLAR RURAL 196,JUAN IGNACIO BRICEÑO DIAZ,OD13641413,6970196,,140681,NACIONAL,,,,,,0,0,0,3,8,11,3,8,11,22,19,41,0,0,0,0,0,0,0,0,0,0,0,0,52,0,1,6,,,0,0,
746,MIRANDA,TIMOTES,ESCUELA,20000,21000,,,,,,,,,,,,,,,,,,,,,,,,,NER- NUCLEO ESCOLAR RURAL 196,RAFAEL RODRIGUEZ,OD13381413,6970196,,140659,NACIONAL,,,,,,0,0,0,6,7,13,6,7,13,19,10,29,0,0,0,0,0,0,0,0,0,0,0,0,42,0,1,5,,,0,0,
747,MIRANDA,ANDRES ELOY BLANCO,ESCUELA,,21000,,,,,,,,,,,,,,,,,,,,,,,,,ESCUELA UNITARIA EL HATICO,EL HATICO,OD16481413,,,142011,ESTADAL,,,,,,0,0,0,0,0,0,0,0,0,5,6,11,0,0,0,0,0,0,0,0,0,0,0,0,11,0,0,6,,,0,0,
748,MIRANDA,LA VENTA,COMPLEJO EDUCATIVO,20000,21000,31059,,CIENCIAS,,,,,,,,,,,,,,,,,,,,,,C E FRANCISCA BALZA,FRANCISCA BALZA,OD02541413,,,140663,ESTADAL,,,,,,0,0,0,4,3,7,4,3,7,16,11,27,8,4,12,0,0,0,0,0,0,0,0,0,46,0,1,6,,,0,0,
749,MIRANDA,PIÑANGO,ESCUELA,20000,21000,,,,,,,,,,,,,,,,,,,,,,,,,ESCUELA ANDRES BELLO,ANDRES BELLO,OD13491413,,,141032,ESTADAL,,,,,,0,0,0,0,2,2,0,2,2,7,8,15,0,0,0,0,0,0,0,0,0,0,0,0,17,0,2,7,,,0,0,
750,MIRANDA,PIÑANGO,ESCUELA,,21000,,,,,,,,,,,,,,,,,,,,,,,,,ESCUELA ESTADAL JOSE AUDELINO DELGADO CASTELLANO,JOSÉ AUDELINO DELGADO CASTELLANO,OD13471413,,,141026,ESTADAL,,,,,,0,0,0,0,0,0,0,0,0,4,6,10,0,0,0,0,0,0,0,0,0,0,0,0,10,0,0,3,,,0,0,
751,MIRANDA,PIÑANGO,ESCUELA,,21000,,,,,,,,,,,,,,,,,,,,,,,,,FRANCISCA SANCHEZ DE PALMI,FRANCISCA SÁNCHEZ DE PALMI,OD00901413,,,141027,ESTADAL,,,,,,0,0,0,0,0,0,0,0,0,6,3,9,0,0,0,0,0,0,0,0,0,0,0,0,9,0,0,6,,,0,0,
752,MIRANDA,PIÑANGO,ESCUELA,,21000,,,,,,,,,,,,,,,,,,,,,,,,,ESCUELA SIMÓN RODRÍGUEZ,SIMÓN RODRÍGUEZ,OD13421413,,,140669,ESTADAL,,,,,,0,0,0,0,0,0,0,0,0,12,7,19,0,0,0,0,0,0,0,0,0,0,0,0,19,0,0,6,,,0,0,
753,MIRANDA,PIÑANGO,ESCUELA,,21000,,,,,,,,,,,,,,,,,,,,,,,,,ESCUELA EMILIO ENRIQUE RAMIREZ,EMILIO ENRIQUE RAMIREZ,OD13481413,,,141031,ESTADAL,,,,,,0,0,0,5,5,10,5,5,10,11,15,26,0,0,0,0,0,0,0,0,0,0,0,0,36,0,1,6,,,0,0,
754,MIRANDA,PIÑANGO,ESCUELA,,21000,,,,,,,,,,,,,,,,,,,,,,,,,ESCUELA JOSÉ TOMÁS PAREDES,JOSÉ TOMÁS PAREDES,OD16501413,,,142105,ESTADAL,,,,,,0,0,0,0,0,0,0,0,0,14,7,21,0,0,0,0,0,0,0,0,0,0,0,0,21,0,0,6,,,0,0,
755,MIRANDA,PIÑANGO,ESCUELA,20000,21000,,,,,,,,,,,,,,,,,,,,,,,,,ESCUELA SIMÓN BOLÍVAR,SIMÓN BOLÍVAR,OD13551413,,,141427,ESTADAL,,,,,,0,0,0,4,5,9,4,5,9,15,15,30,0,0,0,0,0,0,0,0,0,0,0,0,39,0,9,7,,,0,0,
756,MIRANDA,PIÑANGO,ESCUELA,,21000,,,,,,,,,,,,,,,,,,,,,,,,,ESCUELA EZEQUIEL ZAMORA,EZEQUIEL ZAMORA,OD13501413,,,141033,ESTADAL,,,,,,0,0,0,0,0,0,0,0,0,5,1,6,0,0,0,0,0,0,0,0,0,0,0,0,6,0,0,6,,,0,0,
757,MIRANDA,PIÑANGO,ESCUELA,,21000,,,,,,,,,,,,,,,,,,,,,,,,,ESCUELA FRANCISCO DE MIRANDA,FRANCISCO DE MIRANDA,OD13521413,,,141036,ESTADAL,,,,,,0,0,0,0,0,0,0,0,0,9,6,15,0,0,0,0,0,0,0,0,0,0,0,0,15,0,0,6,,,0,0,
758,MIRANDA,PIÑANGO,ESCUELA,,21000,,,,,,,,,,,,,,,,,,,,,,,,,ESCUELA MARIA ISABEL BRICEÑO,MARIA ISABEL BRICEÑO,OD13591413,,,141847,ESTADAL,,,,,,0,0,0,0,0,0,0,0,0,6,3,9,0,0,0,0,0,0,0,0,0,0,0,0,9,0,0,6,,,0,0,
759,MIRANDA,PIÑANGO,ESCUELA,,21000,,,,,,,,,,,,,,,,,,,,,,,,,ESCUELA DE EMPRENDIMIENTO,ANGEL MIRO VILLARREAL,ON13581413,,,141807,ESTADAL,,,,,,0,0,0,0,0,0,0,0,0,0,0,0,0,0,0,0,0,0,0,0,0,0,0,0,0,0,0,0,,,0,0,
760,MIRANDA,TIMOTES,ESCUELA,20000,21000,,,,,,,,,,,,,,,,,,,,,,,,,ESCUELA ANDRES ELOY BLANCO,ANDRES ELOY BLANCO,OD00841413,,,141661,ESTADAL,,,,,,0,0,0,7,5,12,7,5,12,43,64,107,0,0,0,0,0,0,0,0,0,0,0,0,119,0,1,6,,,0,0,
761,MIRANDA,TIMOTES,ESCUELA,20000,21000,,,,,,,,,,,,,,,,,,,,,,,,,ESCUELA FILOMENA RUIZ DE RODRIGUEZ,FILOMENA RUIZ DE RODRIGUEZ,OD00851413,,,140674,ESTADAL,,,,,,0,0,0,24,38,62,24,38,62,212,200,412,0,0,0,0,0,0,0,0,0,0,0,0,474,0,6,14,,,0,0,
762,MIRANDA,TIMOTES,ESCUELA,,21000,,,,,,,,,,,,,,,,,,,,,,,,,ESCUELA DE EMPRENDIMIENTO,MARI DEL ROSARIO VILLAREAL,ON13601413,,,141874,ESTADAL,,,,,,0,0,0,0,0,0,0,0,0,57,0,57,0,0,0,0,0,0,0,0,0,0,0,0,57,0,0,0,,,0,0,
763,MIRANDA,TIMOTES,ESCUELA,,21000,,,,,,,,,,,,,,,,,,,,,,,,,ESCUELA MESA CERRADA,MESA CERRADA,OD13441413,,,140678,ESTADAL,,,,,,0,0,0,1,0,1,1,0,1,14,0,14,0,0,0,0,0,0,0,0,0,0,0,0,15,0,1,6,,,0,0,
764,MIRANDA,TIMOTES,ESCUELA,20000,21000,,,,,,,,,,,,,,,,,,,,,,,,,ESCUELA AGUA BLANCA,MARIA MONTESSORI,OD13351413,,,140656,ESTADAL,,,,,,0,0,0,3,7,10,3,7,10,4,2,6,0,0,0,0,0,0,0,0,0,0,0,0,16,0,1,6,,,0,0,
765,MIRANDA,TIMOTES,ESCUELA,20000,21000,,,,,,,,,,,,,,,,,,,,,,,,,ESCUELA GLORIA STOLK,GLORIA STOLK,OD13451413,,,140680,ESTADAL,,,,,,2,0,2,7,0,7,9,0,9,10,2,12,0,0,0,0,0,0,0,0,0,0,0,0,21,0,0,6,,,0,0,
766,MIRANDA,TIMOTES,ESCUELA,,21000,,,,,,,,,,,,,,,,,,,,,,,,,ESCUELA DOMITILA DE DAVILA,DOMITILA DAVILA,OD13401413,,,140661,ESTADAL,,,,,,0,0,0,1,0,1,1,0,1,5,0,5,0,0,0,0,0,0,0,0,0,0,0,0,6,0,1,6,,,0,0,
767,MIRANDA,TIMOTES,ESCUELA,20000,21000,,,,,,,,,,,,,,,,,,,,,,,,,ESCUELA TORIBIO ANDRADE,TORIBIO ANDRADE,OD13461413,,,141025,ESTADAL,,,,,,0,0,0,0,0,0,0,0,0,4,1,5,0,0,0,0,0,0,0,0,0,0,0,0,5,0,0,6,,,0,0,
768,MIRANDA,TIMOTES,ESCUELA,20000,21000,,,,,,,,,,,,,,,,,,,,,,,,,ESCUELA CLODOMIRO CASTELLANO,CLODOMIRO CASTELLANO,OD13391413,,,140660,ESTADAL,,,,,,0,0,0,1,0,1,1,0,1,2,0,2,0,0,0,0,0,0,0,0,0,0,0,0,3,0,1,6,,,0,0,"{""primaria"":{""5U"":1,""4U"":1}}"
769,MIRANDA,TIMOTES,ESCUELA,20000,21000,,,,,,,,,,,,,,,,,,,,,,,,,ESCUELA TERESA DE LA PARRA,JOSE GREGORIO MONAGAS,OD13511413,,,141034,ESTADAL,,,,,,0,0,0,2,3,5,2,3,5,8,0,8,0,0,0,0,0,0,0,0,0,0,0,0,13,0,1,6,,,0,0,
770,MIRANDA,TIMOTES,ESCUELA,20000,21000,,,,,,,,,,,,,,,,,,,,,,,,,JOSE HONORIO BAPTISTA,JOSE HONORIO BAPTISTA,OD13431413,,,140677,ESTADAL,,,,,,0,0,0,1,0,1,1,0,1,6,1,7,0,0,0,0,0,0,0,0,0,0,0,0,8,0,1,6,,,0,0,
771,OBISPO RAMOS DE LORA,SANTA ELENA DE ARENALES,COMPLEJO EDUCATIVO,20000,21000,31059,,CIENCIAS,,,,,,,,,,,,,,,,,,,,,,UE GAVILANES KM.9,MARÍA TERESA DEL TORO,OD04401414,6590198,,141776,NACIONAL,,,,,,0,0,0,8,7,15,8,7,15,53,62,115,33,18,51,0,0,0,0,0,0,0,0,0,181,0,1,6,,,0,0,
772,OBISPO RAMOS DE LORA,SANTA ELENA DE ARENALES,COMPLEJO EDUCATIVO,20000,21000,31059,,CIENCIAS,,,,,,,,,,,,,,,,,,,,,,UEB GUACHICAPAZON N,MARIA DE JESUS NOGUERA DE TORRES,OD04411414,6590197,,141779,NACIONAL,,,,,,6,7,13,15,15,30,21,22,43,55,44,99,26,28,54,0,0,0,0,0,0,0,0,0,196,13,30,0,,,0,0,
773,OBISPO RAMOS DE LORA,SANTA ELENA DE ARENALES,ESCUELA,,21000,,,,,,,,,,,,,,,,,,,,,,,,,ESC. DR. MARIANO UZCATEGUI,DOCTOR MARIANO UZCATEGUI,OD01671414,6563230,,140711,NACIONAL,,,,,,0,0,0,0,0,0,0,0,0,325,345,670,0,0,0,0,0,0,0,0,0,0,0,0,670,0,0,24,,,0,0,
774,OBISPO RAMOS DE LORA,SANTA ELENA DE ARENALES,ESCUELA,20000,21000,,,,,,,,,,,,,,,,,,,,,,,,,UEB SAMUEL ROBINSON,SAMUEL ROBINSON,OD04391414,7951070,,141772,NACIONAL,,,,,,5,3,8,11,15,26,16,18,34,39,57,96,0,0,0,0,0,0,0,0,0,0,0,0,130,1,2,6,,,0,0,
775,OBISPO RAMOS DE LORA,SANTA ELENA DE ARENALES,PREESCOLAR,20000,,,,,,,,,,,,,,,,,,,,,,,,,,J.I DR MARIANO UZCATEGUI,DOCTOR MARIANO UZCATEGUI,OD15891414,4103030,,142012,NACIONAL,,,,,,0,0,0,89,107,196,89,107,196,0,0,0,0,0,0,0,0,0,0,0,0,0,0,0,196,0,15,0,,,0,0,
776,OBISPO RAMOS DE LORA,SANTA ELENA DE ARENALES,INSTITUTO DE EDUCACION ESPECIAL,,,,,,,,,,,,,,,,,,,,,,,,,,,IEE IROCHKA APOLINAR DE P.,IROCHKA APOLINAR DE PORRAS,OD16531414,6490417,,142091,NACIONAL,,,,,,0,0,0,0,0,0,0,0,0,0,0,0,0,0,0,0,0,0,0,0,0,0,0,0,0,0,0,0,,,0,0,
777,OBISPO RAMOS DE LORA,SANTA ELENA DE ARENALES,LICEO,,,31059,,CIENCIAS,31060,,CIENCIA Y TECNOLOGIA,,,,,,,,,,,,,,,,,,,CB-OSUNA RODRIGUEZ,JOSE JESUS OSUNA RODRIGUEZ,S1360D1414,7918193,,141216,NACIONAL,,,,,,0,0,0,0,0,0,0,0,0,0,0,0,260,236,496,0,0,0,0,0,0,0,0,0,496,0,0,0,,,0,0,
778,OBISPO RAMOS DE LORA,SANTA ELENA DE ARENALES,LICEO,,,,,,,,,,,,,,,,,,,,,,,,,,,CCB PANAMERICANO,RAFAEL JOSE ROMERO ALMEIDA,S3126N1414,7912064,,141318,NACIONAL,,,,,,0,0,0,0,0,0,0,0,0,0,0,0,0,0,0,0,0,0,0,0,0,0,0,0,0,0,0,0,,,0,0,
779,OBISPO RAMOS DE LORA,SANTA ELENA DE ARENALES,COMPLEJO EDUCATIVO,20000,21000,31059,,CIENCIAS,,,,,,,,,,,,,,,,,,,,,,NER GAVILANCITO,JOSE EMILIO BALTAZAR,OD01861414,6942109,,141778,NACIONAL,,,,,,0,0,0,0,0,0,0,0,0,0,0,0,0,0,0,0,0,0,0,0,0,0,0,0,0,2,2,6,,,0,0,
780,OBISPO RAMOS DE LORA,SANTA ELENA DE ARENALES,COMPLEJO EDUCATIVO,20000,21000,31059,,CIENCIAS,,,,,,,,,,,,,,,,,,,,,,UEB RIO PERDIDO CENTRAL,DIONISIO MONCADA VASQUEZ,OD03431414,6590187,,140702,NACIONAL,,,,,,0,0,0,0,0,0,0,0,0,0,0,0,0,0,0,0,0,0,0,0,0,0,0,0,0,1,1,6,,,0,0,
781,OBISPO RAMOS DE LORA,SANTA ELENA DE ARENALES,ESCUELA,,21000,,,,,,,,,,,,,,,,,,,,,,,,,NER GAVILANCITO,FELIPE FERNANDEZ MARQUEZ,OD13821414,6942109,,141773,NACIONAL,,,,,,0,0,0,0,0,0,0,0,0,0,0,0,0,0,0,0,0,0,0,0,0,0,0,0,0,0,0,6,,,0,0,
782,OBISPO RAMOS DE LORA,ELOY PAREDES,LICEO,,,31059,,CIENCIAS,,,,,,,,,,,,,,,,,,,,,,LICEO LICENCIADO NELSON EOJAS EXTENSION PANAMERICANO,LICENCIADO NELSON ROJAS EXTENSION PANAMERICANO,ON15771414,7912064,,141714,NACIONAL,,,,,,0,0,0,0,0,0,0,0,0,0,0,0,0,0,0,0,0,0,0,0,0,0,0,0,0,0,0,0,,,0,0,
783,OBISPO RAMOS DE LORA,ELOY PAREDES,ESCUELA,20000,21000,,,,,,,,,,,,,,,,,,,,,,,,,NER NUC ESC RURAL N 057,JOSE TRINIDAD PAEZ,OD13721414,6970057,,140698,NACIONAL,,,,,,0,0,0,1,5,6,1,5,6,9,21,30,0,0,0,0,0,0,0,0,0,0,0,0,36,0,1,3,,,0,0,
784,OBISPO RAMOS DE LORA,ELOY PAREDES,ESCUELA,20000,21000,,,,,,,,,,,,,,,,,,,,,,,,,NER NUC ESC RURAL N 057,DOMINGO GUTIERREZ,OD13751414,6970057,,141250,NACIONAL,,,,,,0,0,0,7,4,11,7,4,11,16,17,33,0,0,0,0,0,0,0,0,0,0,0,0,44,0,1,6,,,0,0,
785,OBISPO RAMOS DE LORA,ELOY PAREDES,ESCUELA,20000,21000,,,,,,,,,,,,,,,,,,,,,,,,,NER NUC ESC RURAL N 057,MARÍA INÉS MOLINA,OD16561414,6970057,,142255,NACIONAL,,,,,,6,10,16,22,24,46,28,34,62,0,0,0,0,0,0,0,0,0,0,0,0,0,0,0,62,2,3,0,,,0,0,"{""maternal"":{""A"":5},""preescolar"":{""B"":15}}"
786,OBISPO RAMOS DE LORA,ELOY PAREDES,LICEO,,,31059,,CIENCIAS,,,,,,,,,,,,,,,,,,,,,,LICEO PBRO CARLOS E MORALES,PRESBITERO CARLOS ERNESTO MORALES,S2238D1414,7913472,,141212,NACIONAL,,,,,,0,0,0,0,0,0,0,0,0,0,0,0,204,204,408,0,0,0,0,0,0,0,0,0,408,0,0,0,,,0,0,
787,OBISPO RAMOS DE LORA,ELOY PAREDES,ESCUELA,,21000,,,,,,,,,,,,,,,,,,,,,,,,,NER NUC ESC RURAL N 057,HECTOR JOSE MENA GUERRERO,OD13711414,6970057,,140697,NACIONAL,,,,,,0,0,0,8,9,17,8,9,17,23,30,53,0,0,0,0,0,0,0,0,0,0,0,0,70,0,17,6,,,0,0,
788,OBISPO RAMOS DE LORA,ELOY PAREDES,ESCUELA,,21000,,,,,,,,,,,,,,,,,,,,,,,,,NER NUC ESC RURAL N 057,ROSA INES GARCIA,OD01871414,6970057,,140724,NACIONAL,,,,,,0,0,0,0,0,0,0,0,0,36,35,71,0,0,0,0,0,0,0,0,0,0,0,0,71,0,0,6,,,0,0,
789,OBISPO RAMOS DE LORA,ELOY PAREDES,ESCUELA,,21000,,,,,,,,,,,,,,,,,,,,,,,,,NER NUC ESC RURAL N 057,ANTONIO VERDI,OD13731414,6970057,,140725,NACIONAL,,,,,,0,0,0,6,16,22,6,16,22,58,61,119,0,0,0,0,0,0,0,0,0,0,0,0,141,0,22,6,,,0,0,
790,OBISPO RAMOS DE LORA,SAN RAFAEL DE ALCAZAR,LICEO,,,31059,,CIENCIAS,,,,,,,,,,,,,,,,,,,,,,EB SAN RAFAEL DE ALCAZAR,SIMON RODRIGUEZ,OD00301414,7935057,,141217,NACIONAL,,,,,,0,0,0,0,0,0,0,0,0,0,0,0,70,64,134,0,0,0,0,0,0,0,0,0,134,0,0,0,,,0,0,
791,OBISPO RAMOS DE LORA,SAN RAFAEL DE ALCAZAR,COMPLEJO EDUCATIVO,20000,21000,31059,,CIENCIAS,,,,,,,,,,,,,,,,,,,,,,UE PUEBLO NUEVO,JOSE GONZALO RINCON,OD03441414,6590188,,141602,NACIONAL,,,,,,24,16,40,9,10,19,33,26,59,49,63,112,68,53,121,0,0,0,0,0,0,0,0,0,292,3,1,6,,,0,0,"{""maternal"":{""C"":1,""B"":1,""A"":1},""preescolar"":{""U"":1},""primaria"":{""2U"":1,""1U"":1}}"
792,OBISPO RAMOS DE LORA,SAN RAFAEL DE ALCAZAR,COMPLEJO EDUCATIVO,20000,21000,31059,,CIENCIAS,,,,,,,,,,,,,,,,,,,,,,UEB CAÑO AZUL,EDUCATIVO JOSE ANTONIO ABREU,OD03451414,6590189,,140703,NACIONAL,,,,,,17,8,25,7,11,18,24,19,43,47,56,103,54,39,93,0,0,0,0,0,0,0,0,0,239,2,2,6,,,0,0,
793,OBISPO RAMOS DE LORA,SAN RAFAEL DE ALCAZAR,ESCUELA TECNICA,,,41049,AGROPECUARIA,CIENCIAS AGRÍCOLAS Y PECUARIAS,,,,,,,,,,,,,,,,,,,,,,E.T. ARISTIDES TORRES VIELMA,ARISTIDES TORRES VIELMA,OD15881414,5652061,,141961,NACIONAL,,,,,,0,0,0,0,0,0,0,0,0,0,0,0,60,51,111,60,51,111,0,0,0,0,0,0,222,0,0,0,,,0,0,
794,OBISPO RAMOS DE LORA,SAN RAFAEL DE ALCAZAR,ESCUELA,,21000,,,,,,,,,,,,,,,,,,,,,,,,,EB SAN RAFAEL DE ALCAZAR,HERNAN ANTONIO BRACHO MORÁN,OD16541414,7935057,,142218,NACIONAL,,,,,,0,0,0,0,0,0,0,0,0,120,145,265,0,0,0,0,0,0,0,0,0,0,0,0,265,0,0,11,,,0,0,"{""primaria"":{""4B"":26,""3B"":28}}"
795,OBISPO RAMOS DE LORA,SANTA ELENA DE ARENALES,ESCUELA PARA EL EMPRENDIMIENTO,,,,,,,,,,,,,,,,,,,,,,,,,,,DAYSI MATILDE BRAVO ALVAREZ,DAYSI MATILDE BRAVO ALVAREZ,ON13841414,,,141873,ESTADAL,,,,,,0,0,0,0,0,0,0,0,0,0,0,0,0,0,0,0,0,0,0,0,0,0,0,0,0,0,0,0,,,0,0,
796,OBISPO RAMOS DE LORA,SANTA ELENA DE ARENALES,COMPLEJO EDUCATIVO,20000,21000,31059,,CIENCIAS,,,,,,,,,,,,,,,,,,,,,,DOÑA MENCA DE LEONI,DOÑA MENCA DE LEONI,OD00471414,,,141593,ESTADAL,,,,,,0,0,0,25,32,57,25,32,57,111,121,232,147,93,240,0,0,0,0,0,0,0,0,0,529,0,3,11,,,0,0,
797,OBISPO RAMOS DE LORA,SANTA ELENA DE ARENALES,ESCUELA,20000,21000,,,,,,,,,,,,,,,,,,,,,,,,,ARMANDO ALEXIS MEDINA,ARMANDO ALEXIS MEDINA,OD04421414,,,141768,ESTADAL,,,,,,0,0,0,5,3,8,5,3,8,20,24,44,0,0,0,0,0,0,0,0,0,0,0,0,52,0,1,6,,,0,0,"{""primaria"":{""4U"":17}}"
798,OBISPO RAMOS DE LORA,SANTA ELENA DE ARENALES,ESCUELA,20000,21000,,,,,,,,,,,,,,,,,,,,,,,,,CARMEN MALDONADO DE VIELMA,CARMEN MALDONADO DE VIELMA,OD04441414,,,141775,ESTADAL,,,,,,0,0,0,7,5,12,7,5,12,26,27,53,0,0,0,0,0,0,0,0,0,0,0,0,65,0,1,6,,,0,0,
799,OBISPO RAMOS DE LORA,SANTA ELENA DE ARENALES,ESCUELA,20000,21000,,,,,,,,,,,,,,,,,,,,,,,,,SANTA ELENA,SANTA ELENA,OD04431414,,,141771,ESTADAL,,,,,,0,0,0,10,12,22,10,12,22,64,79,143,0,0,0,0,0,0,0,0,0,0,0,0,165,0,1,7,,,0,0,"{""preescolar"":{""U"":15},""primaria"":{""2U"":20}}"
800,OBISPO RAMOS DE LORA,SANTA ELENA DE ARENALES,ESCUELA,20000,21000,,,,,,,,,,,,,,,,,,,,,,,,,JUAN ANTONIO RODRIGUEZ SALAZAR,JUAN ANTONIO RODRIGUEZ SALAZAR,OD03521414,,,140715,ESTADAL,,,,,,0,0,0,2,2,4,2,2,4,14,17,31,0,0,0,0,0,0,0,0,0,0,0,0,35,0,1,6,,,0,0,
801,OBISPO RAMOS DE LORA,SANTA ELENA DE ARENALES,ESCUELA,,21000,,,,,,,,,,,,,,,,,,,,,,,,,ANA MARÍA CAMPOS,ANA MARÍA CAMPOS,OD03531414,,,141798,ESTADAL,,,,,,0,0,0,0,0,0,0,0,0,0,0,0,0,0,0,0,0,0,0,0,0,0,0,0,0,0,0,7,,,0,0,
802,OBISPO RAMOS DE LORA,SANTA ELENA DE ARENALES,ESCUELA,,21000,,,,,,,,,,,,,,,,,,,,,,,,,GONZALO SALAZAR FERNANDEZ,GONZALO SALAZAR FERNANDEZ,OD04451414,,,141769,ESTADAL,,,,,,0,0,0,0,0,0,0,0,0,9,13,22,0,0,0,0,0,0,0,0,0,0,0,0,22,0,0,6,,,0,0,
803,OBISPO RAMOS DE LORA,SANTA ELENA DE ARENALES,ESCUELA,20000,21000,,,,,,,,,,,,,,,,,,,,,,,,,JUAN  RODRIGUEZ SUAREZ,JUAN  RODRIGUEZ SUAREZ,OD13831414,,,140774,ESTADAL,,,,,,0,0,0,1,2,3,1,2,3,8,9,17,0,0,0,0,0,0,0,0,0,0,0,0,20,0,1,1,,,0,0,
804,OBISPO RAMOS DE LORA,ELOY PAREDES,ESCUELA,,21000,,,,,,,,,,,,,,,,,,,,,,,,,JOSEFA ROA DE MOLINA,JOSEFA ROA DE MOLINA,OD13671414,,,140690,ESTADAL,,,,,,0,0,0,0,0,0,0,0,0,6,7,13,0,0,0,0,0,0,0,0,0,0,0,0,13,0,0,13,,,0,0,
805,OBISPO RAMOS DE LORA,ELOY PAREDES,ESCUELA,,21000,,,,,,,,,,,,,,,,,,,,,,,,,PEDRO DE JESÚS PINO,PEDRO DE JESÚS PINO,OD01851414,,,140722,ESTADAL,,,,,,0,0,0,0,0,0,0,0,0,252,257,509,0,0,0,0,0,0,0,0,0,0,0,0,509,0,0,24,,,0,0,
806,OBISPO RAMOS DE LORA,ELOY PAREDES,ESCUELA,,21000,,,,,,,,,,,,,,,,,,,,,,,,,MARTIN RUIZ,MARTIN RUIZ,OD13661414,,,140689,ESTADAL,,,,,,0,0,0,0,0,0,0,0,0,7,7,14,0,0,0,0,0,0,0,0,0,0,0,0,14,0,0,14,,,0,0,
807,OBISPO RAMOS DE LORA,ELOY PAREDES,ESCUELA,20000,21000,,,,,,,,,,,,,,,,,,,,,,,,,ARGIMIRO MARQUEZ,ARGIMIRO MARQUEZ,OD13701414,,,140696,ESTADAL,,,,,,0,0,0,3,3,6,3,3,6,15,16,31,0,0,0,0,0,0,0,0,0,0,0,0,37,0,1,6,,,0,0,"{""primaria"":{""3U"":7,""4U"":6}}"
808,OBISPO RAMOS DE LORA,ELOY PAREDES,ESCUELA,20000,21000,,,,,,,,,,,,,,,,,,,,,,,,,JACINTO MORA,JACINTO MORA,OD13801414,,,141558,ESTADAL,,,,,,0,0,0,1,0,1,1,0,1,10,3,13,0,0,0,0,0,0,0,0,0,0,0,0,14,0,1,6,,,0,0,"{""preescolar"":{""U"":1}}"
809,OBISPO RAMOS DE LORA,ELOY PAREDES,ESCUELA,20000,21000,,,,,,,,,,,,,,,,,,,,,,,,,JOSE FRANCISCO BRAVO CATAÑO,JOSE FRANCISCO BRAVO CATAÑO,OD13811414,,,141718,ESTADAL,,,,,,0,0,0,7,7,14,7,7,14,12,11,23,0,0,0,0,0,0,0,0,0,0,0,0,37,0,1,2,,,0,0,
810,OBISPO RAMOS DE LORA,ELOY PAREDES,ESCUELA PARA EL EMPRENDIMIENTO,,,,,,,,,,,,,,,,,,,,,,,,,,,JOSE LUIS GUTIERREZ,JOSE LUIS GUTIERREZ,ON16571414,,,142259,ESTADAL,,,,,,0,0,0,0,0,0,0,0,0,0,0,0,0,0,0,0,0,0,0,0,0,0,0,0,0,0,0,0,,,0,0,
811,OBISPO RAMOS DE LORA,ELOY PAREDES,ESCUELA,,21000,,,,,,,,,,,,,,,,,,,,,,,,,JOSE ONESIMO RIVAS URBINA,JOSE ONESIMO RIVAS URBINA,OD13651414,,,140688,ESTADAL,,,,,,0,0,0,0,0,0,0,0,0,8,9,17,0,0,0,0,0,0,0,0,0,0,0,0,17,0,0,6,,,0,0,
812,OBISPO RAMOS DE LORA,ELOY PAREDES,ESCUELA,20000,21000,,,,,,,,,,,,,,,,,,,,,,,,,JOSE GREGORIO RONDON ORTEGA,JOSE GREGORIO RONDON ORTEGA,OD13741414,,,141236,ESTADAL,,,,,,0,0,0,0,4,4,0,4,4,6,7,13,0,0,0,0,0,0,0,0,0,0,0,0,17,0,1,6,,,0,0,
813,OBISPO RAMOS DE LORA,ELOY PAREDES,ESCUELA,,21000,,,,,,,,,,,,,,,,,,,,,,,,,FROILÁN ZAMBRANO CALDERÓN,FROILÁN ZAMBRANO CALDERÓN,OD13681414,,,140696,ESTADAL,,,,,,0,0,0,0,0,0,0,0,0,1,8,9,0,0,0,0,0,0,0,0,0,0,0,0,9,0,0,5,,,0,0,
814,OBISPO RAMOS DE LORA,ELOY PAREDES,ESCUELA,20000,21000,,,,,,,,,,,,,,,,,,,,,,,,,RAMONA DEL CARMEN ARAQUE,RAMONA DEL CARMEN ARAQUE,OD13691414,,,140694,ESTADAL,,,,,,0,0,0,8,7,15,8,7,15,37,39,76,0,0,0,0,0,0,0,0,0,0,0,0,91,0,1,6,,,0,0,"{""primaria"":{""2U"":22}}"
815,OBISPO RAMOS DE LORA,SAN RAFAEL DE ALCAZAR,ESCUELA,,21000,,,,,,,,,,,,,,,,,,,,,,,,,CARMEN AURORA VERA DE VARELA,CARMEN AURORA VERA DE VARELA,OD01881414,,,141234,ESTADAL,,,,,,0,0,0,0,0,0,0,0,0,79,82,161,0,0,0,0,0,0,0,0,0,0,0,0,161,0,0,161,,,0,0,
816,OBISPO RAMOS DE LORA,SAN RAFAEL DE ALCAZAR,ESCUELA,,21000,,,,,,,,,,,,,,,,,,,,,,,,,BAUDILIO VIVAS,BAUDILIO VIVAS,OD03461414,,,140707,ESTADAL,,,,,,0,0,0,0,0,0,0,0,0,26,25,51,0,0,0,0,0,0,0,0,0,0,0,0,51,0,0,7,,,0,0,
817,OBISPO RAMOS DE LORA,SAN RAFAEL DE ALCAZAR,ESCUELA,,21000,,,,,,,,,,,,,,,,,,,,,,,,,ANDRES BELLO,ANDRES BELLO,OD03471414,,,140719,ESTADAL,,,,,,0,0,0,0,0,0,0,0,0,23,31,54,0,0,0,0,0,0,0,0,0,0,0,0,54,0,0,7,,,0,0,"{""primaria"":{""3U"":1,""1B"":20,""2U"":4,""5U"":1}}"
818,OBISPO RAMOS DE LORA,SAN RAFAEL DE ALCAZAR,ESCUELA,,21000,,,,,,,,,,,,,,,,,,,,,,,,,PEDRO ANTONIO TORRES VALERO,PEDRO ANTONIO TORRES VALERO,OD03481414,,,141616,ESTADAL,,,,,,0,0,0,0,0,0,0,0,0,55,59,114,0,0,0,0,0,0,0,0,0,0,0,0,114,0,0,6,,,0,0,
819,OBISPO RAMOS DE LORA,SAN RAFAEL DE ALCAZAR,ESCUELA,,21000,,,,,,,,,,,,,,,,,,,,,,,,,MARÍA ELBA RAMÍREZ,MARÍA ELBA RAMÍREZ,OD03491414,,,140700,ESTADAL,,,,,,0,0,0,0,0,0,0,0,0,21,24,45,0,0,0,0,0,0,0,0,0,0,0,0,45,0,0,6,,,0,0,
820,OBISPO RAMOS DE LORA,SAN RAFAEL DE ALCAZAR,ESCUELA,,21000,,,,,,,,,,,,,,,,,,,,,,,,,JOSEFA CAMEJO,JOSEFA CAMEJO,OD16551414,,,142251,ESTADAL,,,,,,0,0,0,0,0,0,0,0,0,15,13,28,0,0,0,0,0,0,0,0,0,0,0,0,28,0,0,6,,,0,0,
821,OBISPO RAMOS DE LORA,SAN RAFAEL DE ALCAZAR,ESCUELA,,21000,,,,,,,,,,,,,,,,,,,,,,,,,LUISA CÁCERES DE ARISMENDI,LUISA CÁCERES DE ARISMENDI,OD03511414,,,140708,ESTADAL,,,,,,0,0,0,0,0,0,0,0,0,0,0,0,0,0,0,0,0,0,0,0,0,0,0,0,0,0,0,7,,,0,0,
822,PADRE NOGUERA,SANTA MARIA DE CAPARO,CENTRO DE EDUCACION INCIAL,20000,,,,,,,,,,,,,,,,,,,,,,,,,,CEIS MARIA DEL ROSARIO MOLINA MARUEZ,MARIA DEL ROSARIO MOLINA MARUEZ,OD16571415,7950168,,142223,NACIONAL,,,,,,10,5,15,10,10,20,20,15,35,0,0,0,0,0,0,0,0,0,0,0,0,0,0,0,35,2,3,0,,,0,0,
823,PADRE NOGUERA,SANTA MARIA DE CAPARO,CENTRO DE EDUCACION INCIAL,20000,,,,,,,,,,,,,,,,,,,,,,,,,,CEIS MARIA DE LA CRUZ VELAZCO,MARIA DE LA CRUZ VELAZCO,OD16561415,7950168,,142219,NACIONAL,,,,,,3,8,11,7,11,18,10,19,29,0,0,0,0,0,0,0,0,0,0,0,0,0,0,0,29,2,3,0,,,0,0,"{""maternal"":{""A"":7,""B"":7},""preescolar"":{""A"":10}}"
824,PADRE NOGUERA,SANTA MARIA DE CAPARO,CENTRO DE EDUCACION INCIAL,20000,,,,,,,,,,,,,,,,,,,,,,,,,,CEIS ARNOLDO CONTRERAS,ARNOLDO CONTRERAS,OD16581415,7950168,,142222,NACIONAL,,,,,,5,5,10,10,7,17,15,12,27,0,0,0,0,0,0,0,0,0,0,0,0,0,0,0,27,2,2,0,,,0,0,
825,PADRE NOGUERA,SANTA MARIA DE CAPARO,ESCUELA,,21000,,,,,,,,,,,,,,,,,,,,,,,,,U.E.B.N JOSE ARCANGEL MOLINA VIAS,JOSE ARCANGEL MOLINA VIAS,OD13881415,7950168,,141142,NACIONAL,,,,,,3,3,6,4,2,6,7,5,12,8,5,13,0,0,0,0,0,0,0,0,0,0,0,0,25,1,1,4,,,0,0,
826,PADRE NOGUERA,SANTA MARIA DE CAPARO,ESCUELA,,21000,,,,,,,,,,,,,,,,,,,,,,,,,UEN PADRE NOGUERA,PADRE NOGUERA,OD13901415,7950168,,141803,NACIONAL,,,,,,0,0,0,10,10,20,10,10,20,72,72,144,0,0,0,0,0,0,0,0,0,0,0,0,164,0,2,15,,,0,0,
827,PADRE NOGUERA,SANTA MARIA DE CAPARO,INSTITUTO DE EDUCACION ESPECIAL,,,,,,,,,,,,,,,,,,,,,,,,,,,IEE LENDER MOLINA,LENDER MOLINA,OD16551415,7950168,,142214,NACIONAL,,,,,,0,0,0,0,0,0,0,0,0,0,0,0,0,0,0,0,0,0,0,0,0,0,0,0,0,0,0,0,,,0,0,
828,PADRE NOGUERA,SANTA MARIA DE CAPARO,LICEO,,,31059,,CIENCIAS,31060,,CIENCIA Y TECNOLOGIA,,,,,,,,,,,,,,,,,,,LN MAESTRO SIMON RODRIGUEZ,MAESTRO SIMON RODRIGUEZ,OD16541415,7950998,,142081,NACIONAL,,,,,,0,0,0,0,0,0,0,0,0,0,0,0,110,110,220,0,0,0,0,0,0,0,0,0,220,0,0,0,,,0,0,
829,PADRE NOGUERA,SANTA MARIA DE CAPARO,ESCUELA,20000,21000,,,,,,,,,,,,,,,,,,,,,,,,,ESCUELA ELIAS MOLINA,ELIAS MOLINA,OD13861415,7950168,,140729,NACIONAL,,,,,,3,3,6,3,2,5,6,5,11,5,5,10,0,0,0,0,0,0,0,0,0,0,0,0,21,1,1,0,,,0,0,
830,PADRE NOGUERA,SANTA MARIA DE CAPARO,ESCUELA,,21000,,,,,,,,,,,,,,,,,,,,,,,,,E.E PABLO RAMON DIAZ ARAQUE,PABLO RAMON DIAZ ARAQUE,OD13871415,,,140730,ESTADAL,,,,,,0,0,0,0,0,0,0,0,0,19,12,31,0,0,0,0,0,0,0,0,0,0,0,0,31,0,0,6,0,0,0,0,
831,PADRE NOGUERA,SANTA MARIA DE CAPARO,ESCUELA,,21000,,,,,,,,,,,,,,,,,,,,,,,,,EEB JOSE VICENTE NUCETE,JOSE VICENTE NUCETE,OD00231415,,,140732,ESTADAL,,,,,,0,0,0,0,0,0,0,0,0,0,0,0,0,0,0,0,0,0,0,0,0,0,0,0,0,0,0,0,0,0,0,0,
832,PUEBLO LLANO,PUEBLO LLANO,LICEO,,,,,,,,,,,,,,,,,,,,,,,,,,,LICEO NOCTURNO MUCUCHIES,NICOLASA DEL CARMEN SALCEDO MOLINA,ON13911416,7950163,,141883,NACIONAL,,,,,,0,0,0,0,0,0,0,0,0,0,0,0,0,0,0,0,0,0,0,0,0,0,0,0,0,0,0,0,,,0,0,
833,PUEBLO LLANO,PUEBLO LLANO,ESCUELA,20000,21000,,,,,,,,,,,,,,,,,,,,,,,,,NER-NUC ESC RURAL N 271,MARIA ELODIA MORENO DE VALERO,OD05361416,6970271,,141080,NACIONAL,,,,,,0,0,0,10,7,17,10,7,17,57,53,110,0,0,0,0,0,0,0,0,0,0,0,0,127,0,1,7,,,0,0,
834,PUEBLO LLANO,PUEBLO LLANO,ESCUELA,20000,21000,,,,,,,,,,,,,,,,,,,,,,,,,NER-NUCLEO ESC RURAL N 271,PEDRO CAMEJO,OD02431416,6970271,,140739,NACIONAL,,,,,,0,0,0,7,14,21,7,14,21,46,58,104,0,0,0,0,0,0,0,0,0,0,0,0,125,0,1,7,,,0,0,
835,PUEBLO LLANO,PUEBLO LLANO,COMPLEJO EDUCATIVO,20000,21000,31059,MEDIA GENERAL,CIENCIAS,31060,MEDIA GENERAL,CIENCIAS Y TECNOLOGIA,,,,,,,,,,,,,,,,,,,NER-NUC ESC RURAL N 272,GETULIO AGUSTÍNI,OD08201416,6970271,,141077,NACIONAL,,,,,,5,6,11,26,22,48,31,28,59,122,145,267,128,105,233,0,0,0,0,0,0,0,0,0,559,1,2,13,,,0,0,
836,PUEBLO LLANO,PUEBLO LLANO,LICEO,,,31059,,CIENCIAS,,,,,,,,,,,,,,,,,,,,,,LICEO PEDRO JOSÉ GONZÁLEZ,PEDRO JOSÉ GONZÁLEZ,OD16551416,7951284,,142044,NACIONAL,,,,,,0,0,0,0,0,0,0,0,0,0,0,0,59,16,75,0,0,0,0,0,0,0,0,0,75,0,0,0,,,0,0,
837,PUEBLO LLANO,PUEBLO LLANO,ESCUELA,,21000,,,,,,,,,,,,,,,,,,,,,,,,,NER-NUC ESC RURAL N 271,CESAR RENGIFO,OD15951416,6970271,,142042,NACIONAL,,,,,,0,0,0,0,0,0,0,0,0,40,37,77,0,0,0,0,0,0,0,0,0,0,0,0,77,0,0,6,,,0,0,
838,PUEBLO LLANO,PUEBLO LLANO,INSTITUTO DE EDUCACION ESPECIAL,,,,,,,,,,,,,,,,,,,,,,,,,,,IEE EMILIANO SALCEDO,EMILIANO SALCEDO,OD17451416,6490509,,142140,NACIONAL,,,,,,0,0,0,0,0,0,0,0,0,4,8,12,0,0,0,0,0,0,0,0,0,0,0,0,12,0,0,6,,,0,0,
839,PUEBLO LLANO,PUEBLO LLANO,COMPLEJO EDUCATIVO,20000,21000,31059,,CIENCIAS,,,,,,,,,,,,,,,,,,,,,,UE LA CULATA,MANUEL ANTONIO ALBARRÁN,OD00581416,7950164,,141078,NACIONAL,,,,,,0,0,0,25,29,54,25,29,54,101,105,206,74,51,125,0,0,0,0,0,0,0,0,0,385,0,2,11,,,0,0,
840,PUEBLO LLANO,PUEBLO LLANO,PREESCOLAR,20000,,,,,,,,,,,,,,,,,,,,,,,,,,J I- FOCION FEBRES C,CARMELITA SURBARAN,OD15941416,4104080,,142039,NACIONAL,,,,,,6,8,14,46,57,103,52,65,117,0,0,0,0,0,0,0,0,0,0,0,0,0,0,0,117,1,6,0,,,0,0,
841,PUEBLO LLANO,PUEBLO LLANO,ESCUELA,20000,21000,,,,,,,,,,,,,,,,,,,,,,,,,NER-NUC ESC RURAL N 271,MERCEDES CARVAJAL,OD15961416,6970271,,142042,NACIONAL,,,,,,0,0,0,0,4,4,0,4,4,12,12,24,0,0,0,0,0,0,0,0,0,0,0,0,28,0,1,6,,,0,0,
842,PUEBLO LLANO,PUEBLO LLANO,COMPLEJO EDUCATIVO,20000,21000,31059,,CIENCIAS,,,,,,,,,,,,,,,,,,,,,,NER-NUC ESC RURAL N 271,ADELA BASTIDAS,OD05371416,6970271,,141079,NACIONAL,,,,,,0,0,0,16,16,32,16,16,32,69,70,139,65,44,109,0,0,0,0,0,0,0,0,0,280,0,2,8,,,0,0,"{""primaria"":{""2A"":29,""1A"":13,""6U"":34,""3U"":18}}"
843,PUEBLO LLANO,PUEBLO LLANO,ESCUELA,,21000,,,,,,,,,,,,,,,,,,,,,,,,,ESCUELA BÁSICA FOCION FEBRES CORDERO,AQUILES NAZOA,OD00831416,6564245,,140734,NACIONAL,,,,,,0,0,0,0,0,0,0,0,0,145,163,308,0,0,0,0,0,0,0,0,0,0,0,0,308,0,0,18,,,0,0,
844,PUEBLO LLANO,PUEBLO LLANO,LICEO,,,31059,MEDIA GENERAL,CIENCIAS,31060,MEDIA GENERAL,CIENCIAS Y TECNOLOGIA,,,,,,,,,,,,,,,,,,,LICEO MARIANO PICÓN SALAS,MARIANO PICÓN SALAS,S1757D1416,7912126,,140745,NACIONAL,,,,,,0,0,0,0,0,0,0,0,0,0,0,0,179,151,330,0,0,0,0,0,0,0,0,0,330,0,0,0,,,0,0,
845,PUEBLO LLANO,PUEBLO LLANO,ESCUELA,,21000,,,,,,,,,,,,,,,,,,,,,,,,,ESCUELA GILBERTO ANTONIO VALERO GONZÁLEZ,GILBERTO ANTONIO VALERO GONZÁLEZ,OD05401416,,,141082,ESTADAL,,,,,,0,0,0,0,0,0,0,0,0,33,41,74,0,0,0,0,0,0,0,0,0,0,0,0,74,0,0,6,,,0,0,
846,PUEBLO LLANO,PUEBLO LLANO,ESCUELA,20000,21000,,,,,,,,,,,,,,,,,,,,,,,,,ESCUELA ESTADAL CHINO NER 027,MANUELA SÁENZ,OD05411416,,,141084,ESTADAL,,,,,,0,0,0,1,1,2,1,1,2,2,1,3,0,0,0,0,0,0,0,0,0,0,0,0,5,0,1,2,,,0,0,
847,PUEBLO LLANO,PUEBLO LLANO,ESCUELA,,21000,,,,,,,,,,,,,,,,,,,,,,,,,ESCUELA ESTADAL BOLIVARIANA GLORIA DEL CARMEN QUINTERO DE PAREDES,GLORIA DEL CARMEN QUINTERO DE PAREDES,OD05381416,,,140740,ESTADAL,,,,,,0,0,0,0,0,0,0,0,0,17,0,17,0,0,0,0,0,0,0,0,0,0,0,0,17,0,0,7,,,0,0,
848,PUEBLO LLANO,PUEBLO LLANO,ESCUELA,,21000,,,,,,,,,,,,,,,,,,,,,,,,,ESCUELA ESTADAL MUPATE NER 027,MARÍA SIMONA CORREDOR,OD05391416,,,141083,ESTADAL,,,,,,0,0,0,0,0,0,0,0,0,15,10,25,0,0,0,0,0,0,0,0,0,0,0,0,25,0,0,7,,,0,0,
849,PUEBLO LLANO,PUEBLO LLANO,ESCUELA,,,,,,,,,,,,,,,,,,,,,,,,,,,MARIA ISABEL BRICEÑO,MARIA ISABEL BRICEÑO,OD05421416,,,141080,MUNICIPAL,,,,,,0,0,0,0,0,0,0,0,0,15,10,25,0,0,0,0,0,0,0,0,0,0,0,0,25,0,0,7,,,0,0,
850,RANGEL,CACUTE,ESCUELA,20000,21000,,,,,,,,,,,,,,,,,,,,,,,,,EB CACUTE,CÉSAR RENGIFO,OD03331417,6590202,,141097,NACIONAL,,,,,,0,0,0,16,14,30,16,14,30,35,47,82,0,0,0,0,0,0,0,0,0,0,0,0,112,0,2,6,,,0,0,
851,RANGEL,CACUTE,ESCUELA,20000,21000,,,,,,,,,,,,,,,,,,,,,,,,,ANA ELDA PARRA,ANA ELDA PARRA,OD03341417,,,140758,ESTADAL,,,,,,0,0,0,2,1,3,2,1,3,4,8,12,0,0,0,0,0,0,0,0,0,0,0,0,15,0,1,6,,,0,0,
852,RANGEL,MUCURUBA,ESCUELA,20000,21000,,,,,,,,,,,,,,,,,,,,,,,,,EB ESCAGUEY,MARÍA ISABEL BRICEÑO,OD03351417,6590238,,141399,NACIONAL,,,,,,0,0,0,12,7,19,12,7,19,39,52,91,0,0,0,0,0,0,0,0,0,0,0,0,110,0,2,6,,,0,0,
853,RANGEL,MUCURUBA,ESCUELA,20000,21000,,,,,,,,,,,,,,,,,,,,,,,,,JOSE RAFAEL TREJO PAREDES,JOSE RAFAEL TREJO PAREDES,OD03361417,,,140753,ESTADAL,,,,,,0,0,0,7,11,18,7,11,18,24,32,56,0,0,0,0,0,0,0,0,0,0,0,0,74,0,1,6,,,0,0,
854,RANGEL,MUCURUBA,PREESCOLAR,20000,,,,,,,,,,,,,,,,,,,,,,,,,,J.I ESTADO ANZOATEGUI,MUCURUBA,OD17591417,4103642,,142187,NACIONAL,,,,,,7,10,17,28,29,57,35,39,74,0,0,0,51,37,88,0,0,0,0,0,0,0,0,0,162,1,3,0,,,0,0,
855,RANGEL,MUCURUBA,ESCUELA,20000,21000,,,,,,,,,,,,,,,,,,,,,,,,,ESTADO ANZOATEGUI,JUANA RAMIREZ,OD17681417,6563905,,142228,NACIONAL,,,,,,0,0,0,0,0,0,0,0,0,59,57,116,0,0,0,0,0,0,0,0,0,0,0,0,116,0,0,6,,,0,0,
856,RANGEL,MUCURUBA,LICEO,,,31059,MEDIA GENERAL,CIENCIAS,,,,,,,,,,,,,,,,,,,,,,ESTADO ANZOATEGUI,MANUEL MUJICA MILLAN,S2757D1417,6563905,,140775,NACIONAL,,,,,,0,0,0,0,0,0,0,0,0,0,0,0,105,104,209,0,0,0,0,0,0,0,0,0,209,0,0,0,,,0,0,
857,RANGEL,MUCURUBA,TECNICA,,,41052,AGROPECUARIA,TECNOLOGÍA DE LOS ALIMENTOS,43292,INDUSTRIAL,CONSTRUCCIÓN CIVIL,46069,ECONOMÍA SOCIAL,ECONOMÍA DIGITAL,,,,,,,,,,,,,,,,ALEXANDER QUINTERO,ALEXANDER QUINTERO,OD17671417,5652066,,142154,NACIONAL,,,,,,0,0,0,0,0,0,0,0,0,0,0,0,0,0,0,26,36,62,0,0,0,0,0,0,62,0,0,0,,,0,0,
858,RANGEL,MUCURUBA,ESCUELA,20000,21000,,,,,,,,,,,,,,,,,,,,,,,,,LEONOR DE LA GUERRA,LEONOR DE LA GUERRA,OD03161417,,,141049,ESTADAL,RURAL,INICIAL - PRIMARIA,,MAÑANA,,0,0,0,11,13,24,11,13,24,38,42,80,0,0,0,0,0,0,0,0,0,0,0,0,104,0,2,6,,,0,0,
859,RANGEL,MUCUCHIES,ESCUELA,20000,21000,,,,,,,,,,,,,,,,,,,,,,,,,ESC EL VERGEL,JOSÉ EBERTO CALDERÓN,OD03381417,,,140763,ESTADAL,,,,,,0,0,0,2,2,4,2,2,4,13,13,26,0,0,0,0,0,0,0,0,0,0,0,0,30,0,1,6,,,0,0,
860,RANGEL,MUCUCHIES,LICEO,,,31059,,CIENCIAS,,,,,,,,,,,,,,,,,,,,,,ARTE MUCUCHIES,JOSE GUERRERO,S3459D1417,5524530,,140776,NACIONAL,,,,,,0,0,0,0,0,0,0,0,0,0,0,0,85,65,150,0,0,0,0,0,0,0,0,0,150,0,0,0,,,0,0,
861,RANGEL,MUCUCHIES,ESCUELA,,21000,,,,,,,,,,,,,,,,,,,,,,,,,TOMAS ZERPA,TOMAS ZERPA,OD00891417,6739708,,140759,NACIONAL,,,,,,0,0,0,0,0,0,0,0,0,169,161,330,0,0,0,0,0,0,0,0,0,0,0,0,330,0,0,15,,,0,0,
862,RANGEL,MUCUCHIES,PARA EL EMPRENDIMIENTO,,,,,,,,,,,,,,,,,,,,,,,,,,,CENTRO DE ESPECIALIDADES FRANCISCA DE SANTIAGO,FRANCISCA DE SANTIAGO,ON15791417,,,141962,ESTADAL,,,,,,0,0,0,0,0,0,0,0,0,0,0,0,0,0,0,0,0,0,0,0,0,0,0,0,0,0,0,0,,,0,0,
863,RANGEL,MUCUCHIES,PARA EL EMPRENDIMIENTO,,,,,,,,,,,,,,,,,,,,,,,,,,,CENTRO DE ESPECIALIDADES MUCUCHIES,ANTONIO FEBRES CORDERO,ON13991417,6490060,,141633,NACIONAL,,,,,,0,0,0,0,0,0,0,0,0,0,0,0,0,0,0,0,0,0,0,0,0,0,0,0,0,0,0,0,,,0,0,
864,RANGEL,MUCUCHIES,INSTITUTO DE EDUCACION ESPECIAL,20000,,,,,,,,,,,,,,,,,,,,,,,,,,MUCUCHIES,ARMANDO REVERON,OD14001417,6490517,,141830,NACIONAL,,,,,,0,0,0,0,0,0,0,0,0,0,0,0,0,0,0,0,0,0,0,0,0,0,0,0,0,0,0,0,,,0,0,
865,RANGEL,MUCUCHIES,LICEO,,,31059,,BACHILLER,,,,,,,,,,,,,,,,,,,,,,LIC NOCT MUCUCHIES,NESTOR CONTRERAS TORO,ON00401417,7950163,,141737,NACIONAL,,,,,,0,0,0,0,0,0,0,0,0,0,0,0,44,15,59,0,0,0,0,0,0,0,0,0,59,0,0,0,,,0,0,
866,RANGEL,MUCUCHIES,PREESCOLAR,20000,,,,,,,,,,,,,,,,,,,,,,,,,,JI-TOMAS ZERPA,ANTONIO RICAURTE,OD00801417,4109260,,141068,NACIONAL,,,,,,0,0,0,99,98,197,99,98,197,0,0,0,0,0,0,0,0,0,0,0,0,0,0,0,197,0,9,0,,,0,0,
867,RANGEL,MUCUCHIES,ESCUELA,20000,21000,,,,,,,,,,,,,,,,,,,,,,,,,BOV MISNTA,PATRICIO ZERPA,OD03371417,,,140771,ESTADAL,,,,,,6,4,10,9,6,15,15,10,25,50,39,89,0,0,0,0,0,0,0,0,0,0,0,0,114,1,1,6,,,0,0,"{""maternal"":{""U"":10}}"
868,RANGEL,MUCUCHIES,LICEO,,,31059,,CIENCIAS,,,,,,,,,,,,,,,,,,,,,,CD MUCUCHIES,JOSE MARIA VARGAS,S1540D1417,7916600,,140766,NACIONAL,,,,,,0,0,0,0,0,0,0,0,0,0,0,0,114,114,228,0,0,0,0,0,0,0,0,0,228,0,0,0,,,0,0,
869,RANGEL,LA TOMA,ESCUELA,20000,21000,,,,,,,,,,,,,,,,,,,,,,,,,NER-NUC ESC RURAL N 429,JUAN RAMÓN LOBO,OD13971417,6970429,,141045,NACIONAL,,,,,,0,0,0,8,3,11,8,3,11,8,31,39,0,0,0,0,0,0,0,0,0,0,0,0,50,0,1,6,,,0,0,
870,RANGEL,LA TOMA,ESCUELA,20000,21000,,,,,,,,,,,,,,,,,,,,,,,,,ESCUELA JOSÉ ANDRES SANCHEZ,JOSÉ ANDRES SÁNCHEZ MORA,OD13931417,,,140757,ESTADAL,,,,,,0,0,0,2,1,3,2,1,3,11,10,21,0,0,0,0,0,0,0,0,0,0,0,0,24,0,1,6,,,0,0,
871,RANGEL,LA TOMA,ESCUELA,20000,21000,,,,,,,,,,,,,,,,,,,,,,,,,ESC BOLIV LA TOMA,MARIA GRACIELA PARRA,OD14031417,6590160,,140769,NACIONAL,,,,,,9,9,18,40,32,72,49,41,90,77,106,183,0,0,0,0,0,0,0,0,0,0,0,0,273,1,3,12,,,0,0,
872,RANGEL,LA TOMA,ESCUELA,20000,21000,,,,,,,,,,,,,,,,,,,,,,,,,ESCUELA MARGARITA TORO,MARGARITA TORO,OD13951417,,,140762,ESTADAL,,,,,,0,0,0,2,3,5,2,3,5,20,21,41,0,0,0,0,0,0,0,0,0,0,0,0,46,0,1,6,,,0,0,
873,RANGEL,LA TOMA,ESCUELA TECNICA,,,41049,AGROPECUARIA,CIENCIAS AGRÍCOLAS Y PECUARIAS,45045,SALUD,LABORATORIO CLÍNICO,45049,SALUD,REGISTRO Y ESTADÍSTICA DE SALUD,49001,EDUCACIÓN FÍSICA,PROMOCIÓN DE LA ACTIVIDAD FÍSICA Y RECREACIÓN,,,,,,,,,,,,,ET JESÚS MANUEL JAUREGUI,JESÚS MANUEL JAUREGUI,OD17701417,7951285,,142238,NACIONAL,,,,,,0,0,0,0,0,0,0,0,0,0,0,0,0,0,0,114,104,218,0,0,0,0,0,0,218,0,0,0,,,0,0,
874,RANGEL,MUCUCHIES,ESCUELA,20000,21000,,,,,,,,,,,,,,,,,,,,,,,,,JOSÉ GRIMALDO LOBO,JOSÉ GRIMALDO LOBO,OD03391417,,,141053,ESTADAL,,,,,,0,0,0,1,5,6,1,5,6,56,38,94,0,0,0,0,0,0,0,0,0,0,0,0,100,0,1,6,,,0,0,
875,RANGEL,MUCUCHIES,ESCUELA,20000,21000,,,,,,,,,,,,,,,,,,,,,,,,,ESCUELA ILDEMARO ARISMENDI,ILDEMARO ARISMENDI,OD03401417,,,141046,ESTADAL,,,,,,0,0,0,5,4,9,5,4,9,22,19,41,0,0,0,0,0,0,0,0,0,0,0,0,50,0,1,6,,,0,0,
876,RANGEL,MUCUCHIES,COMPLEJO EDUCATIVO,20000,21000,31059,MEDIA GENERAL,CIENCIAS,,,,,,,,,,,,,,,,,,,,,,IRMA ROSA DE SULBARAN,IRMA ROSA DE SULBARAN,OD03411417,,,141731,ESTADAL,,,,,,0,0,0,5,4,9,5,4,9,7,8,15,18,15,33,0,0,0,0,0,0,0,0,0,57,0,1,6,,,0,0,
877,RANGEL,MUCUCHIES,ESCUELA,20000,21000,,,,,,,,,,,,,,,,,,,,,,,,,JOSE NICOMEDES CASTILLO,JOSE NICOMEDES CASTILLO,OD03421417,,,141042,ESTADAL,,,,,,0,0,0,5,5,10,5,5,10,30,31,61,0,0,0,0,0,0,0,0,0,0,0,0,71,0,1,6,,,0,0,
878,RANGEL,MUCUCHIES,ESCUELA,20000,21000,,,,,,,,,,,,,,,,,,,,,,,,,NER-NUC ESC RURAL N 429,ARGELIA LAYA,OD13941417,6970429,,140761,NACIONAL,,,,,,0,0,0,3,0,3,3,0,3,8,11,19,0,0,0,0,0,0,0,0,0,0,0,0,22,0,1,5,,,0,0,
879,RANGEL,SAN RAFAEL,COMPLEJO EDUCATIVO,20000,21000,31059,,CIENCIAS,31060,,CIENCIA Y TECNOLOGIA,,,,,,,,,,,,,,,,,,,UEB LUIS ORLANDO MONSALVE,NO APLICA,OD14041417,6590192,,141051,NACIONAL,,,,,,0,0,0,24,17,41,24,17,41,62,78,140,75,70,145,0,0,0,0,0,0,0,0,0,326,0,1,0,,,0,0,
880,RANGEL,SAN RAFAEL,ESCUELA,20000,21000,,,,,,,,,,,,,,,,,,,,,,,,,UEB LA MUCUCHACHE,CARMEN ELENA LOBO,OD14021417,7950699,,140768,NACIONAL,,,,,,7,8,15,11,13,24,18,21,39,47,62,109,0,0,0,0,0,0,0,0,0,0,0,0,148,1,2,6,,,0,0,"{""primaria"":{""1U"":1}}"
881,RANGEL,SAN RAFAEL,LICEO,,,31059,,CIENCIAS,,,,,,,,,,,,,,,,,,,,,,UEB LA MUCUCHACHE,MARIA SIXTA MOLINA DE ZERPA,OD17691417,7950699,,142229,NACIONAL,,,,,,0,0,0,0,0,0,0,0,0,0,0,0,51,37,88,0,0,0,0,0,0,0,0,0,88,0,0,0,,,0,0,
882,RANGEL,SAN RAFAEL,COMPLEJO EDUCATIVO,20000,21000,31060,MEDIA GENERAL,CIENCIAS Y TECNOLOGIA,,,,,,,,,,,,,,,,,,,,,,ESC-MUCUCHIES,GILBERTO BENITEZ LOBO,S2905D1417,6566605,,141750,NACIONAL,,,,,,10,10,20,22,14,36,32,24,56,59,94,153,52,43,95,0,0,0,0,0,0,0,0,0,304,1,2,6,,,0,0,
883,RANGEL,SAN RAFAEL,COMPLEJO EDUCATIVO,20000,21000,31059,MEDIA GENERAL,CIENCIAS,,,,,,,,,,,,,,,,,,,,,,ESCUELA JOSE NATIVIDAD RIVAS SANCHEZ,JOSE NATIVIDAD RIVAS SANCHEZ,OD13981417,,,141049,ESTADAL,,,,,,5,5,10,5,8,13,10,13,23,33,23,56,12,7,19,0,0,0,0,0,0,0,0,0,98,1,1,6,,,0,0,"{""maternal"":{""U"":10},""primaria"":{""3U"":9,""5U"":11,""2U"":6}}"
884,RIVAS DAVILA,BAILADORES,ESCUELA,,21000,,,,,,,,,,,,,,,,,,,,,,,,,NER- NUC ESC RURAL N 058,ZAISA ISABEL MORA,OD14221418,6970058,,140790,NACIONAL,,,,,,0,0,0,0,0,0,0,0,0,41,44,85,0,0,0,0,0,0,0,0,0,0,0,0,85,0,0,6,,,0,0,
885,RIVAS DAVILA,BAILADORES,LICEO,,,31059,,CIENCIAS,31060,,CIENCIA Y TECNOLOGIA,,,,,,,,,,,,,,,,,,,C D-G MALDONADO,RAMON EMILIO PERNIA,OD17661418,7911650,,142232,NACIONAL,,,,,,0,0,0,0,0,0,0,0,0,0,0,0,34,22,56,0,0,0,0,0,0,0,0,0,56,0,0,0,,,0,0,
886,RIVAS DAVILA,BAILADORES,ESCUELA,,21000,,,,,,,,,,,,,,,,,,,,,,,,,NER- NUC ESC RURAL N 058,SAN PABLO,OD01931418,6970058,,141723,NACIONAL,,,,,,0,0,0,0,0,0,0,0,0,76,79,155,0,0,0,0,0,0,0,0,0,0,0,0,155,0,0,11,,,0,0,
887,RIVAS DAVILA,BAILADORES,PREESCOLAR,20000,,,,,,,,,,,,,,,,,,,,,,,,,,J. I VIVIENDA RURAL 1,EFRAIN EDUARDO,OD02041418,4109481,,140777,NACIONAL,,,,,,0,0,0,63,50,113,63,50,113,0,0,0,0,0,0,0,0,0,0,0,0,0,0,0,113,0,113,0,,,0,0,
888,RIVAS DAVILA,BAILADORES,ESCUELA,,21000,,,,,,,,,,,,,,,,,,,,,,,,,G E TULIO FEBRES CORDERO,TULIO FEBRES CORDERO,OD02291418,6739745,4109325,140786,NACIONAL,,,,,,0,0,0,0,0,0,0,0,0,199,226,425,0,0,0,0,0,0,0,0,0,0,0,0,425,0,0,21,,,0,0,
889,RIVAS DAVILA,BAILADORES,LICEO,,,31059,,CIENCIAS,31060,,CIENCIA Y TECNOLOGIA,,,,,,,,,,,,,,,,,,,C D-G MALDONADO,DR GERONIMO MALDONADO,S1066D1418,7911650,,140794,NACIONAL,,,,,,0,0,0,0,0,0,0,0,0,0,0,0,0,0,0,0,0,0,0,0,0,0,0,0,0,0,0,0,,,0,0,
890,RIVAS DAVILA,BAILADORES,LICEO,,,,,,,,,,,,,,,,,,,,,,,,,,,L.N. FELIX ROMAN DUQUE,DON LUIS ZAMBRANO,ON15731418,7913325,,141956,NACIONAL,,,,,,0,0,0,0,0,0,0,0,0,0,0,0,46,48,94,0,0,0,0,0,0,0,0,0,94,0,0,0,,,0,0,
891,RIVAS DAVILA,BAILADORES,ESCUELA,,21000,,,,,,,,,,,,,,,,,,,,,,,,,NER- NUC ESC RURAL N 058,OTRABANDA / DR MISAEL ROSALES,OD14211418,6970058,,140784,NACIONAL,,,,,,0,0,0,0,0,0,0,0,0,76,79,155,0,0,0,0,0,0,0,0,0,0,0,0,155,0,0,6,,,0,0,
892,RIVAS DAVILA,BAILADORES,ESCUELA,,21000,,,,,,,,,,,,,,,,,,,,,,,,,UEB VICTOR E CASTILLO,PROF VICTOR EVENCIO CASTILLO,OD08191418,6590262,,141194,NACIONAL,,,,,,0,0,0,0,0,0,0,0,0,46,36,82,0,0,0,0,0,0,0,0,0,0,0,0,82,0,0,6,,,0,0,
893,RIVAS DAVILA,BAILADORES,ESCUELA,,21000,,,,,,,,,,,,,,,,,,,,,,,,,ESC-PROF FELIX M LUCES,FELIX MANUEL LUCES,OD02311418,6566610,,140789,NACIONAL,,,,,,0,0,0,0,0,0,0,0,0,44,58,102,0,0,0,0,0,0,0,0,0,0,0,0,102,0,0,6,,,0,0,
894,RIVAS DAVILA,GERÓNIMO MALDONADO,LICEO,,,31059,,CIENCIAS,31060,,CIENCIA Y TECNOLOGIA,,,,,,,,,,,,,,,,,,,LICEO B LA PLAYA,OCTAVIO RUJANO,OD17651418,7951011,,142196,NACIONAL,,,,,,0,0,0,0,0,0,0,0,0,0,0,0,92,113,205,0,0,0,0,0,0,0,0,0,205,0,0,0,,,0,0,
895,RIVAS DAVILA,GERÓNIMO MALDONADO,PREESCOLAR,20000,,,,,,,,,,,,,,,,,,,,,,,,,,J.I ELIO CASTILLO,ELIO CASTILLO,OD02861418,6970058,,140777,NACIONAL,,,,,,19,12,31,34,58,92,53,70,123,0,0,0,0,0,0,0,0,0,0,0,0,0,0,0,123,31,0,0,,,0,0,
896,RIVAS DAVILA,GERÓNIMO MALDONADO,ESCUELA,,21000,,,,,,,,,,,,,,,,,,,,,,,,,ESCUELA FLOR DE MALDONADO,FLOR DE MALDONADO,OD01921418,6563912,,140782,NACIONAL,,,,,,0,0,0,0,0,0,0,0,0,136,130,266,0,0,0,0,0,0,0,0,0,0,0,0,266,0,0,12,,,0,0,
897,RIVAS DAVILA,BAILADORES,COMPLEJO EDUCATIVO,20000,21000,31059,,CIENCIAS,31060,,CIENCIA Y TECNOLOGIA,,,,,,,,,,,,,,,,,,,EBR BR APOLONIO ROSALES,APOLONIO ROSALES,OD00701418,6568976,,140779,ESTADAL/ NACIONAL,,,,,,0,0,0,0,0,0,0,0,0,134,146,280,117,100,217,0,0,0,0,0,0,0,0,0,497,0,0,12,,,0,0,
898,RIVAS DAVILA,BAILADORES,ESCUELA,,21000,,,,,,,,,,,,,,,,,,,,,,,,,ESCUELA ESTADAL JOSE GREGORIO RAMIREZ,JOSÉ GREGORIO RAMIREZ,OD02271418,,,140783,ESTADAL,,,,,,0,0,0,0,0,0,0,0,0,44,51,95,0,0,0,0,0,0,0,0,0,0,0,0,95,0,0,6,,,0,0,
899,RIVAS DAVILA,BAILADORES,ESCUELA,,21000,,,,,,,,,,,,,,,,,,,,,,,,,ESCUELA ESTADAL LOMA DEL ARBOL,ARSENIO PARRA,OD14121418,,,141446,ESTADAL,,,,,,0,0,0,0,0,0,0,0,0,0,1,1,0,0,0,0,0,0,0,0,0,0,0,0,1,0,0,1,,,0,0,
900,RIVAS DAVILA,BAILADORES,ESCUELA,,21000,,,,,,,,,,,,,,,,,,,,,,,,,ESCUELA ESTADAL BORDO SECO,TERESA DE JESUS MARQUEZ,OD14061418,,,140785,ESTADAL,,,,,,0,0,0,0,0,0,0,0,0,23,17,40,0,0,0,0,0,0,0,0,0,0,0,0,40,0,0,3,,,0,0,
901,RIVAS DAVILA,BAILADORES,ESCUELA,,21000,,,,,,,,,,,,,,,,,,,,,,,,,ESCUELA PBRO DR EZEQUIEL ARELLANO,PBRO DR EZEQUIEL ARELLANO,OD02301418,,,140788,ESTADAL,,,,,,0,0,0,0,0,0,0,0,0,64,76,140,0,0,0,0,0,0,0,0,0,0,0,0,140,0,0,6,,,0,0,
902,RIVAS DAVILA,BAILADORES,ESCUELA,,,,,,,,,,,,,,,,,,,,,,,,,,,ESCUELA PARA EL EMPRENDIMIENTO SARA BENAVIDES,SARA BENAVIDEZ,ON14131418,,,141509,ESTADAL,,,,,,0,0,0,0,0,0,0,0,0,0,0,0,0,0,0,0,0,0,0,0,0,0,0,0,0,0,0,0,,,0,0,
903,RIVAS DAVILA,BAILADORES,ESCUELA,,,,,,,,,,,,,,,,,,,,,,,,,,,ESCUELA PARA EL EMPRENDIMIENTO HERENIA ACEDO DE VASQUEZ,HERENIA ACEDO DE VAZQUEZ,ON14191418,,,141817,ESTADAL,,,,,,0,0,0,0,0,0,0,0,0,0,0,0,0,0,0,0,0,0,0,0,0,0,0,0,0,0,0,0,,,0,0,
904,RIVAS DAVILA,BAILADORES,INSTITUTO DE EDUCACION ESPECIAL,,,,,,,,,,,,,,,,,,,,,,,,,,,CENTRO DE DESARROLLO HUMANO BAILADORES,MARIA TERESA DE CALCUTA,OD16581418,,,142015,ESTADAL,,,,,,0,0,0,0,0,0,0,0,0,0,0,0,0,0,0,0,0,0,0,0,0,0,0,0,0,0,0,0,,,0,0,
905,RIVAS DAVILA,BAILADORES,ESCUELA,,21000,,,,,,,,,,,,,,,,,,,,,,,,,ESCUELA BOLIV. LAS PLAYITAS,ANA MIREYA CEBALLOS DE MARQUEZ,OD14161418,,,141640,ESTADAL,,,,,,0,0,0,0,0,0,0,0,0,43,35,78,0,0,0,0,0,0,0,0,0,0,0,0,78,0,0,6,,,0,0,
906,RIVAS DAVILA,BAILADORES,ESCUELA,,,,,,,,,,,,,,,,,,,,,,,,,,,ESCUELA PARA EL EMPRENDIMIENTO LAS PLAYITAS,LAS PLAYITAS,ON14181418,,,141816,ESTADAL,,,,,,0,0,0,0,0,0,0,0,0,0,0,0,0,0,0,0,0,0,0,0,0,0,0,0,0,0,0,0,,,0,0,
907,RIVAS DAVILA,BAILADORES,ESCUELA,,21000,,,,,,,,,,,,,,,,,,,,,,,,,ESCUELA ESTADAL LA M,JOSE VICENCIO MEDINA,OD14111418,,,141445,ESTADAL,,,,,,0,0,0,0,0,0,0,0,0,0,7,7,0,0,0,0,0,0,0,0,0,0,0,0,7,0,0,4,,,0,0,
908,RIVAS DAVILA,GERÓNIMO MALDONADO,ESCUELA,,,,,,,,,,,,,,,,,,,,,,,,,,,ESCUELA PARA EL EMPRENDIMIENTO LA PLAYA,LA PLAYA DIURNO,ON14171418,,,141811,ESTADAL,,,,,,0,0,0,0,0,0,0,0,0,0,0,0,0,0,0,0,0,0,0,0,0,0,0,0,0,0,0,0,,,0,0,
909,RIVAS DAVILA,GERÓNIMO MALDONADO,ESCUELA,,,,,,,,,,,,,,,,,,,,,,,,,,,ESCUELA PARA EL EMPRENDIMIENTO LA PLAYA,LA PLAYA NOCTURNO,ON16571418,,,141997,ESTADAL,,,,,,0,0,0,0,0,0,0,0,0,0,0,0,0,0,0,0,0,0,0,0,0,0,0,0,0,0,0,0,,,0,0,
910,RIVAS DAVILA,GERÓNIMO MALDONADO,ESCUELA,,21000,,,,,,,,,,,,,,,,,,,,,,,,,ESCUELA ESTADAL MESA LAGUNA,RITA VERDI,OD14071418,,,140787,ESTADAL,,,,,,0,0,0,0,0,0,0,0,0,11,17,28,0,0,0,0,0,0,0,0,0,0,0,0,28,0,0,6,,,0,0,
911,SANTOS MARQUINA,TABAY,ESCUELA,,21000,,,,,,,,,,,,,,,,,,,,,,,,,EB 21 DE NOVIEMBRE,LEOPOLDINA ALBORNOZ,OD02891419,7933014,,140802,NACIONAL,RURAL,PRIMARIA,,MAÑANA,,0,0,0,0,0,0,0,0,0,71,45,116,0,0,0,0,0,0,0,0,0,0,0,0,116,0,0,6,,,0,0,
912,SANTOS MARQUINA,TABAY,COMPLEJO EDUCATIVO,20000,21000,31059,,CIENCIAS,,,,,,,,,,,,,,,,,,,,,,E-B SAN RAFAEL DE TABAY,JOSE ROBERTO CONTRERAS MARQUEZ,S2872D1419,7935029,,140804,NACIONAL,,,,,,0,0,0,38,28,66,38,28,66,135,159,294,176,185,361,0,0,0,0,0,0,0,0,0,721,0,4,12,,,0,0,"{""preescolar"":{""U"":2}}"
913,SANTOS MARQUINA,TABAY,COMPLEJO EDUCATIVO,20000,21000,,,,,,,,,,,,,,,,,,,,,,,,,UEB LA MUCUY BAJA,LAUREANO MALDONADO,OD14321419,7950706,,140799,NACIONAL,RURAL,INICIAL - PRIMARIA,,MAÑANA,,0,0,0,10,6,16,10,6,16,19,27,46,0,0,0,0,0,0,0,0,0,0,0,0,62,0,2,0,,,0,0,
914,SANTOS MARQUINA,TABAY,LICEO,,,31059,MEDIA GENERAL,CIENCIAS,31060,MEDIA GENERAL,CIENCIAS Y TECNOLOGIA,,,,,,,,,,,,,,,,,,,C B DR MIGUEL OTERO SILVA,DOCTOR MIGUEL OTERO SILVA,S1539D1419,7918580,,140807,NACIONAL,RURAL,MEDIA GENERAL,,DOBLE TURNO,,0,0,0,0,0,0,0,0,0,0,0,0,191,231,422,0,0,0,0,0,0,0,0,0,422,0,0,0,,,0,0,
915,SANTOS MARQUINA,TABAY,ESCUELA,,21000,,,,,,,,,,,,,,,,,,,,,,,,,ESCUELA ESTADO APURE,ANA ROMELIA VELA,OD14311419,6563906,,141486,NACIONAL,URBANO,PRIMARIA,,MAÑANA,,0,0,0,0,0,0,0,0,0,170,154,324,0,0,0,0,0,0,0,0,0,0,0,0,324,0,0,12,,,0,0,
916,SANTOS MARQUINA,TABAY,ESCUELA,20000,21000,,,,,,,,,,,,,,,,,,,,,,,,,NER-NUC ESC RURAL N 022,AMABLE ANTONIO RANGEL,OD14241419,6970022,,140797,NACIONAL,RURAL,INICIAL - PRIMARIA,,MAÑANA,,0,0,0,1,0,1,1,0,1,15,17,32,0,0,0,0,0,0,0,0,0,0,0,0,33,0,1,5,,,0,0,
917,SANTOS MARQUINA,TABAY,CENTRO DE EDUCACION INCIAL,20000,,,,,,,,,,,,,,,,,,,,,,,,,,MARIANA MONSALVE,MARIANA MONSALVE,OD14231419,4170297,,140796,NACIONAL,URBANO,INICIAL,,MAÑANA,,0,0,0,12,16,28,12,16,28,0,0,0,0,0,0,0,0,0,0,0,0,0,0,0,28,0,3,0,,,0,0,
918,SANTOS MARQUINA,TABAY,PREESCOLAR,20000,,,,,,,,,,,,,,,,,,,,,,,,,,JI ESTADO APURE,TABAY,OD02341419,4103643,,141075,NACIONAL,URBANO,INICIAL,,MAÑANA,,9,7,16,56,53,109,65,60,125,0,0,0,0,0,0,0,0,0,0,0,0,0,0,0,125,1,5,0,,,0,0,
919,SANTOS MARQUINA,TABAY,PREESCOLAR,20000,,,,,,,,,,,,,,,,,,,,,,,,,,JI 21 DE NOVIEMBRE,ELIAS ALBORNOZ,OD17621419,4100059,,142206,NACIONAL,URBANO,INICIAL,,MAÑANA,,18,14,32,9,19,28,27,33,60,0,0,0,0,0,0,0,0,0,0,0,0,0,0,0,60,2,2,0,,,0,0,
920,SANTOS MARQUINA,TABAY,ESCUELA,20000,21000,,,,,,,,,,,,,,,,,,,,,,,,,MESA DEL CUCHARITO,MANUEL SALVADOR VALERO,OD14261419,,,140801,ESTADAL,,,,,,0,0,0,0,0,0,0,0,0,4,4,8,0,0,0,0,0,0,0,0,0,0,0,0,8,0,0,6,,,0,0,
921,SANTOS MARQUINA,TABAY,ESCUELA,20000,21000,,,,,,,,,,,,,,,,,,,,,,,,,LOS MICUYES,ANA ROSA SANCHEZ,OD15241419,,,141900,ESTADAL,,,,,,0,0,0,1,0,1,1,0,1,0,1,1,0,0,0,0,0,0,0,0,0,0,0,0,2,0,1,1,,,0,0,
922,SANTOS MARQUINA,TABAY,ESCUELA,20000,21000,,,,,,,,,,,,,,,,,,,,,,,,,LOMA DEL PUEBLO,ISIDRA ANTONIA MONSALVE,OD14251419,,,140798,ESTADAL,,,,,,0,0,0,0,3,3,0,3,3,1,8,9,0,0,0,0,0,0,0,0,0,0,0,0,12,0,1,6,,,0,0,
923,SANTOS MARQUINA,TABAY,ESCUELA,20000,21000,,,,,,,,,,,,,,,,,,,,,,,,,AGUAS CALIENTE,ELIO ANTONIO BARRIOS,OD14291419,,,141098,ESTADAL,RURAL,INICIAL - PRIMARIA,,MAÑANA,,0,0,0,1,1,2,1,1,2,9,7,16,0,0,0,0,0,0,0,0,0,0,0,0,18,0,1,6,,,0,0,
924,SANTOS MARQUINA,TABAY,ESCUELA,20000,21000,,,,,,,,,,,,,,,,,,,,,,,,,AQUILES NAZOA,AQUILES NAZOA,OD14331419,,,140565,ESTADAL,URBANO,INICIAL - PRIMARIA,,MAÑANA,,0,0,0,10,12,22,10,12,22,38,45,83,0,0,0,0,0,0,0,0,0,0,0,0,105,0,2,6,,,0,0,
925,SANTOS MARQUINA,TABAY,ESCUELA,20000,21000,,,,,,,,,,,,,,,,,,,,,,,,,LUIS ALBERTO SULBARAN,LUIS ALBERTO SULBARAN,OD14271419,,,140805,ESTADAL,RURAL,INICIAL - PRIMARIA,,MAÑANA,,0,0,0,13,7,20,13,7,20,35,58,93,0,0,0,0,0,0,0,0,0,0,0,0,113,0,20,6,,,0,0,
926,SANTOS MARQUINA,TABAY,ESCUELA,20000,21000,,,,,,,,,,,,,,,,,,,,,,,,,LA VEGA DE TABAY,DIOLYS MARIA PAREDES,OD14281419,,,141096,ESTADAL,,,,,,0,0,0,9,10,19,9,10,19,39,38,77,0,0,0,0,0,0,0,0,0,0,0,0,96,0,1,6,,,0,0,
927,SANTOS MARQUINA,TABAY,ESCUELA,20000,21000,,,,,,,,,,,,,,,,,,,,,,,,,FRANCISCO ANTONIO ZERPA,FRANCISCO ANTONIO ZERPA,OD03311419,,,140806,ESTADAL,RURAL,INICIAL - PRIMARIA,,MAÑANA,,1,0,1,15,19,34,16,19,35,47,38,85,0,0,0,0,0,0,0,0,0,0,0,0,120,1,3,6,,,0,0,
928,SANTOS MARQUINA,TABAY,TALLER DE EDUCACION LABORAL,,,,,,,,,,,,,,,,,,,,,,,,,,,JOSE DE LOS SANTOS MARQUINA,JOSE DE LOS SANTOS MARQUINA,OD17631419,,,142141,ESTADAL,URBANO,,ESPECIAL,MAÑANA,,0,0,0,0,0,0,0,0,0,0,0,0,0,0,0,0,0,0,0,0,0,0,0,0,0,0,0,0,,,0,0,
929,SUCRE,CHIGUARA,ESCUELA,20000,21000,,,,,,,,,,,,,,,,,,,,,,,,,ESCUELA EL HATO,FELIPE SANTIAGO GUTIERREZ,OD05471420,6970158,,140833,NACIONAL,,,,,,0,0,0,3,4,7,3,4,7,13,12,25,0,0,0,0,0,0,0,0,0,0,0,0,32,0,1,6,,,0,0,
930,SUCRE,CHIGUARA,COMPLEJO EDUCATIVO,20000,21000,31059,,CIENCIAS,31060,,CIENCIA Y TECNOLOGIA,,,,,,,,,,,,,,,,,,,ESCUELA LA RONCONA,ANA ROSAS SANCHEZ,OD05451420,6970158,,140878,NACIONAL,,,,,,0,0,0,2,2,4,2,2,4,14,14,28,36,36,72,0,0,0,0,0,0,0,0,0,104,0,1,6,,,0,0,
931,SUCRE,CHIGUARA,ESCUELA,,21000,,,,,,,,,,,,,,,,,,,,,,,,,ESCUELA LA MAJUMBA,HERIBERTO PUENTES VIELMA ( LA MAJUMBA),OD05461420,6970158,,140875,NACIONAL,,,,,,0,0,0,0,1,1,0,1,1,3,6,9,0,0,0,0,0,0,0,0,0,0,0,0,10,0,0,6,,,0,0,"{""primaria"":{""4U"":3,""6U"":1,""5U"":2,""1U"":2,""2U"":1}}"
932,SUCRE,CHIGUARA,ESCUELA,20000,21000,,,,,,,,,,,,,,,,,,,,,,,,,SANTA CATALINA,SANTA CATALINA,OD15851420,6970158,,142013,NACIONAL,,,,,,0,0,0,1,3,4,1,3,4,6,5,11,0,0,0,0,0,0,0,0,0,0,0,0,15,0,1,6,,,0,0,
933,SUCRE,ESTANQUES,ESCUELA,20000,21000,,,,,,,,,,,,,,,,,,,,,,,,,EB SIMON RODRIGUEZ,MARIA ELIZA DAVILA,OD14851420,6590268,,140900,NACIONAL,,,,,,0,0,0,4,2,6,4,2,6,39,44,83,0,0,0,0,0,0,0,0,0,0,0,0,89,0,6,6,,,0,0,
934,SUCRE,ESTANQUES,COMPLEJO EDUCATIVO,20000,21000,31059,,CIENCIAS,,,,,,,,,,,,,,,,,,,,,,COMPLEJO EDUCATIVO SAN PABLO ALTO,CARMEN AURORA CARRERO,OD14401420,6970024,,,NACIONAL,,,,,,0,0,0,0,0,0,0,0,0,5,8,13,15,10,25,0,0,0,0,0,0,0,0,0,38,0,0,1,,,0,0,"{""primaria"":{""1U"":8}}"
935,SUCRE,LA TRAMPA,LICEO,,,31059,,CIENCIAS,41049,AGROPECUARIA,CIENCIAS AGRÍCOLAS Y PECUARIAS,,,,,,,,,,,,,,,,,,,LICEO LA TRAMPA,ZENON DIAZ CAMACHO,OD16651420,6970600,,142049,NACIONAL,,,,,,0,0,0,0,0,0,0,0,0,0,0,0,33,19,52,0,0,0,0,0,0,0,0,0,52,0,0,0,,,0,0,
936,SUCRE,LA TRAMPA,ESCUELA,20000,21000,,,,,,,,,,,,,,,,,,,,,,,,,ESCUELA LOS HATICOS,CARMEN ELINA PERNIA,OD14601420,6970600,,140872,NACIONAL,,,,,,0,0,0,2,4,6,2,4,6,13,16,29,0,0,0,0,0,0,0,0,0,0,0,0,35,0,1,6,,,0,0,
937,SUCRE,LA TRAMPA,ESCUELA,,21000,,,,,,,,,,,,,,,,,,,,,,,,,EL PARAMO DEL TAMBOR,EL PARAMO DEL TAMBOR,OD17341420,6970600,,142143,NACIONAL,,,,,,0,0,0,0,0,0,0,0,0,6,6,12,0,0,0,0,0,0,0,0,0,0,0,0,12,0,0,6,,,0,0,
938,SUCRE,LA TRAMPA,LICEO,,,31059,,CIENCIAS,,,,,,,,,,,,,,,,,,,,,,LICEO BOLERO,JOSE TADEO MONAGAS,OD16661420,6970600,,142050,NACIONAL,,,,,,0,0,0,0,0,0,0,0,0,0,0,0,12,10,22,0,0,0,0,0,0,0,0,0,22,0,0,0,,,0,0,
939,SUCRE,LA TRAMPA,ESCUELA,,21000,,,,,,,,,,,,,,,,,,,,,,,,,ESCUELA ESTADAL EL ESTANQUILLO,JUAN PEDRO VARELA,OD14591420,,,140901,ESTADAL,,,,,,0,0,0,0,0,0,0,0,0,10,7,17,0,0,0,0,0,0,0,0,0,0,0,0,17,0,0,6,,,0,0,
940,SUCRE,PUEBLO NUEVO,ESCUELA,20000,21000,,,,,,,,,,,,,,,,,,,,,,,,,ESCUELA ESTADAL LA QUEBRADA,CAMUCAY,OD01451420,6970538,,140888,NACIONAL,,,,,,0,0,0,4,2,6,4,2,6,10,11,21,0,0,0,0,0,0,0,0,0,0,0,0,27,0,1,6,,,0,0,
941,SUCRE,PUEBLO NUEVO,ESCUELA,,21000,,,,,,,,,,,,,,,,,,,,,,,,,ESCUELA  ESTADAL EL PLATANAL,ACEQUIA LA GUADALUPE,OD14461420,6970538,,140858,NACIONAL,,,,,,0,0,0,0,0,0,0,0,0,3,1,4,0,0,0,0,0,0,0,0,0,0,0,0,4,0,0,0,,,0,0,
942,SUCRE,PUEBLO NUEVO,ESCUELA,20000,21000,,,,,,,,,,,,,,,,,,,,,,,,,ESCUELA  MACIEGAL,EL NIÑO SIMÓN BOLIVAR,OD14751420,6970538,,141415,NACIONAL,,,,,,0,0,0,2,0,2,2,0,2,8,7,15,0,0,0,0,0,0,0,0,0,0,0,0,17,0,1,6,,,0,0,
943,SUCRE,PUEBLO NUEVO,COMPLEJO EDUCATIVO,20000,21000,31059,,CIENCIAS,,,,,,,,,,,,,,,,,,,,,,ESCUELA BOLIVARIANA GENARINA DUGARTE C.,GENARINA DUGARTE C.,S2862D1420,7934858,,140892,NACIONAL,,,,,,3,2,5,14,9,23,17,11,28,35,42,77,52,39,91,0,0,0,0,0,0,0,0,0,196,1,2,6,,,0,0,
944,SUCRE,PUEBLO NUEVO,ESCUELA,,21000,,,,,,,,,,,,,,,,,,,,,,,,,JICACUY,JICACUY,OD14431420,6970538,,140855,NACIONAL,,,,,,0,0,0,0,0,0,0,0,0,1,2,3,0,0,0,0,0,0,0,0,0,0,0,0,3,0,0,0,,,0,0,
945,SUCRE,PUEBLO NUEVO,ESCUELA,,21000,,,,,,,,,,,,,,,,,,,,,,,,,ESCUELA LA HONDA,ALI RAFAEL PRIMERA,OD14771420,6970538,,141851,NACIONAL,,,,,,0,0,0,0,0,0,0,0,0,1,4,5,0,0,0,0,0,0,0,0,0,0,0,0,5,0,0,0,,,0,0,
946,SUCRE,PUEBLO NUEVO,LICEO,,,31059,,CIENCIAS,,,,,,,,,,,,,,,,,,,,,,LICEO LOS AMARILLOS,PABLO ROJAS,OD16681420,6970538,,142080,NACIONAL,,,,,,0,0,0,0,0,0,0,0,0,0,0,0,10,16,26,0,0,0,0,0,0,0,0,0,26,0,0,0,,,0,0,
947,SUCRE,PUEBLO NUEVO,ESCUELA,20000,21000,,,,,,,,,,,,,,,,,,,,,,,,,ESCUELA EL HATICO,NATALIA FERNÁNDEZ,OD14481420,6970538,,140860,NACIONAL,,,,,,0,0,0,4,2,6,4,2,6,13,11,24,0,0,0,0,0,0,0,0,0,0,0,0,30,0,1,6,,,0,0,
948,SUCRE,PUEBLO NUEVO,ESCUELA,20000,21000,,,,,,,,,,,,,,,,,,,,,,,,,ESCUELA MUCANDU,LUISA GARCÍA FERNÁNDEZ,OD14471420,6970538,,140859,NACIONAL,,,,,,0,0,0,4,2,6,4,2,6,13,11,24,0,0,0,0,0,0,0,0,0,0,0,0,30,0,1,6,,,0,0,"{""primaria"":{""6U"":2,""5U"":4}}"
949,SUCRE,PUEBLO NUEVO,ESCUELA,20000,21000,,,,,,,,,,,,,,,,,,,,,,,,,U.E.B. EL CABULLAL,MARTÌN GUILLÉN FERNÁNDEZ,OD14441420,6970538,,140847,NACIONAL,,,,,,0,0,0,4,2,6,4,2,6,8,14,22,0,0,0,0,0,0,0,0,0,0,0,0,28,0,1,0,,,0,0,
950,SUCRE,PUEBLO NUEVO,ESCUELA,20000,21000,,,,,,,,,,,,,,,,,,,,,,,,,ESCUELA EL CAMBUR,MANUELA SÁENZ,OD14451420,6970538,,140857,NACIONAL,,,,,,0,0,0,3,4,7,3,4,7,15,18,33,0,0,0,0,0,0,0,0,0,0,0,0,40,0,1,6,,,0,0,
951,SUCRE,PUEBLO NUEVO,ESCUELA,,21000,,,,,,,,,,,,,,,,,,,,,,,,,ESCUELA LAS MORAS,ANDRES GUILLEN GONZALES,OD14411420,6970538,,140852,NACIONAL,,,,,,0,0,0,0,0,0,0,0,0,3,1,4,0,0,0,0,0,0,0,0,0,0,0,0,4,0,0,0,,,0,0,
952,SUCRE,PUEBLO NUEVO,ESCUELA,20000,21000,,,,,,,,,,,,,,,,,,,,,,,,,ESCUELA LA AGUADA,EZEQUIEL ZAMORA,OD14421420,6970538,,140854,NACIONAL,,,,,,0,0,0,3,1,4,3,1,4,5,6,11,0,0,0,0,0,0,0,0,0,0,0,0,15,0,0,0,,,0,0,
953,SUCRE,PUEBLO NUEVO,COMPLEJO EDUCATIVO,20000,21000,31059,MEDIA GENERAL,CIENCIAS,,,,,,,,,,,,,,,,,,,,,,COMPLEJO  EDUCATIVO RINCON DEL JARILLAL,MARIA DOLORES ROJAS DE MARQUEZ,OD14821420,6970538,,140840,NACIONAL,,,,,,0,0,0,1,2,3,1,2,3,6,21,27,20,8,28,0,0,0,0,0,0,0,0,0,58,0,1,6,,,0,0,
954,SUCRE,PUEBLO NUEVO,ESCUELA,20000,21000,,,,,,,,,,,,,,,,,,,,,,,,,QUIRORA,QUIRORA,OD14811420,6970538,,140838,NACIONAL,,,,,,0,0,0,7,2,9,7,2,9,12,21,33,0,0,0,0,0,0,0,0,0,0,0,0,42,0,1,6,,,0,0,
955,SUCRE,PUEBLO NUEVO,ESCUELA,,21000,,,,,,,,,,,,,,,,,,,,,,,,,ESCUELA EL PARAMITO,AGUSTÍN CODAZZI,OD14781420,6970538,,141852,NACIONAL,,,,,,0,0,0,0,0,0,0,0,0,1,3,4,0,0,0,0,0,0,0,0,0,0,0,0,4,0,0,0,,,0,0,
956,SUCRE,SAN JUAN,ESCUELA,20000,21000,,,,,,,,,,,,,,,,,,,,,,,,,LOS UVITOS,LOS UVITOS,OD14351420,6970600,,140812,NACIONAL,,,,,,0,0,0,4,8,12,4,8,12,3,8,11,0,0,0,0,0,0,0,0,0,0,0,0,23,0,1,1,,,0,0,"{""primaria"":{""1U"":6}}"
957,SUCRE,SAN JUAN,COMPLEJO EDUCATIVO,20000,21000,31059,,CIENCIAS,31060,,CIENCIA Y TECNOLOGIA,48069,ARTE,ARTES AUDIOVISUALES,49000,EDUCACIÓN FÍSICA,PROMOCIÓN DEL ENTRENAMIENTO DEPORTIVO,,,,,,,,,,,,,E. B. ESTADO PORTUGUESA,JOSÉ MARÍA VARGAS,S2863D1420,7932368,,141502,NACIONAL,,,,,,0,0,0,0,0,0,0,0,0,0,0,0,201,164,365,61,83,144,0,0,0,0,0,0,509,0,0,0,,,0,0,
958,SUCRE,CHIGUARA,COMPLEJO EDUCATIVO,20000,21000,31059,,CIENCIAS,46071,ECONOMÍA SOCIAL,TURISMO,,,,,,,,,,,,,,,,,,,LICEO EL ANIS,LLANO EL ANIS,OD17311420,7950784,,142048,NACIONAL,,,,,,0,0,0,0,0,0,0,0,0,0,0,0,140,125,265,26,20,46,0,0,0,0,0,0,311,0,0,0,,,0,0,
959,SUCRE,CHIGUARA,ESCUELA,20000,21000,,,,,,,,,,,,,,,,,,,,,,,,,ESCUELA LAS MESITAS,MARIA CONCEPCION PALACIOS,OD17451420,6970158,,142247,NACIONAL,,,,,,0,0,0,5,2,7,5,2,7,27,36,63,0,0,0,0,0,0,0,0,0,0,0,0,70,0,1,6,,,0,0,
960,SUCRE,CHIGUARA,LICEO,,,31059,,CIENCIAS,31060,,CIENCIA Y TECNOLOGIA,,,,,,,,,,,,,,,,,,,LICEO BOLIVARIANO  FRANCISCO ANTONIO UZCATEGUI,FRANCISCO ANTONIO UZCATEGUI,S1152D1420,7912175,,140904,NACIONAL,,,,,,0,0,0,0,0,0,0,0,0,0,0,0,119,122,241,0,0,0,0,0,0,0,0,0,241,0,0,0,,,0,0,
961,SUCRE,CHIGUARA,ESCUELA,20000,21000,,,,,,,,,,,,,,,,,,,,,,,,,SAN JOSE,SAN JOSE,OD05441420,6970158,,140876,NACIONAL,,,,,,0,0,0,3,3,6,3,3,6,14,16,30,0,0,0,0,0,0,0,0,0,0,0,0,36,0,1,6,,,0,0,
962,SUCRE,CHIGUARA,ESCUELA,20000,21000,,,,,,,,,,,,,,,,,,,,,,,,,ESCUELA NUEVA ESPARTA,JOSEFA ELENA MORALES,OD01481420,6734578,,140881,NACIONAL,,,,,,3,5,8,30,25,55,33,30,63,106,109,215,0,0,0,0,0,0,0,0,0,0,0,0,278,2,4,12,,,0,0,
963,SUCRE,LAGUNILLAS,PREESCOLAR,20000,,,,,,,,,,,,,,,,,,,,,,,,,,CENTRO MATERNAL Y PREESCOLAR HIPOLITA BOLIVAR,HIPOLITA BOLIVAR,OD17411420,6590694,,142171,NACIONAL,,,,,,18,13,31,30,37,67,48,50,98,0,0,0,0,0,0,0,0,0,0,0,0,0,0,0,98,2,3,0,,,0,0,
964,SUCRE,LAGUNILLAS,LICEO,,,31059,,CIENCIAS,,,,,,,,,,,,,,,,,,,,,,LICEO LLANO SECO,HECTOR RAMON IZQUIERDO,OD17341420,7950811,,142045,NACIONAL,,,,,,0,0,0,0,0,0,0,0,0,0,0,0,52,41,93,0,0,0,0,0,0,0,0,0,93,0,0,0,,,0,0,
965,SUCRE,LAGUNILLAS,ESCUELA,20000,21000,,,,,,,,,,,,,,,,,,,,,,,,,ESCUELA BOLIVARIANA 24 DE JUNIO,-28678,OD14841420,7933007,,140894,NACIONAL,,,,,,55,40,95,35,40,75,90,80,170,166,193,359,0,0,0,0,0,0,0,0,0,0,0,0,529,7,3,14,,,0,0,
966,SUCRE,LAGUNILLAS,LICEO,,,31060,,TECNOLOGIA E INOVACION,,,,,,,,,,,,,,,,,,,,,,LICEO BOLIVARIANO LUIS ENRIQUE MARQUEZ BARILLAS,LUIS ENRIQUE MARQUEZ BARILLAS,S0622D1420,7915760,,140905,NACIONAL,,,,,,0,0,0,0,0,0,0,0,0,0,0,0,397,384,781,0,0,0,0,0,0,0,0,0,781,0,0,0,,,0,0,
967,SUCRE,LAGUNILLAS,ESCUELA,20000,21000,,,,,,,,,,,,,,,,,,,,,,,,,ESCUELA BOLIVARIANA LOS ARAQUEZ,SIMONA CORREDOR DE PICO,OD14831420,6970024,,140887,NACIONAL,,,,,,0,0,0,0,0,0,0,0,0,33,36,69,0,0,0,0,0,0,0,0,0,0,0,0,69,0,0,7,,,0,0,
968,SUCRE,LAGUNILLAS,ESCUELA,,21000,,,,,,,,,,,,,,,,,,,,,,,,,ESCUELA EL MOLINO,HOMERO IZARRA,OD01231420,6734330,,140895,NACIONAL,,,,,,0,0,0,0,0,0,0,0,0,155,171,326,0,0,0,0,0,0,0,0,0,0,0,0,326,0,0,12,,,0,0,
969,SUCRE,LAGUNILLAS,INSTITUTO DE EDUCACION ESPECIAL,,,,,,,,,,,,,,,,,,,,,,,,,,,INSTITUTO DE EDUCACION ESPECIAL JAMUEN,GABRIELA MISTRAL,OD14761420,6490501,,141832,NACIONAL,,,,,,0,0,0,0,0,0,0,0,0,0,0,0,0,0,0,0,0,0,0,0,0,0,0,0,0,0,0,0,,,0,0,
970,SUCRE,LAGUNILLAS,ESCUELA,,21000,,,,,,,,,,,,,,,,,,,,,,,,,GRUPO ESCOLAR MANUEL GUAL,MANUEL GUAL,OD01401420,6737410,,140810,NACIONAL,,,,,,0,0,0,0,0,0,0,0,0,345,340,685,0,0,0,0,0,0,0,0,0,0,0,0,685,0,0,26,,,0,0,
971,SUCRE,LAGUNILLAS,PREESCOLAR,20000,,,,,,,,,,,,,,,,,,,,,,,,,,JARDIN DE INFANCIA EL MOLINO,MARIA DAVILA,OD17441420,4103375,,142244,NACIONAL,,,,,,0,0,0,41,53,94,41,53,94,0,0,0,0,0,0,0,0,0,0,0,0,0,0,0,94,0,6,0,,,0,0,
972,SUCRE,LAGUNILLAS,PREESCOLAR,20000,,,,,,,,,,,,,,,,,,,,,,,,,,JARDIN DE INFANCIA MANUEL GUAL,MARIA ISABEL BRICEÑO,OD01551420,4106585,,140809,NACIONAL,,,,,,0,0,0,61,76,137,61,76,137,0,0,0,0,0,0,0,0,0,0,0,0,0,0,0,137,0,10,0,,,0,0,
973,SUCRE,SAN JUAN,ESCUELA,20000,21000,,,,,,,,,,,,,,,,,,,,,,,,,ESCUELA BOLIVARIANA LOS CARACOLES,LOS CARACOLES,OD14871420,6970024,,141148,NACIONAL,,,,,,0,0,0,23,27,50,23,27,50,53,70,123,0,0,0,0,0,0,0,0,0,0,0,0,173,0,3,6,,,0,0,
974,SUCRE,SAN JUAN,PREESCOLAR,20000,,,,,,,,,,,,,,,,,,,,,,,,,,JARDIN DE INFANCIA LA PORTUGUESA,MARIA MONTESORI,OD01211420,4103656,,140808,NACIONAL,,,,,,0,0,0,89,81,170,89,81,170,0,0,0,0,0,0,0,0,0,0,0,0,0,0,0,170,0,8,0,,,0,0,
975,SUCRE,SAN JUAN,ESCUELA,20000,21000,,,,,,,,,,,,,,,,,,,,,,,,,ESCUELA ESTADO PORTUGUESA,JUAN BAUTISTA ARISMENDI,OD01221420,6734582,,140823,NACIONAL,,,,,,25,20,45,0,0,0,25,20,45,209,242,451,0,0,0,0,0,0,0,0,0,0,0,0,496,4,0,18,,,0,0,"{""primaria"":{""5B"":1,""5A"":1}}"
976,SUCRE,CHIGUARA,ESCUELA,20000,21000,,,,,,,,,,,,,,,,,,,,,,,,,ESCUELA ESTADAL LLANO EL ANIS,MARIA DE LA LUZ GUILLEN,OD01541420,,,140899,ESTADAL,,,,,,0,0,0,24,29,53,24,29,53,132,120,252,0,0,0,0,0,0,0,0,0,0,0,0,305,0,4,12,,,0,0,
977,SUCRE,CHIGUARA,ESCUELA,20000,21000,,,,,,,,,,,,,,,,,,,,,,,,,SAN ANTONIO DE PADUA,SAN ANTONIO DE PADUA,OD09561420,,,140879,ESTADAL,,,,,,0,0,0,9,18,27,9,18,27,39,50,89,0,0,0,0,0,0,0,0,0,0,0,0,116,0,2,7,,,0,0,
978,SUCRE,CHIGUARA,ESCUELA,20000,21000,,,,,,,,,,,,,,,,,,,,,,,,,ESCUELA ESTADAL EL RINCON,JOSE DE JESUS MERCADO,OD09531420,,,140820,ESTADAL,,,,,,0,0,0,2,1,3,2,1,3,6,9,15,0,0,0,0,0,0,0,0,0,0,0,0,18,0,0,1,,,0,0,
979,SUCRE,CHIGUARA,ESCUELA PARA EL EMPRENDIMIENTO,,,,,,,,,,,,,,,,,,,,,,,,,,,ESCUELA DE EMPRENDIMIENTO CHIGUARA,TRINA SANDIA,ON15661420,,,141848,ESTADAL,,,,,,0,0,0,0,0,0,0,0,0,0,0,0,0,0,0,0,0,0,0,0,0,0,0,0,0,0,0,0,,,0,0,
980,SUCRE,CHIGUARA,ESCUELA,20000,21000,,,,,,,,,,,,,,,,,,,,,,,,,ESCUELA ESTADAL BELLA VISTA,MARIA ANASTASIA PERON,OD01491420,,,140880,ESTADAL,,,,,,0,0,0,6,11,17,6,11,17,30,24,54,0,0,0,0,0,0,0,0,0,0,0,0,71,0,1,6,,,0,0,"{""primaria"":{""2U"":7,""1U"":7}}"
981,SUCRE,CHIGUARA,ESCUELA,20000,21000,,,,,,,,,,,,,,,,,,,,,,,,,ESCUELA ESTADAL EL  CAMBUR,COSTANTINO VILLASMIL,OD09551420,,,140816,ESTADAL,,,,,,0,0,0,3,8,11,3,8,11,16,10,26,0,0,0,0,0,0,0,0,0,0,0,0,37,0,11,5,,,0,0,"{""preescolar"":{""A"":11},""primaria"":{""5U"":2,""2U"":3,""4U"":8,""1U"":5,""3U"":6}}"
982,SUCRE,CHIGUARA,ESCUELA,20000,21000,,,,,,,,,,,,,,,,,,,,,,,,,ESCUELA ESTADAL EL REMOLINO,MIGUEL ANGEL PULIDO DAVILA,OD09541420,,,140845,ESTADAL,,,,,,0,0,0,7,4,11,7,4,11,8,14,22,0,0,0,0,0,0,0,0,0,0,0,0,33,0,1,3,,,0,0,
983,SUCRE,CHIGUARA,ESCUELA,20000,21000,,,,,,,,,,,,,,,,,,,,,,,,,ESCUELA ESTADAL EL VERDE,ELIA MARIA PEÑA,OD09571420,,,140844,ESTADAL,,,,,,0,0,0,0,1,1,0,1,1,3,3,6,0,0,0,0,0,0,0,0,0,0,0,0,7,0,1,1,,,0,0,
984,SUCRE,CHIGUARA,ESCUELA,20000,21000,,,,,,,,,,,,,,,,,,,,,,,,,ESCUELA ESTADAL SAN JUANITO,BERNARDINO ZERPA,OD08371420,,,140819,ESTADAL,,,,,,0,0,0,3,9,12,3,9,12,24,22,46,0,0,0,0,0,0,0,0,0,0,0,0,58,0,1,6,,,0,0,
985,SUCRE,CHIGUARA,COMPLEJO EDUCATIVO,20000,21000,31059,MEDIA GENERAL,CIENCIAS,,,,,,,,,,,,,,,,,,,,,,ESCUELA ESTADAL AGUA LINDA,FRANCISCO ANAYA,OD08361420,,,140817,ESTADAL,,,,,,0,0,0,5,4,9,5,4,9,12,27,39,17,19,36,0,0,0,0,0,0,0,0,0,84,0,1,6,,,0,0,
986,SUCRE,ESTANQUES,ESCUELA,20000,21000,,,,,,,,,,,,,,,,,,,,,,,,,ESCUELA ESTADAL  SABANETA,LUZ ELINA PEÑA,OD09421420,,,140827,ESTADAL,,,,,,0,0,0,2,4,6,2,4,6,21,19,40,0,0,0,0,0,0,0,0,0,0,0,0,46,0,6,6,,,0,0,
987,SUCRE,ESTANQUES,ESCUELA,20000,21000,,,,,,,,,,,,,,,,,,,,,,,,,ESCUELA ESTADAL EL COROZO,EUMELIA HERNÁNDEZ,OD09511420,,,140829,ESTADAL,,,,,,0,0,0,0,2,2,0,2,2,0,13,13,0,0,0,0,0,0,0,0,0,0,0,0,15,0,1,6,,,0,0,
988,SUCRE,ESTANQUES,ESCUELA,20000,21000,,,,,,,,,,,,,,,,,,,,,,,,,ESCUELA ESTADAL LOS CUCHARONES,ISAURA ELENA LOBO MÁRQUEZ,OD09481420,,,140842,ESTADAL,,,,,,0,0,0,4,4,8,4,4,8,10,9,19,0,0,0,0,0,0,0,0,0,0,0,0,27,0,1,6,,,0,0,
989,SUCRE,ESTANQUES,COMPLEJO EDUCATIVO,20000,21000,31059,,CIENCIAS,,,,,,,,,,,,,,,,,,,,,,COMPLEJO EDUCATIVO SANTO DOMINGO,SANTO DOMINGO,OD09431420,,,140835,ESTADAL,,,,,,0,0,0,7,12,19,7,12,19,18,34,52,72,45,117,0,0,0,0,0,0,0,0,0,188,0,19,6,,,0,0,
990,SUCRE,ESTANQUES,ESCUELA,20000,21000,,,,,,,,,,,,,,,,,,,,,,,,,ESCUELA ESTADAL QUEBRADA DE LORO BAJO,JOSÉ FELIX RIBAS,OD09441420,,,140831,ESTADAL,,,,,,0,0,0,3,2,5,3,2,5,4,12,16,0,0,0,0,0,0,0,0,0,0,0,0,21,0,1,5,,,0,0,"{""primaria"":{""5U"":1,""4U"":4,""3U"":3}}"
991,SUCRE,ESTANQUES,ESCUELA,20000,21000,,,,,,,,,,,,,,,,,,,,,,,,,ESCUELA ESTADAL QUEBRADA DE LORO ALTO,ANDRÉS BELLO,OD09401420,,,140832,ESTADAL,,,,,,0,0,0,3,9,12,3,9,12,24,35,59,0,0,0,0,0,0,0,0,0,0,0,0,71,0,1,6,,,0,0,
992,SUCRE,ESTANQUES,COMPLEJO EDUCATIVO,20000,21000,31059,,CIENCIAS,,,,,,,,,,,,,,,,,,,,,,COMPLEJO EDUCATIVO  EL HATO,ÁNGEL ANTONIO ALTUVE,OD09451420,,,140846,ESTADAL,,,,,,0,0,0,3,2,5,3,2,5,8,9,17,6,3,9,0,0,0,0,0,0,0,0,0,31,0,1,6,,,0,0,
993,SUCRE,ESTANQUES,ESCUELA,20000,21000,,,,,,,,,,,,,,,,,,,,,,,,,ESCUELA LOS JOQUES,SILVERIO MÁRQUEZ GUILLÉN,OD09501420,,,140826,ESTADAL,,,,,,0,0,0,2,4,6,2,4,6,14,14,28,0,0,0,0,0,0,0,0,0,0,0,0,34,0,1,6,,,0,0,
994,SUCRE,ESTANQUES,COMPLEJO EDUCATIVO,20000,21000,31059,,CIENCIAS,,,,,,,,,,,,,,,,,,,,,,COMPLEJO EDUCATIVO LAS LABRANZAS,ALEJANDRO CHACÓN ROSALES,OD09471420,,,140836,ESTADAL,,,,,,0,0,0,2,1,3,2,1,3,6,14,20,6,5,11,0,0,0,0,0,0,0,0,0,34,0,1,6,,,0,0,"{""primaria"":{""6U"":3,""4U"":1,""5U"":7}}"
995,SUCRE,ESTANQUES,COMPLEJO EDUCATIVO,20000,21000,31059,,CIENCIAS,,,,,,,,,,,,,,,,,,,,,,COMPLEJO EDUCATIVO  MOCOCHOPO,JOSEFA CAMEJO,OD09491420,,,140846,ESTADAL,,,,,,0,0,0,7,4,11,7,4,11,10,15,25,6,9,15,0,0,0,0,0,0,0,0,0,51,0,1,6,,,0,0,
996,SUCRE,ESTANQUES,ESCUELA,20000,21000,,,,,,,,,,,,,,,,,,,,,,,,,ESCUELA SAN ANTONIO,MARÍA ANTONIA ARAQUE,OD09461420,,,140828,ESTADAL,,,,,,0,0,0,5,5,10,5,5,10,15,12,27,0,0,0,0,0,0,0,0,0,0,0,0,37,0,1,6,,,0,0,
997,SUCRE,ESTANQUES,ESCUELA,20000,21000,,,,,,,,,,,,,,,,,,,,,,,,,ESCUELA SAN PABLO ALTO,GILBERTO MÉNDEZ,OD09521420,,,140837,ESTADAL,,,,,,0,0,0,10,4,14,10,4,14,21,27,48,0,0,0,0,0,0,0,0,0,0,0,0,62,0,1,6,,,0,0,
998,SUCRE,LA TRAMPA,COMPLEJO EDUCATIVO,20000,21000,31059,,CIENCIAS,41049,AGROPECUARIA,CIENCIAS AGRÍCOLAS Y PECUARIAS,,,,,,,,,,,,,,,,,,,ESCUELA ESTADAL LA SABANA,CACIQUE TENOQUE,OD14501420,,,140868,ESTADAL,,,,,,0,0,0,6,2,8,6,2,8,23,17,40,21,23,44,1,0,1,0,0,0,0,0,0,93,0,1,6,,,0,0,
999,SUCRE,LA TRAMPA,ESCUELA,20000,21000,,,,,,,,,,,,,,,,,,,,,,,,,ESCUELA ESTADAL CACIQUE LA SABANA,JOSE FELIX MORENO,OD01471420,,,140868,ESTADAL,,,,,,0,0,0,8,5,13,8,5,13,31,18,49,0,0,0,0,0,0,0,0,0,0,0,0,62,0,1,6,,,0,0,
1000,SUCRE,LA TRAMPA,ESCUELA,,21000,,,,,,,,,,,,,,,,,,,,,,,,,ESCUELA ESTADAL LA TRAMPA,MARCO TULIO UZCATEGUI ROJAS,OD14521420,,,140879,ESTADAL,,,,,,0,0,0,0,0,0,0,0,0,5,3,8,0,0,0,0,0,0,0,0,0,0,0,0,8,0,0,6,,,0,0,
1001,SUCRE,LA TRAMPA,ESCUELA,20000,21000,,,,,,,,,,,,,,,,,,,,,,,,,ESCUELA ESTADAL LA CUCHILLA,GENARINO GUILLEN,OD14561420,,,140864,ESTADAL,,,,,,0,0,0,1,3,4,1,3,4,3,9,12,0,0,0,0,0,0,0,0,0,0,0,0,16,0,1,5,,,0,0,
1002,SUCRE,LA TRAMPA,ESCUELA,,21000,,,,,,,,,,,,,,,,,,,,,,,,,ESCUELA ESTADAL HUERTA DE PICO,JOSE BAUDILIO ROJAS,OD14581420,,,140869,ESTADAL,,,,,,0,0,0,0,0,0,0,0,0,3,2,5,0,0,0,0,0,0,0,0,0,0,0,0,5,0,0,1,,,0,0,
1003,SUCRE,LA TRAMPA,ESCUELA,20000,21000,,,,,,,,,,,,,,,,,,,,,,,,,ESCUELA ESTADAL LOMA DE LA MORA,RUBEN DARIO VIELMA,OD14361420,,,140814,ESTADAL,,,,,,0,0,0,4,1,5,4,1,5,5,9,14,0,0,0,0,0,0,0,0,0,0,0,0,19,0,1,6,,,0,0,
1004,SUCRE,LA TRAMPA,ESCUELA,20000,21000,,,,,,,,,,,,,,,,,,,,,,,,,ESCUELA ESTADAL LOMA DE LOS COLMENARES,ELADIO QUINTERO RONDON,OD14861420,,,140873,ESTADAL,,,,,,0,0,0,4,2,6,4,2,6,6,11,17,0,0,0,0,0,0,0,0,0,0,0,0,23,0,1,6,,,0,0,
1005,SUCRE,LA TRAMPA,ESCUELA,20000,21000,,,,,,,,,,,,,,,,,,,,,,,,,ESCUELA ESTADAL BELEN,ANGEL ANTONIO ZERPA ROJAS,OD14711420,,,141406,ESTADAL,,,,,,0,0,0,2,2,4,2,2,4,3,3,6,0,0,0,0,0,0,0,0,0,0,0,0,10,0,1,1,,,0,0,
1006,SUCRE,LA TRAMPA,ESCUELA,20000,21000,,,,,,,,,,,,,,,,,,,,,,,,,ESCUELA ESTADAL BOLERO,MARIA ARMINDA DAVILA,OD14511420,,,140863,ESTADAL,,,,,,0,0,0,3,6,9,3,6,9,12,11,23,0,0,0,0,0,0,0,0,0,0,0,0,32,0,0,1,,,0,0,
1007,SUCRE,LA TRAMPA,ESCUELA,,21000,,,,,,,,,,,,,,,,,,,,,,,,,ESCUELA ESTADAL EL CORRAL,SARALINA FLORIDA,OD14531420,,,140865,ESTADAL,,,,,,0,0,0,0,0,0,0,0,0,2,4,6,0,0,0,0,0,0,0,0,0,0,0,0,6,0,0,1,,,0,0,
1008,SUCRE,LA TRAMPA,ESCUELA,,21000,,,,,,,,,,,,,,,,,,,,,,,,,ESCUELA ESTADAL CAÑA BRAVA,CACIQUE GUAICAIPURO,OD14541420,,,140866,ESTADAL,,,,,,0,0,0,0,0,0,0,0,0,6,3,9,0,0,0,0,0,0,0,0,0,0,0,0,9,0,0,1,,,0,0,
1009,SUCRE,LA TRAMPA,ESCUELA,,21000,,,,,,,,,,,,,,,,,,,,,,,,,ESCUELA ESTADAL PUEBLO VIEJO,MARIA GREGORIA CARMONA,OD14551420,,,140867,ESTADAL,,,,,,0,0,0,0,0,0,0,0,0,1,2,3,0,0,0,0,0,0,0,0,0,0,0,0,3,0,0,1,,,0,0,
1010,SUCRE,LA TRAMPA,ESCUELA,20000,21000,,,,,,,,,,,,,,,,,,,,,,,,,ESCUELA ESTADAL LA VEGA,MELECIO GUERRERO GUTIERREZ,OD14701420,,,141405,ESTADAL,,,,,,0,0,0,0,1,1,0,1,1,1,1,2,0,0,0,0,0,0,0,0,0,0,0,0,3,0,1,1,,,0,0,
1011,SUCRE,LAGUNILLAS,ESCUELA,20000,21000,,,,,,,,,,,,,,,,,,,,,,,,,ESCUELA LA CALERA,EMPERATRIZ PARRA,OD14741420,,,141411,ESTADAL,,,,,,0,0,0,11,11,22,11,11,22,48,49,97,0,0,0,0,0,0,0,0,0,0,0,0,119,0,2,6,,,0,0,
1012,SUCRE,LAGUNILLAS,ESCUELA,20000,21000,,,,,,,,,,,,,,,,,,,,,,,,,ESCUELA LA HUERTA,RAFAEL OMAR CALDERON,OD14651420,,,140898,ESTADAL,,,,,,0,0,0,5,8,13,5,8,13,18,28,46,0,0,0,0,0,0,0,0,0,0,0,0,59,0,2,6,,,0,0,
1013,SUCRE,LAGUNILLAS,ESCUELA,20000,21000,,,,,,,,,,,,,,,,,,,,,,,,,ESCUELA LLANO SECO,ESTILITA GARCIA,OD01501420,,,141408,ESTADAL,,,,,,0,0,0,9,8,17,9,8,17,54,52,106,0,0,0,0,0,0,0,0,0,0,0,0,123,0,2,6,,,0,0,
1014,SUCRE,LAGUNILLAS,ESCUELA,20000,21000,,,,,,,,,,,,,,,,,,,,,,,,,ESCUELA LA ALEGRIA,MARIA HORTENCIA DAVILA,OD14641420,,,140886,ESTADAL,,,,,,0,0,0,19,12,31,19,12,31,73,72,145,0,0,0,0,0,0,0,0,0,0,0,0,176,0,3,8,,,0,0,"{""primaria"":{""3U"":15}}"
1015,SUCRE,LAGUNILLAS,ESCUELA,,21000,,,,,,,,,,,,,,,,,,,,,,,,,ESCUELA LOS CUROS,JOSE FELIPE RODRIGUEZ GUILLEN,OD14721420,,,141407,ESTADAL,,,,,,0,0,0,0,0,0,0,0,0,2,7,9,0,0,0,0,0,0,0,0,0,0,0,0,9,0,0,1,,,0,0,
1016,SUCRE,LAGUNILLAS,ESCUELA,,21000,,,,,,,,,,,,,,,,,,,,,,,,,ESCUELA LOS UVITOS,CRISTOBAL SANCHEZ,OD14341420,,,140811,ESTADAL,,,,,,0,0,0,0,0,0,0,0,0,5,3,8,0,0,0,0,0,0,0,0,0,0,0,0,8,0,0,1,,,0,0,
1017,SUCRE,LAGUNILLAS,ESCUELA,20000,21000,,,,,,,,,,,,,,,,,,,,,,,,,ESCUELA SAN PABLO,ANGEL IGNACIO GUILLEN,OD09411420,,,140843,ESTADAL,,,,,,0,0,0,0,3,3,0,3,3,9,13,22,0,0,0,0,0,0,0,0,0,0,0,0,25,0,1,2,,,0,0,"{""preescolar"":{""U"":3}}"
1018,SUCRE,LAGUNILLAS,ESCUELA,20000,21000,,,,,,,,,,,,,,,,,,,,,,,,,CASES,CASES,OD14631420,,,140885,ESTADAL,,,,,,0,0,0,6,3,9,6,3,9,20,9,29,0,0,0,0,0,0,0,0,0,0,0,0,38,0,1,6,,,0,0,
1019,SUCRE,LAGUNILLAS,ESCUELA,20000,21000,,,,,,,,,,,,,,,,,,,,,,,,,FERMIN TORO,FERMIN TORO,OD01421420,,,140897,ESTADAL,,,,,,0,0,0,22,22,44,22,22,44,87,103,190,0,0,0,0,0,0,0,0,0,0,0,0,234,0,3,12,,,0,0,
1020,SUCRE,PUEBLO NUEVO,ESCUELA,20000,21000,,,,,,,,,,,,,,,,,,,,,,,,,ESCUELA ESTADAL HORCAZ,VICENTE GAUDENCIO GUILLEN GUILLEN,OD01321420,,,140891,ESTADAL,,,,,,0,0,0,1,3,4,1,3,4,3,11,14,0,0,0,0,0,0,0,0,0,0,0,0,18,0,1,4,,,0,0,
1021,SUCRE,PUEBLO NUEVO,ESCUELA,20000,21000,,,,,,,,,,,,,,,,,,,,,,,,,ESCUELA ESTADAL MUCUSUS,RITA DE CASIA,OD04991420,,,140849,ESTADAL,,,,,,0,0,0,1,0,1,1,0,1,3,6,9,0,0,0,0,0,0,0,0,0,0,0,0,10,0,1,1,,,0,0,
1022,SUCRE,PUEBLO NUEVO,ESCUELA,,21000,,,,,,,,,,,,,,,,,,,,,,,,,ESCUELA ESTADAL TUCO,ASUNCION SOSA CONTRERAS,OD04951420,,,140848,ESTADAL,,,,,,0,0,0,0,0,0,0,0,0,2,3,5,0,0,0,0,0,0,0,0,0,0,0,0,5,0,0,1,,,0,0,
1023,SUCRE,PUEBLO NUEVO,ESCUELA,,21000,,,,,,,,,,,,,,,,,,,,,,,,,ESCUELA ESTADAL EL CANEY,MARÍA SANTOS ROJAS,OD05001420,,,141850,ESTADAL,,,,,,0,0,0,0,0,0,0,0,0,3,1,4,0,0,0,0,0,0,0,0,0,0,0,0,4,0,0,1,,,0,0,
1024,SUCRE,PUEBLO NUEVO,ESCUELA,20000,21000,,,,,,,,,,,,,,,,,,,,,,,,,ESCUELA ESTADAL PUENTE VIEJO,LUCINDA MARQUEZ DE OSUNA,OD14661420,,,141150,ESTADAL,,,,,,0,0,0,7,5,12,7,5,12,13,13,26,0,0,0,0,0,0,0,0,0,0,0,0,38,0,1,6,,,0,0,
1025,SUCRE,PUEBLO NUEVO,COMPLEJO EDUCATIVO,20000,21000,31059,,CIENCIAS,,,,,,,,,,,,,,,,,,,,,,ESCUELA MUTABUTE,SIMÓN FERNÁNDEZ,OD04901420,,,140890,ESTADAL,,,,,,0,0,0,1,9,10,1,9,10,17,15,32,12,4,16,0,0,0,0,0,0,0,0,0,58,0,1,1,,,0,0,
1026,SUCRE,PUEBLO NUEVO,CENTRO DE EDUCACION INCIAL,20000,,,,,,,,,,,,,,,,,,,,,,,,,,C.E.I SIMONCITO CACIQUE GUAICAIPURO,CACIQUE GUAICAIPURO,OD17091420,,,142121,ESTADAL,,,,,,1,1,2,6,5,11,7,6,13,0,0,0,0,0,0,0,0,0,0,0,0,0,0,0,13,1,1,0,,,0,0,
1027,SUCRE,PUEBLO NUEVO,ESCUELA,20000,21000,,,,,,,,,,,,,,,,,,,,,,,,,ESCUELA ESTADAL LA OVEJERA,OLINTO FERNÁNDEZ ALBORNOZ,OD04931420,,,140847,ESTADAL,,,,,,0,0,0,1,2,3,1,2,3,5,4,9,0,0,0,0,0,0,0,0,0,0,0,0,12,0,0,0,,,0,0,
1028,SUCRE,PUEBLO NUEVO,ESCUELA,20000,21000,,,,,,,,,,,,,,,,,,,,,,,,,EE MOCHABA,AURORA MARQUEZ,OD04961420,,,140851,ESTADAL,,,,,,0,0,0,2,2,4,2,2,4,11,11,22,0,0,0,0,0,0,0,0,0,0,0,0,26,0,1,1,,,0,0,
1029,SUCRE,PUEBLO NUEVO,ESCUELA,20000,21000,,,,,,,,,,,,,,,,,,,,,,,,,ESCUELA ESTADAL LA JOYA,BENITO DE PALERMO,OD04981420,,,141623,ESTADAL,,,,,,0,0,0,0,0,0,0,0,0,5,6,11,0,0,0,0,0,0,0,0,0,0,0,0,11,0,0,2,,,0,0,
1030,SUCRE,PUEBLO NUEVO,ESCUELA,20000,21000,,,,,,,,,,,,,,,,,,,,,,,,,U.E.ELVA MÉNDEZ,ELVA MÉNDEZ,OD04941420,,,140853,ESTADAL,,,,,,0,0,0,2,0,2,2,0,2,9,10,19,0,0,0,0,0,0,0,0,0,0,0,0,21,0,1,6,,,0,0,"{""primaria"":{""5U"":4,""6U"":3,""4U"":6}}"
1031,SUCRE,PUEBLO NUEVO,COMPLEJO EDUCATIVO,20000,21000,31059,,CIENCIAS,,,,,,,,,,,,,,,,,,,,,,C.E OSCAR ENRIQUE ROJAS,OSCAR ENRIQUE ROJAS,OD17461420,,,140853,ESTADAL,,,,,,0,0,0,0,0,0,0,0,0,3,5,8,17,3,20,0,0,0,0,0,0,0,0,0,28,0,0,1,,,0,0,
1032,SUCRE,PUEBLO NUEVO,COMPLEJO EDUCATIVO,20000,21000,31059,,CIENCIAS,,,,,,,,,,,,,,,,,,,,,,C.E.  RINCON DEL VERDAL,JOSE HONORIO MOLINA ZERPA,OD04911420,,,140830,ESTADAL,,,,,,0,0,0,1,2,3,1,2,3,11,13,24,5,8,13,0,0,0,0,0,0,0,0,0,40,0,1,2,,,0,0,"{""primaria"":{""2U"":24}}"
1033,SUCRE,PUEBLO NUEVO,COMPLEJO EDUCATIVO,20000,21000,31059,,CIENCIAS,,,,,,,,,,,,,,,,,,,,,,COMPLEJO EDUCATIVO RINCON DEL PALMAR,LUIS ENRIQUE CONTRERAS MORA,OD04971420,,,140839,ESTADAL,,,,,,0,0,0,4,1,5,4,1,5,20,13,33,15,0,15,0,0,0,0,0,0,0,0,0,53,0,1,6,,,0,0,"{""primaria"":{""3U"":6,""4U"":2}}"
1034,SUCRE,SAN JUAN,ESCUELA,20000,21000,,,,,,,,,,,,,,,,,,,,,,,,,ESCUELAOBISPO ARIAS,VICENTE EMILIO SOJO,OD01431420,,,140883,ESTADAL,,,,,,0,0,0,29,20,49,29,20,49,119,128,247,0,0,0,0,0,0,0,0,0,0,0,0,296,0,2,12,,,0,0,
1035,SUCRE,SAN JUAN,ESCUELA,20000,21000,,,,,,,,,,,,,,,,,,,,,,,,,ESCUELA ESTADAL LOS LLANITOS,SIMON RODRIGUEZ,OD14391420,,,140825,ESTADAL,,,,,,0,0,0,3,5,8,3,5,8,6,13,19,0,0,0,0,0,0,0,0,0,0,0,0,27,0,1,6,,,0,0,
1036,SUCRE,SAN JUAN,COMPLEJO EDUCATIVO,20000,21000,31059,,CIENCIAS,,,,,,,,,,,,,,,,,,,,,,ESCUELA ESTADAL FRANCISCO DE MIRANDA,FRANCISCO DE MIRANDA,OD14731420,,,141409,ESTADAL,,,,,,0,0,0,23,20,43,23,20,43,78,82,160,39,29,68,0,0,0,0,0,0,0,0,0,271,0,2,6,,,0,0,
1037,SUCRE,SAN JUAN,ESCUELA,20000,21000,,,,,,,,,,,,,,,,,,,,,,,,,ESCUELA MOCOLLON,ANA MARIA CAMPOS,OD14621420,,,140822,ESTADAL,,,,,,0,0,0,19,16,35,19,16,35,37,57,94,0,0,0,0,0,0,0,0,0,0,0,0,129,0,2,6,,,0,0,
1038,SUCRE,SAN JUAN,ESCUELA,,21000,,,,,,,,,,,,,,,,,,,,,,,,,ESCUELA CHICHUY ANEXO EL CUMBE,JOSÉ ANALIO DÁVILA DÁVILA,OD14371420,,,140822,ESTADAL,,,,,,0,0,0,0,0,0,0,0,0,4,4,8,0,0,0,0,0,0,0,0,0,0,0,0,8,0,0,6,,,0,0,
1039,TOVAR,EL AMPARO,ESCUELA,20000,21000,,,,,,,,,,,,,,,,,,,,,,,,,MARIDO TOVAR,ARTURO ALARCON,OD05111421,6589677,,141199,NACIONAL,,,,,,0,0,0,3,1,4,3,1,4,15,11,26,0,0,0,0,0,0,0,0,0,0,0,0,30,0,1,6,,,0,0,
1040,TOVAR,EL AMPARO,TECNICA,,,41052,AGROPECUARIA,TECNOLOGÍA DE LOS ALIMENTOS,46067,ECONOMÍA SOCIAL,ADMINISTRACIÓN,,,,,,,,,,,,,,,,,,,GENOVEBA MONTERO DE V,GENOVEBA MONTERO DE V,OD15841421,5652027,,142018,NACIONAL,,,,,,0,0,0,0,0,0,0,0,0,0,0,0,0,0,0,80,80,160,0,0,0,0,0,0,160,0,0,0,,,0,0,
1041,TOVAR,EL AMPARO,ESCUELA,20000,21000,,,,,,,,,,,,,,,,,,,,,,,,,JUAN PICON GONZALEZ,JUAN PICON GONZALEZ,OD02221421,6565380,4105700,140934,NACIONAL,,,,,,0,0,0,27,21,48,27,21,48,46,76,122,0,0,0,0,0,0,0,0,0,0,0,0,170,0,3,7,,,0,0,
1042,TOVAR,EL AMPARO,ESCUELA,,21000,,,,,,,,,,,,,,,,,,,,,,,,,MONSEÑOR MORENO,MONSEÑOR MORENO,OD02281421,6566545,,140937,NACIONAL,,,,,,0,0,0,0,0,0,0,0,0,26,3,29,0,0,0,0,0,0,0,0,0,0,0,0,29,0,0,6,,,0,0,
1043,TOVAR,EL AMPARO,ESCUELA,20000,21000,,,,,,,,,,,,,,,,,,,,,,,,,NER 559,EULALIO ZAMBRANO,OD05061421,6970559,,140909,NACIONAL,,,,,,0,0,0,0,0,0,0,0,0,2,2,4,0,0,0,0,0,0,0,0,0,0,0,0,4,0,0,6,,,0,0,
1044,TOVAR,EL LLANO,ESCUELA,20000,21000,,,,,,,,,,,,,,,,,,,,,,,,,JACINTO MORA,JACINTO MORA,OD01901421,6564788,,140936,NACIONAL,,,,,,8,16,24,13,11,24,21,27,48,52,58,110,0,0,0,0,0,0,0,0,0,0,0,0,158,3,3,6,,,0,0,
1045,TOVAR,EL LLANO,LICEO,,,31059,,CIENCIAS,31060,,CIENCIA Y TECNOLOGIA,,,,,,,,,,,,,,,,,,,EZEQUIEL ZAMORA,EZEQUIEL ZAMORA,OD17051421,7950783,,142113,NACIONAL,,,,,,0,0,0,0,0,0,0,0,0,0,0,0,210,270,480,0,0,0,0,0,0,0,0,0,480,0,0,0,,,0,0,
1046,TOVAR,EL LLANO,LICEO,,,31059,,CIENCIAS,,,,,,,,,,,,,,,,,,,,,,LN.FELIX ROMAN DUQUE,ALI HERNANDEZ,S0271N1421,7913325,,141568,NACIONAL,,,,,,0,0,0,0,0,0,0,0,0,0,0,0,33,30,63,0,0,0,0,0,0,0,0,0,63,0,0,0,,,0,0,
1047,TOVAR,EL LLANO,ESCUELA,,21000,,,,,,,,,,,,,,,,,,,,,,,,,ESC AMANIAS AVENDAÑO,MARÍA YOLANDA PERNIA,S2959D1421,6561453,,140917,NACIONAL,,,,,,0,0,0,0,0,0,0,0,0,242,347,589,0,0,0,0,0,0,0,0,0,0,0,0,589,0,0,24,,,0,0,
1048,TOVAR,EL LLANO,LICEO,,,31059,,CIENCIAS,31060,,CIENCIA Y TECNOLOGIA,,,,,,,,,,,,,,,,,,,FÉLIX ROMÁN DUQUE,FÉLIX ROMÁN DUQUE,S0271D1421,7913328,,141168,NACIONAL,,,,,,0,0,0,0,0,0,0,0,0,0,0,0,217,259,476,0,0,0,0,0,0,0,0,0,476,0,0,0,,,0,0,
1049,TOVAR,EL LLANO,LICEO,,,31059,,CIENCIAS,31060,,CIENCIA Y TECNOLOGIA,,,,,,,,,,,,,,,,,,,JOSE NUCETE SARDI,JOSE NUCETE SARDI,S1067D1421,7918830,,140933,NACIONAL,,,,,,0,0,0,0,0,0,0,0,0,0,0,0,182,247,429,0,0,0,0,0,0,0,0,0,429,0,0,0,,,0,0,
1050,TOVAR,EL LLANO,PREESCOLAR,20000,,,,,,,,,,,,,,,,,,,,,,,,,,J.I ANANIAS AVENDAÑO,SAN JOSE,OD02021421,4100410,,140906,NACIONAL,,,,,,0,0,0,71,97,168,71,97,168,0,0,0,0,0,0,0,0,0,0,0,0,0,0,0,168,0,8,0,,,0,0,
1051,TOVAR,EL LLANO,INSTITUTO DE EDUCACION ESPECIAL,,,,,,,,,,,,,,,,,,,,,,,,,,,JESUS ALVEIRO BUSTAMANTE RAMIREZ,JESUS ALVEIRO BUSTAMANTE RAMIREZ,OD02161421,6417138,,141342,NACIONAL,,,,,,0,0,0,0,0,0,0,0,0,0,0,0,0,0,0,0,0,0,0,0,0,0,0,0,0,0,0,0,,,0,0,
1052,TOVAR,EL LLANO,PARA EL EMPRENDIMIENTO,,,,,,,,,,,,,,,,,,,,,,,,,,,CIUDAD TOVAR,CIUDAD TOVAR,ON14941421,6392660,,141330,NACIONAL,,,,,,0,0,0,0,0,0,0,0,0,0,0,0,0,0,0,0,0,0,0,0,0,0,0,0,0,0,0,0,,,0,0,
1053,TOVAR,SAN FRANCISCO,LICEO,,,31059,,CIENCIAS,,,,,,,,,,,,,,,,,,,,,,LICEO BOLIVARIANO SAN FRANCISCO I,HERMINIO GUERRERO,OD15321421,7950918,,141909,NACIONAL,,,,,,0,0,0,0,0,0,0,0,0,0,0,0,49,39,88,0,0,0,0,0,0,0,0,0,88,0,0,0,,,0,0,
1054,TOVAR,SAN FRANCISCO,ESCUELA,20000,21000,,,,,,,,,,,,,,,,,,,,,,,,,ESC.SAN FRANCISCO,ESC.SAN FRANCISCO,OD00191421,6568029,,140938,NACIONAL,,,,,,4,6,10,16,26,42,20,32,52,61,72,133,0,0,0,0,0,0,0,0,0,0,0,0,185,1,3,7,,,0,0,
1055,TOVAR,SAN FRANCISCO,ESCUELA,20000,21000,,,,,,,,,,,,,,,,,,,,,,,,,NER 559,ANA RITA GUILLEN DE QUIÑONES,OD09771421,6970559,,141854,NACIONAL,,,,,,0,0,0,6,3,9,6,3,9,22,13,35,0,0,0,0,0,0,0,0,0,0,0,0,44,0,3,6,,,0,0,
1056,TOVAR,TOVAR,PREESCOLAR,20000,,,,,,,,,,,,,,,,,,,,,,,,,,JI MERCEDES ELENA CORDERO DE G,MILAGRO CHIQUINQUIRA QUIÑONES,OD14881421,4106992,,140922,NACIONAL,,,,,,0,0,0,8,12,20,8,12,20,0,0,0,0,0,0,0,0,0,0,0,0,0,0,0,20,0,3,0,,,0,0,
1057,TOVAR,TOVAR,PREESCOLAR,20000,,,,,,,,,,,,,,,,,,,,,,,,,,JI CORONEL ANTONIO RANGEL,JOSE MARIA MENDEZ,OD14961421,4101340,,141716,NACIONAL,,,,,,0,0,0,2,10,12,2,10,12,0,0,0,0,0,0,0,0,0,0,0,0,0,0,0,12,0,2,0,,,0,0,
1058,TOVAR,TOVAR,PREESCOLAR,20000,,,,,,,,,,,,,,,,,,,,,,,,,,JI CORONEL ANTONIO RANGEL,CARMEN DELIA BENCOMO,OD02001421,4101340,,140920,NACIONAL,,,,,,0,0,0,34,40,74,34,40,74,0,0,0,0,0,0,0,0,0,0,0,0,0,0,0,74,0,6,0,,,0,0,
1059,TOVAR,TOVAR,PREESCOLAR,20000,,,,,,,,,,,,,,,,,,,,,,,,,,JIB CLAUDIO VIVAS,MARIA SIMONA CORREDOR,OD01891421,4102150,,140921,NACIONAL,,,,,,0,0,0,39,38,77,39,38,77,0,0,0,0,0,0,0,0,0,0,0,0,0,0,0,77,0,4,0,,,0,0,
1060,TOVAR,TOVAR,ESCUELA,,21000,,,,,,,,,,,,,,,,,,,,,,,,,CORONEL ANTONIO RANGEL,CORONEL ANTONIO RANGEL,OD02051421,6733050,,140927,NACIONAL,,,,,,0,0,0,0,0,0,0,0,0,181,217,398,0,0,0,0,0,0,0,0,0,0,0,0,398,0,0,18,,,0,0,
1061,TOVAR,TOVAR,ESCUELA,,21000,,,,,,,,,,,,,,,,,,,,,,,,,CLAUDIO VIVAS,CLAUDIO VIVAS,OD02031421,6733000,,141361,NACIONAL,,,,,,0,0,0,0,0,0,0,0,0,160,174,334,0,0,0,0,0,0,0,0,0,0,0,0,334,0,0,17,,,0,0,
1062,TOVAR,TOVAR,PREESCOLAR,20000,,,,,,,,,,,,,,,,,,,,,,,,,,CEI TOVAR,MARTIN TOVAR Y TOVAR,OD14891421,4170500,,140923,NACIONAL,,,,,,6,7,13,22,19,41,28,26,54,0,0,0,0,0,0,0,0,0,0,0,0,0,0,0,54,2,3,0,,,0,0,
1063,TOVAR,TOVAR,PREESCOLAR,20000,,,,,,,,,,,,,,,,,,,,,,,,,,FUNDACION NACIONAL EL NIÑO SIMON,MARIA ANASTASIA PERON,OD17381421,6590694,,142166,NACIONAL,,,,,,7,4,11,6,8,14,13,12,25,0,0,0,0,0,0,0,0,0,0,0,0,0,0,0,25,2,3,0,,,0,0,
1064,TOVAR,TOVAR,ESCUELA,20000,21000,,,,,,,,,,,,,,,,,,,,,,,,,E B SILOE,JOSE RAMON MARQUEZ,OD05101421,6589678,,141441,NACIONAL,,,,,,0,0,0,1,2,3,1,2,3,13,5,18,0,0,0,0,0,0,0,0,0,0,0,0,21,0,2,6,,,0,0,
1065,TOVAR,TOVAR,CENTRO DE EDUCACION INCIAL,20000,,,,,,,,,,,,,,,,,,,,,,,,,,FUNDACION NACIONAL EL NIÑO SIMON,LUZ MARINA CALDERON,OD17361421,6590694,,142167,NACIONAL,,,,,,23,30,53,0,0,0,23,30,53,0,0,0,0,0,0,0,0,0,0,0,0,0,0,0,53,3,0,0,,,0,0,
1066,TOVAR,TOVAR,ESCUELA,20000,21000,,,,,,,,,,,,,,,,,,,,,,,,,E B PATA DE GALLINA,LUIS ALBERTO FLORES,OD05121421,6589680,,140944,NACIONAL,,,,,,0,0,0,4,3,7,4,3,7,13,12,25,0,0,0,0,0,0,0,0,0,0,0,0,32,0,3,6,,,0,0,
1067,TOVAR,TOVAR,PREESCOLAR,20000,,,,,,,,,,,,,,,,,,,,,,,,,,MERCEDES ELENA CORDERO DE G,MERCEDES ELENA CORDERO DE G,OD02151421,4106992,,140924,NACIONAL,,,,,,0,0,0,19,15,34,19,15,34,0,0,0,0,0,0,0,0,0,0,0,0,0,0,0,34,0,4,0,,,0,0,
1068,TOVAR,TOVAR,ESCUELA,20000,21000,,,,,,,,,,,,,,,,,,,,,,,,,NER 559,JOSE RODRIGO CONTRERAS ESCALONA,OD05051421,6970559,,140912,NACIONAL,,,,,,0,0,0,1,2,3,1,2,3,9,7,16,0,0,0,0,0,0,0,0,0,0,0,0,19,0,3,6,,,0,0,
1069,TOVAR,TOVAR,ESCUELA,20000,21000,,,,,,,,,,,,,,,,,,,,,,,,,NER 559,SAN ISIDRO,OD05091421,6970559,,140947,NACIONAL,,,,,,0,0,0,0,0,0,0,0,0,2,2,4,0,0,0,0,0,0,0,0,0,0,0,0,4,0,0,6,,,0,0,
1070,TOVAR,TOVAR,ESCUELA,20000,21000,,,,,,,,,,,,,,,,,,,,,,,,,NER 559,SAN PEDRO,OD05071421,6970559,,141438,NACIONAL,,,,,,0,0,0,3,5,8,3,5,8,25,19,44,0,0,0,0,0,0,0,0,0,0,0,0,52,0,3,6,,,0,0,
1071,TOVAR,TOVAR,ESCUELA,20000,21000,,,,,,,,,,,,,,,,,,,,,,,,,NER 559,SANTA JUANA,OD05081421,6970559,,141439,NACIONAL,,,,,,1,0,1,5,6,11,6,6,12,7,20,27,0,0,0,0,0,0,0,0,0,0,0,0,39,3,3,6,,,0,0,
1072,TOVAR,TOVAR,ESCUELA,20000,21000,,,,,,,,,,,,,,,,,,,,,,,,,ESC- EL PE/ON,JOSE ABRAHAN HERNANDEZ,OD02841421,6563658,,140940,NACIONAL,,,,,,3,4,7,13,16,29,16,20,36,54,46,100,0,0,0,0,0,0,0,0,0,0,0,0,136,1,2,6,,,0,0,
1073,TOVAR,EL AMPARO,ESCUELA,20000,21000,,,,,,,,,,,,,,,,,,,,,,,,,NER 017,JUSTO MANSILLA DURÁN,OD05161421,,,141180,ESTADAL,,,,,,0,0,0,0,0,0,0,0,0,0,0,0,0,0,0,0,0,0,0,0,0,0,0,0,0,0,0,0,,,0,0,
1074,TOVAR,EL LLANO,ESCUELA,20000,21000,,,,,,,,,,,,,,,,,,,,,,,,,NER 068,ARGIMIRO MOLINA MENDEZ,OD09761421,,,140941,ESTADAL,,,,,,0,0,0,4,3,7,4,3,7,10,15,25,0,0,0,0,0,0,0,0,0,0,0,0,32,0,3,6,,,0,0,
1075,TOVAR,EL LLANO,ESCUELA,20000,21000,,,,,,,,,,,,,,,,,,,,,,,,,SIMON RODRIGUEZ,SIMON RODRIGUEZ,OD17371421,,,142144,ESTADAL,,,,,,0,0,0,3,7,10,3,7,10,22,26,48,0,0,0,0,0,0,0,0,0,0,0,0,58,0,2,8,,,0,0,
1076,TOVAR,EL LLANO,ESCUELA,20000,21000,,,,,,,,,,,,,,,,,,,,,,,,,MATIAS CODINA,MATIAS CODINA,OD02911421,,,140935,ESTADAL,,,,,,0,0,0,13,12,25,13,12,25,64,70,134,0,0,0,0,0,0,0,0,0,0,0,0,159,0,2,6,,,0,0,
1077,TOVAR,TOVAR,ESCUELA,20000,21000,,,,,,,,,,,,,,,,,,,,,,,,,NER 015,JOSE AMENODORO ARAQUE,OD09691421,,,140918,ESTADAL,,,,,,0,0,0,1,2,3,1,2,3,8,2,10,0,0,0,0,0,0,0,0,0,0,0,0,13,0,1,2,,,0,0,
1078,TOVAR,TOVAR,ESCUELA,20000,21000,,,,,,,,,,,,,,,,,,,,,,,,,NER 068 LOMA DE LA VIRGEN,ASUNCION MARQUEZ,OD09741421,,,140931,ESTADAL,,,,,,0,0,0,2,2,4,2,2,4,17,27,44,0,0,0,0,0,0,0,0,0,0,0,0,48,0,3,6,,,0,0,
1079,TOVAR,TOVAR,ESCUELA,20000,21000,,,,,,,,,,,,,,,,,,,,,,,,,NER 017,JOSEPH HUBERT,OD01911421,,,141666,ESTADAL,,,,,,0,0,0,2,2,4,2,2,4,10,12,22,0,0,0,0,0,0,0,0,0,0,0,0,26,0,1,3,,,0,0,
1080,TOVAR,TOVAR,ESCUELA,20000,21000,,,,,,,,,,,,,,,,,,,,,,,,,NER 017,SANTA INÉS,OD05171421,,,140928,ESTADAL,,,,,,0,0,0,0,1,1,0,1,1,1,1,2,0,0,0,0,0,0,0,0,0,0,0,0,3,0,1,2,,,0,0,
1081,TOVAR,TOVAR,ESCUELA,20000,21000,,,,,,,,,,,,,,,,,,,,,,,,,NER 015,CIRO RAMIREZ,OD02081421,,,141171,ESTADAL,,,,,,0,0,0,2,1,3,2,1,3,14,8,22,0,0,0,0,0,0,0,0,0,0,0,0,25,0,1,2,,,0,0,
1082,TOVAR,TOVAR,ESCUELA,20000,21000,,,,,,,,,,,,,,,,,,,,,,,,,NER 015,EMERENCIANA MÁRQUEZ DE CONTRERAS,OD09711421,,,140930,ESTADAL,,,,,,0,0,0,0,1,1,0,1,1,4,6,10,0,0,0,0,0,0,0,0,0,0,0,0,11,0,1,1,,,0,0,
1083,TOVAR,TOVAR,ESCUELA,20000,21000,,,,,,,,,,,,,,,,,,,,,,,,,NER 015,OBDULIA JAIMES DE MEDINA,OD09721421,,,141179,ESTADAL,,,,,,0,0,0,0,0,0,0,0,0,1,1,2,0,0,0,0,0,0,0,0,0,0,0,0,2,0,0,1,,,0,0,
1084,TOVAR,TOVAR,ESCUELA,20000,21000,,,,,,,,,,,,,,,,,,,,,,,,,NER 068,MARIA JESUS UZCATEGUI,OD09751421,,,141197,ESTADAL,,,,,,0,0,0,4,2,6,4,2,6,3,5,8,0,0,0,0,0,0,0,0,0,0,0,0,14,0,3,5,,,0,0,
1085,TOVAR,TOVAR,ESCUELA,20000,21000,,,,,,,,,,,,,,,,,,,,,,,,,EL PARADERO,MARÍA LUISA CÁCERES DÍAZ,OD09681421,,,141173,ESTADAL,,,,,,0,0,0,1,0,1,1,0,1,0,0,0,0,0,0,0,0,0,0,0,0,0,0,0,1,0,1,0,,,0,0,
1086,TOVAR,TOVAR,ESCUELA,20000,21000,,,,,,,,,,,,,,,,,,,,,,,,,DON TOMAS LABRADOR RAMIREZ,DON TOMAS LABRADOR RAMIREZ,OD02201421,,,140942,ESTADAL,,,,,,9,4,13,6,6,12,15,10,25,62,61,123,0,0,0,0,0,0,0,0,0,0,0,0,148,2,3,6,,,0,0,
1087,TOVAR,TOVAR,ESCUELA,20000,21000,,,,,,,,,,,,,,,,,,,,,,,,,LEONOR DE LA GUERRA,LEONOR DE LA GUERRA,OD09661421,,,141192,ESTADAL,,,,,,0,0,0,2,6,8,2,6,8,21,26,47,0,0,0,0,0,0,0,0,0,0,0,0,55,0,1,6,,,0,0,
1088,TOVAR,TOVAR,ESCUELA,20000,21000,,,,,,,,,,,,,,,,,,,,,,,,,LUIS ANTONIO HERNÁNDEZ,LUIS ANTONIO HERNÁNDEZ,OD09671421,,,140929,ESTADAL,,,,,,0,0,0,9,5,14,9,5,14,18,18,36,0,0,0,0,0,0,0,0,0,0,0,0,50,0,1,6,,,0,0,
1089,TOVAR,TOVAR,TALLER DE EDUCACION LABORAL,,,,,,,,,,,,,,,,,,,,,,,,,,,JUAN EDUARDO RAMIREZ ROA,JUAN EDUARDO RAMIREZ ROA,OD17391421,,,142145,ESTADAL,,,,,,0,0,0,0,0,0,0,0,0,0,0,0,0,0,0,0,0,0,0,0,0,0,0,0,0,0,0,0,,,0,0,
1090,TOVAR,TOVAR,ESCUELA PARA EL EMPRENDIMIENTO,,,,,,,,,,,,,,,,,,,,,,,,,,,ANA JULIA CONTRERAS DE RODRIGUEZ,ANA JULIA CONTRERAS DE RODRIGUEZ,ON15001421,,,141880,ESTADAL,,,,,,0,0,0,0,0,0,0,0,0,0,0,0,0,0,0,0,0,0,0,0,0,0,0,0,0,0,0,0,,,0,0,
1091,TOVAR,TOVAR,ESCUELA,20000,21000,,,,,,,,,,,,,,,,,,,,,,,,,MONSEÑOR CHACON,MONSEÑOR CHACON,OD02821421,,,140939,ESTADAL,,,,,,0,0,0,19,19,38,19,19,38,85,125,210,0,0,0,0,0,0,0,0,0,0,0,0,248,0,2,14,,,0,0,
1092,TOVAR,TOVAR,ESCUELA,20000,21000,,,,,,,,,,,,,,,,,,,,,,,,,SANTA BÁRBARA,SANTA BÁRBARA,OD09731421,,,141174,ESTADAL,,,,,,0,0,0,2,1,3,2,1,3,7,8,15,0,0,0,0,0,0,0,0,0,0,0,0,18,0,1,6,,,0,0,
1093,TOVAR,TOVAR,ESCUELA PARA EL EMPRENDIMIENTO,,,,,,,,,,,,,,,,,,,,,,,,,,,NOHEMI HIGUERA DE GUZMAN,NOHEMI HIGUERA DE GUZMAN,ON14981421,,,141878,ESTADAL,,,,,,0,0,0,0,0,0,0,0,0,0,0,0,0,0,0,0,0,0,0,0,0,0,0,0,0,0,0,0,,,0,0,
1094,TULIO FEBRES,INDEPENDENCIA,ESCUELA,20000,21000,,,,,,,,,,,,,,,,,,,,,,,,,ESC-MIGUEL MARIA CANDALES,MARIA ROSARIO NAVA,OD17361422,6566450,,142234,NACIONAL,,,,,,0,0,0,8,5,13,8,5,13,42,53,95,0,0,0,0,0,0,0,0,0,0,0,0,108,0,2,12,,,0,0,
1095,TULIO FEBRES,INDEPENDENCIA,COMPLEJO EDUCATIVO,20000,21000,31059,,CIENCIAS,46071,ECONOMÍA SOCIAL,TURISMO,,,,,,,,,,,,,,,,,,,LB INDEPENDENCIA,SAMUEL ROBINSON,OD16941422,7950743,,142108,NACIONAL,,,,,,0,0,0,0,0,0,0,0,0,0,0,0,233,241,474,15,22,37,0,0,0,0,0,0,511,0,0,0,,,0,0,
1096,TULIO FEBRES,INDEPENDENCIA,COMPLEJO EDUCATIVO,20000,21000,31059,,CIENCIAS,,,,,,,,,,,,,,,,,,,,,,NER-NUC ESC RURAL N 337,TOMAS MONTILLA DIAZ,OD04031422,6970337,,141614,NACIONAL,,,,,,6,3,9,16,12,28,22,15,37,79,77,156,75,50,125,0,0,0,0,0,0,0,0,0,318,2,2,6,,,0,0,
1097,TULIO FEBRES,INDEPENDENCIA,ESCUELA,20000,21000,,,,,,,,,,,,,,,,,,,,,,,,,ESC - PALMARITO,CAYETANO CARREÑO,OD01041422,6567081,,141210,NACIONAL,,,,,,1,3,4,34,25,59,35,28,63,108,111,219,0,0,0,0,0,0,0,0,0,0,0,0,282,1,3,12,,,0,0,
1098,TULIO FEBRES,INDEPENDENCIA,ESCUELA,20000,21000,,,,,,,,,,,,,,,,,,,,,,,,,U.E.B. RURALES EL QUEBRADON,CONCEPCIÓN MARIÑO,OD04071422,6590585,,141735,NACIONAL,,,,,,3,4,7,6,4,10,9,8,17,35,37,72,0,0,0,0,0,0,0,0,0,0,0,0,89,1,1,6,,,0,0,
1099,TULIO FEBRES,INDEPENDENCIA,ESCUELA,20000,21000,,,,,,,,,,,,,,,,,,,,,,,,,UENB HIPOLITA BOLIVAR,HIPOLITA BOLIVAR,OD04061422,6590587,,140969,NACIONAL,,,,,,3,4,7,3,8,11,6,12,18,13,28,41,0,0,0,0,0,0,0,0,0,0,0,0,59,1,1,6,,,0,0,
1100,TULIO FEBRES,INDEPENDENCIA,ESCUELA,20000,21000,,,,,,,,,,,,,,,,,,,,,,,,,UENB EL QUEBRADON,LUIS BIGOT,OD04081422,6590586,,140970,NACIONAL,,,,,,4,0,4,17,14,31,21,14,35,38,48,86,0,0,0,0,0,0,0,0,0,0,0,0,121,1,2,6,,,0,0,"{""primaria"":{""1U"":21,""2U"":12,""6U"":11,""4U"":12,""3U"":16,""5U"":13}}"
1101,TULIO FEBRES,INDEPENDENCIA,ESCUELA,20000,21000,,,,,,,,,,,,,,,,,,,,,,,,,MIGUEL MARIA CANDALES,MIGUEL MARIA CANDALES,OD00921422,6566450,,140991,NACIONAL,,,,,,0,0,0,17,24,41,17,24,41,177,175,352,0,0,0,0,0,0,0,0,0,0,0,0,393,0,2,16,,,0,0,
1102,TULIO FEBRES,INDEPENDENCIA,ESCUELA,20000,21000,,,,,,,,,,,,,,,,,,,,,,,,,UENB VICENTE SALIAS,VICENTE SALIAS,OD00951422,6590588,,140988,NACIONAL,,,,,,8,9,17,14,14,28,22,23,45,60,69,129,0,0,0,0,0,0,0,0,0,0,0,0,174,1,2,6,,,0,0,
1103,TULIO FEBRES,INDEPENDENCIA,LICEO,,,31059,,CIENCIAS,,,,,,,,,,,,,,,,,,,,,,SAN BENITO DE PALERMO,SAN BENITO DE PALERMO,OD17341422,7950841,,142165,NACIONAL,,,,,,0,0,0,0,0,0,0,0,0,0,0,0,65,56,121,0,0,0,0,0,0,0,0,0,121,0,0,0,,,0,0,
1104,TULIO FEBRES,MARÍA CONCEPCION PALACIOS Y BLANCO,COMPLEJO EDUCATIVO,20000,21000,31059,,CIENCIAS,,,,,,,,,,,,,,,,,,,,,,ESC-DORLISA GUERRA CAMPO,DORLISA GUERRA CAMPO ELIAS,S2257D1422,6563060,,140990,NACIONAL,,,,,,0,0,0,11,5,16,11,5,16,106,124,230,87,78,165,0,0,0,0,0,0,0,0,0,411,0,1,12,,,0,0,
1105,TULIO FEBRES,MARÍA CONCEPCION PALACIOS Y BLANCO,ESCUELA,20000,21000,,,,,,,,,,,,,,,,,,,,,,,,,NER-NUC ESC RURAL N 431,RAMONA ALDANA DE ARAUJO,OD01161422,6970431,,141455,NACIONAL,,,,,,0,0,0,11,10,21,11,10,21,43,53,96,0,0,0,0,0,0,0,0,0,0,0,0,117,0,1,6,,,0,0,
1106,TULIO FEBRES,MARÍA CONCEPCION PALACIOS Y BLANCO,COMPLEJO EDUCATIVO,20000,21000,31059,,CIENCIAS,,,,,,,,,,,,,,,,,,,,,,NER-NUC ESC RURAL N 431,JUAN BAUTISTA ARAUJO ARAUJO,OD04311422,6970431,,140983,NACIONAL,,,,,,0,0,0,6,9,15,6,9,15,25,14,39,18,20,38,0,0,0,0,0,0,0,0,0,92,0,2,6,,,0,0,
1107,TULIO FEBRES,MARÍA CONCEPCION PALACIOS Y BLANCO,ESCUELA,20000,21000,,,,,,,,,,,,,,,,,,,,,,,,,NER-NUC ESC RURAL N 431,SAN ROQUE,OD04321422,6970431,,141455,NACIONAL,,,,,,0,0,0,4,2,6,4,2,6,29,19,48,0,0,0,0,0,0,0,0,0,0,0,0,54,0,2,6,,,0,0,
1108,TULIO FEBRES,NUEVA BOLIVIA,COMPLEJO EDUCATIVO,20000,21000,31059,,CIENCIAS,,,,,,,,,,,,,,,,,,,,,,G E-NUEVA BOLIVIA,JUAN JOSE LANDAETA,OD00941422,6738085,,140975,NACIONAL,,,,,,0,0,0,0,0,0,0,0,0,290,289,579,274,235,509,0,0,0,0,0,0,0,0,0,1088,0,0,18,,,0,0,
1109,TULIO FEBRES,NUEVA BOLIVIA,COMPLEJO EDUCATIVO,20000,21000,,,,,,,,,,,,,,,,,,,,,,,,,NER-NUC ESC RURAL N 337,ARMANDO REVERON,OD01071422,6970337,,141612,NACIONAL,,,,,,4,6,10,19,20,39,23,26,49,92,88,180,0,0,0,0,0,0,0,0,0,0,0,0,229,2,2,6,,,0,0,
1110,TULIO FEBRES,NUEVA BOLIVIA,COMPLEJO EDUCATIVO,20000,21000,31059,,CIENCIAS,,,,,,,,,,,,,,,,,,,,,,LICEO HUMBERTO F MORAN,HUMBERTO FERNANDEZ MORAN,OD17371422,7951187,,142226,NACIONAL,,,,,,0,0,0,0,0,0,0,0,0,0,0,0,69,57,126,0,0,0,0,0,0,0,0,0,126,0,0,0,,,0,0,
1111,TULIO FEBRES,NUEVA BOLIVIA,COMPLEJO EDUCATIVO,20000,21000,31059,,CIENCIAS,,,,,,,,,,,,,,,,,,,,,,UEB PARCELAMIENTO LA MACARENA,JOSE RAFAEL FEBRES CORDERO,OD01031422,7950399,,141232,NACIONAL,,,,,,0,0,0,8,15,23,8,15,23,44,50,94,52,48,100,0,0,0,0,0,0,0,0,0,217,0,1,6,,,0,0,
1112,TULIO FEBRES,NUEVA BOLIVIA,ESCUELA,20000,21000,,,,,,,,,,,,,,,,,,,,,,,,,PBRO TOMAS AGUSTIN CASTELAO FERNANDEZ,TOMAS AGUSTIN CASTELAO FERNANDEZ,OD16101422,6589978,,142093,NACIONAL,,,,,,0,0,0,27,24,51,27,24,51,166,149,315,0,0,0,0,0,0,0,0,0,0,0,0,366,0,2,11,,,0,0,
1113,TULIO FEBRES,NUEVA BOLIVIA,INSTITUTO DE EDUCACION ESPECIAL,,,,,,,,,,,,,,,,,,,,,,,,,,,LAS HEROINAS,LAS HEROINAS,OD17351422,6590707,,142146,NACIONAL,,,,,,0,0,0,0,0,0,0,0,0,0,0,0,0,0,0,0,0,0,0,0,0,0,0,0,0,0,0,0,,,0,0,
1114,TULIO FEBRES,NUEVA BOLIVIA,LICEO,,,31059,,CIENCIAS,31060,,CIENCIA Y TECNOLOGIA,,,,,,,,,,,,,,,,,,,NER-NUC ESC RURAL N 337,FRANCISCO DE MIRANDA,OD17381422,6970337,,142243,NACIONAL,,,,,,0,0,0,0,0,0,0,0,0,0,0,0,44,54,98,0,0,0,0,0,0,0,0,0,98,0,0,0,,,0,0,
1115,TULIO FEBRES,NUEVA BOLIVIA,LICEO,,,31059,,CIENCIAS,,,,,,,,,,,,,,,,,,,,,,JOSE MANUEL BRICEÑO/ O MONSILLO,JOSE MANUEL BRICEÑO/ O MONSILLO,S1726D1422,7916893,,140996,NACIONAL,,,,,,0,0,0,0,0,0,0,0,0,0,0,0,244,263,507,0,0,0,0,0,0,0,0,0,507,0,0,0,,,0,0,
1116,TULIO FEBRES,NUEVA BOLIVIA,PREESCOLAR,20000,,,,,,,,,,,,,,,,,,,,,,,,,,JI NUEVA BOLIVIA,GABRIELA MISTRAL,OD01131422,4107445,,140953,NACIONAL,,,,,,6,6,12,75,63,138,81,69,150,0,0,0,0,0,0,0,0,0,0,0,0,0,0,0,150,1,5,0,,,0,0,
1117,TULIO FEBRES,NUEVA BOLIVIA,LICEO,,,31059,,CIENCIAS,,,,,,,,,,,,,,,,,,,,,,NER-NUC ESC RURAL N 431,MARIA ELENA MEJIA DE DULCEY,OD16711422,6970431,,142072,NACIONAL,,,,,,0,0,0,0,0,0,0,0,0,0,0,0,85,82,167,0,0,0,0,0,0,0,0,0,167,0,0,0,,,0,0,
1118,TULIO FEBRES,NUEVA BOLIVIA,ESCUELA,20000,21000,,,,,,,,,,,,,,,,,,,,,,,,,NER-NUC ESC RURAL N 431,MANUELA SAENZ VERGARA,OD05021422,6970431,,141858,NACIONAL,,,,,,0,0,0,2,3,5,2,3,5,13,12,25,0,0,0,0,0,0,0,0,0,0,0,0,30,0,1,5,,,0,0,
1119,TULIO FEBRES,NUEVA BOLIVIA,ESCUELA,20000,21000,,,,,,,,,,,,,,,,,,,,,,,,,MIGUEL ARISMENDI,MIGUEL ARISMENDI,OD00931422,6566427,,140895,NACIONAL,,,,,,1,0,1,25,25,50,26,25,51,107,127,234,0,0,0,0,0,0,0,0,0,0,0,0,285,2,3,12,,,0,0,
1120,TULIO FEBRES,NUEVA BOLIVIA,ESCUELA,20000,21000,,,,,,,,,,,,,,,,,,,,,,,,,UEB.CAPIU ARRIBA LOS ROSALES,FÉLIX ALBERTO PEÑA,OD05011422,6590190,,140978,NACIONAL,,,,,,10,15,25,22,13,35,32,28,60,62,72,134,0,0,0,0,0,0,0,0,0,0,0,0,194,3,2,6,,,0,0,
1121,TULIO FEBRES,SANTA APOLONIA,COMPLEJO EDUCATIVO,20000,21000,31059,,CIENCIAS,,,,,,,,,,,,,,,,,,,,,,ESC-ESTADO MONAGAS,RAMON ALBERTO ALARCON,S4143D1422,6563917,,140992,NACIONAL,,,,,,0,0,0,14,14,28,14,14,28,64,46,110,68,64,132,0,0,0,0,0,0,0,0,0,270,0,2,6,,,0,0,"{""preescolar"":{""A"":15,""B"":13}}"
1122,TULIO FEBRES,INDEPENDENCIA,ESCUELA,20000,21000,,,,,,,,,,,,,,,,,,,,,,,,,U.E.B. AGUA BLANCA,ARGELIA LAYA,OD01141422,,,140981,ESTADAL,,,,,,10,10,20,32,32,64,42,42,84,75,87,162,0,0,0,0,0,0,0,0,0,0,0,0,246,1,3,12,,,0,0,
1123,TULIO FEBRES,MARÍA CONCEPCION PALACIOS Y BLANCO,ESCUELA,20000,21000,,,,,,,,,,,,,,,,,,,,,,,,,E.E. MESA BONITA NER 002,PEDRO CAMEJO,OD04341422,,,140974,ESTADAL,,,,,,0,0,0,3,3,6,3,3,6,20,20,40,0,0,0,0,0,0,0,0,0,0,0,0,46,0,1,6,,,0,0,
1124,TULIO FEBRES,MARÍA CONCEPCION PALACIOS Y BLANCO,ESCUELA,20000,21000,,,,,,,,,,,,,,,,,,,,,,,,,E. B. UNITARIA ESTADAL,ORESTI ARAUJO BAPTISTA,OD04331422,,,140984,ESTADAL,,,,,,12,7,19,11,7,18,23,14,37,22,38,60,0,0,0,0,0,0,0,0,0,0,0,0,97,1,1,6,,,0,0,
1125,TULIO FEBRES,MARÍA CONCEPCION PALACIOS Y BLANCO,ESCUELA,20000,21000,,,,,,,,,,,,,,,,,,,,,,,,,E.E. LAS TRINCHERAS,EDILIA ARAUJO,OD04351422,,,140965,ESTADAL,,,,,,5,5,10,10,5,15,15,10,25,17,45,62,0,0,0,0,0,0,0,0,0,0,0,0,87,1,1,6,,,0,0,
1126,TULIO FEBRES,NUEVA BOLIVIA,ESCUELA,20000,21000,,,,,,,,,,,,,,,,,,,,,,,,,E.E. CAÑO DE AGUA,MANUEL MUJICA MILLAN,OD05031422,,,140987,ESTADAL,,,,,,0,0,0,6,4,10,6,4,10,49,69,118,0,0,0,0,0,0,0,0,0,0,0,0,128,0,1,6,,,0,0,
1127,TULIO FEBRES,NUEVA BOLIVIA,ESCUELA,20000,21000,,,,,,,,,,,,,,,,,,,,,,,,,E.E. LA ZANJITA,LUISA CACERES DIAZ DE ARISMENDI,OD04051422,,,140972,ESTADAL,,,,,,3,6,9,5,9,14,8,15,23,33,32,65,0,0,0,0,0,0,0,0,0,0,0,0,88,1,1,6,,,0,0,
1128,TULIO FEBRES,NUEVA BOLIVIA,ESCUELA,20000,21000,,,,,,,,,,,,,,,,,,,,,,,,,E.E. LA VICTORIA,BATALLA DE LA VICTORIA DE 1814,OD04041422,,,141613,ESTADAL,,,,,,0,0,0,5,4,9,5,4,9,28,23,51,0,0,0,0,0,0,0,0,0,0,0,0,60,0,1,6,,,0,0,
1129,TULIO FEBRES,NUEVA BOLIVIA,ESCUELA TECNICA,,,41049,AGROPECUARIA,CIENCIAS AGRÍCOLAS Y PECUARIAS,,,,,,,,,,,,,,,,,,,,,,E.T.A. DON LUIS ZAMBRANO,DON LUIS ZAMBRANO,OD17071422,,,141209,ESTADAL,,,,,,0,0,0,0,0,0,0,0,0,0,0,0,0,0,0,36,73,109,0,0,0,0,0,0,109,0,0,0,,,0,0,
1130,TULIO FEBRES,NUEVA BOLIVIA,ESCUELA,20000,21000,,,,,,,,,,,,,,,,,,,,,,,,,E.E. PALMICHOSO,UBALDO ENRIQUE MORILLO,OD00981422,,,140980,ESTADAL,,,,,,0,0,0,19,11,30,19,11,30,70,61,131,0,0,0,0,0,0,0,0,0,0,0,0,161,0,2,6,,,0,0,
1131,TULIO FEBRES,SANTA APOLONIA,ESCUELA,20000,21000,,,,,,,,,,,,,,,,,,,,,,,,,E.E. LA PUEBLITA,LUIS BELTRAN PRIETO FIGUEROA,OD15051422,,,140959,ESTADAL,,,,,,0,0,0,15,10,25,15,10,25,48,40,88,0,0,0,0,0,0,0,0,0,0,0,0,113,0,2,6,,,0,0,
1132,TULIO FEBRES,SANTA APOLONIA,ESCUELA,20000,21000,,,,,,,,,,,,,,,,,,,,,,,,,ESC. CONCENTRADA EST. MONTE AVENTINO,BELEN SAN JUAN,OD01151422,,,140986,ESTADAL,,,,,,0,0,0,13,10,23,13,10,23,37,44,81,0,0,0,0,0,0,0,0,0,0,0,0,104,0,2,6,,,0,0,
1133,TULIO FEBRES,SANTA APOLONIA,ESCUELA,20000,21000,,,,,,,,,,,,,,,,,,,,,,,,,E.E. SAN JOSE ARRIBA,JOSE RAFAEL CARMONA LINARES,OD15101422,,,140964,ESTADAL,,,,,,0,0,0,5,1,6,5,1,6,17,11,28,0,0,0,0,0,0,0,0,0,0,0,0,34,0,1,7,,,0,0,
1134,TULIO FEBRES,SANTA APOLONIA,ESCUELA,,21000,,,,,,,,,,,,,,,,,,,,,,,,,E.E. LAS MESAS,AQUILES NAZOA,OD15041422,,,140958,ESTADAL,,,,,,0,0,0,0,0,0,0,0,0,8,9,17,0,0,0,0,0,0,0,0,0,0,0,0,17,0,0,6,,,0,0,
1135,TULIO FEBRES,SANTA APOLONIA,ESCUELA,,21000,,,,,,,,,,,,,,,,,,,,,,,,,E.E. SAN JOSE ABAJO,GONZALO DE JESUS PINEDA PAREDES,OD15091422,,,140963,ESTADAL,,,,,,0,0,0,0,0,0,0,0,0,12,6,18,0,0,0,0,0,0,0,0,0,0,0,0,18,0,0,6,,,0,0,
1136,TULIO FEBRES,SANTA APOLONIA,ESCUELA,,21000,,,,,,,,,,,,,,,,,,,,,,,,,E.E. SANTA MARIA,JOSE MARIA VARGAS,OD15071422,,,140961,ESTADAL,,,,,,0,0,0,0,0,0,0,0,0,10,20,30,0,0,0,0,0,0,0,0,0,0,0,0,30,0,0,6,,,0,0,
1137,ZEA,CAÑO TIGRE,ESCUELA,20000,21000,,,,,,,,,,,,,,,,,,,,,,,,,BOLIV CAÑO TIGRE,HAYDEE MALDONADO DE TORO,OD01971423,6589675,,141009,NACIONAL,,,,,,12,8,20,16,18,34,28,26,54,75,65,140,0,0,0,0,0,0,0,0,0,0,0,0,194,1,2,6,,,0,0,
1138,ZEA,CAÑO TIGRE,ESCUELA,20000,21000,,,,,,,,,,,,,,,,,,,,,,,,,SANTA LUCIA,SANTA LUCIA,OD02791423,6589671,,141011,NACIONAL,,,,,,0,0,0,10,13,23,10,13,23,38,22,60,0,0,0,0,0,0,0,0,0,0,0,0,83,0,2,6,,,0,0,
1139,ZEA,CAÑO TIGRE,LICEO,,,31059,,CIENCIAS,,,,,,,,,,,,,,,,,,,,,,LBN DON SANTIAGO DE J ESC,DON SANTIGO DE JESUS ESCALANTE,OD17541423,7950991,,142182,NACIONAL,,,,,,0,0,0,0,0,0,0,0,0,0,0,0,130,119,249,0,0,0,0,0,0,0,0,0,249,0,0,0,,,0,0,
1140,ZEA,ZEA,ESCUELA,,21000,,,,,,,,,,,,,,,,,,,,,,,,,FELIX ROMAN DUQUE,FELIX ROMAN DUQUE,OD02071423,6735075,,141002,NACIONAL,,,,,,0,0,0,0,0,0,0,0,0,136,129,265,0,0,0,0,0,0,0,0,0,0,0,0,265,0,0,14,,,0,0,
1141,ZEA,ZEA,PREESCOLAR,20000,,,,,,,,,,,,,,,,,,,,,,,,,,J.I FELIX ROMAN DUQUE,MARTA LUCILA CONTRERAS,OD02061423,4104030,,140996,NACIONAL,,,,,,4,8,12,33,42,75,37,50,87,0,0,0,0,0,0,0,0,0,0,0,0,0,0,0,87,1,5,0,,,0,0,
1142,ZEA,ZEA,CENTRO EDUCATIVO MATERNAL,20000,,,,,,,,,,,,,,,,,,,,,,,,,,FUND NAC EL NIÑO SIMON,ANDRES BELLO,OD17371423,6590694,,142169,NACIONAL,,,,,,25,24,49,0,0,0,25,24,49,0,0,0,0,0,0,0,0,0,0,0,0,0,0,0,49,0,0,0,,,0,0,
1143,ZEA,ZEA,LICEO,,,31059,,CIENCIAS,31060,,CIENCIA Y TECNOLOGIA,,,,,,,,,,,,,,,,,,,C.B DR JOSE RAMON VEGA,DOCTOR JOSE RAMON VEGA,S1361D1423,7919873,,141023,NACIONAL,,,,,,0,0,0,0,0,0,0,0,0,0,0,0,88,95,183,0,0,0,0,0,0,0,0,0,183,0,0,0,,,0,0,
1144,ZEA,ZEA,ESCUELA,20000,21000,,,,,,,,,,,,,,,,,,,,,,,,,NER-NUC RURAL NO23,RUTH DEL CARMEN SARAUZ,OD15211423,6970023,,141023,NACIONAL,,,,,,0,0,0,3,6,9,3,6,9,13,10,23,0,0,0,0,0,0,0,0,0,0,0,0,32,0,1,6,,,0,0,
1145,ZEA,ZEA,ESCUELA,20000,21000,,,,,,,,,,,,,,,,,,,,,,,,,BOLIV LOS GIROS,FRANCISCO PEREZ LOPEZ,OD02241423,7950611,,141008,NACIONAL,,,,,,0,0,0,4,2,6,4,2,6,10,10,20,0,0,0,0,0,0,0,0,0,0,0,0,26,0,1,6,,,0,0,
1146,ZEA,ZEA,ESCUELA,20000,21000,,,,,,,,,,,,,,,,,,,,,,,,,BOLIV SAN MIGUEL,MARIA AURORA ZAMBRANO,OD01951423,6589673,,141005,NACIONAL,,,,,,0,0,0,7,9,16,7,9,16,35,37,72,0,0,0,0,0,0,0,0,0,0,0,0,88,0,1,6,,,0,0,
1147,ZEA,ZEA,ESCUELA,,21000,,,,,,,,,,,,,,,,,,,,,,,,,NER-NUC RURAL NO23,AVELINO CARRERO MOLINA,OD04651423,6970023,,141023,NACIONAL,,,,,,0,0,0,0,0,0,0,0,0,4,5,9,0,0,0,0,0,0,0,0,0,0,0,0,9,0,0,1,,,0,0,
1148,ZEA,ZEA,ESCUELA,20000,21000,,,,,,,,,,,,,,,,,,,,,,,,,NER-NUC RURAL NO23,TOMAS RAMON CONTRERAS RODRIGUEZ,OD04271423,6970023,,141023,NACIONAL,,,,,,0,0,0,0,3,3,0,3,3,5,10,15,0,0,0,0,0,0,0,0,0,0,0,0,18,0,1,2,,,0,0,
1149,ZEA,ZEA,ESCUELA,20000,21000,,,,,,,,,,,,,,,,,,,,,,,,,BOLIV EL PLAYON,FLOR DE MARIA MENDEZ DE SALAS,OD02231423,6589674,,141006,NACIONAL,,,,,,0,0,0,13,12,25,13,12,25,50,40,90,0,0,0,0,0,0,0,0,0,0,0,0,115,0,3,6,,,0,0,
1150,ZEA,ZEA,ESCUELA,20000,21000,,,,,,,,,,,,,,,,,,,,,,,,,NER-NUC RURAL NO23,EZEQUIEL PRADA ARAQUE,OD15181423,6970023,,141023,NACIONAL,,,,,,0,0,0,0,3,3,0,3,3,6,7,13,0,0,0,0,0,0,0,0,0,0,0,0,16,0,0,6,,,0,0,
1151,ZEA,ZEA,ESCUELA,20000,21000,,,,,,,,,,,,,,,,,,,,,,,,,NER-NUC RURAL NO23,FELIX RAMON ROJAS MONCADA,OD04251423,6970023,,141023,NACIONAL,,,,,,0,0,0,0,3,3,0,3,3,4,3,7,0,0,0,0,0,0,0,0,0,0,0,0,10,0,0,5,,,0,0,
1152,ZEA,CAÑO TIGRE,ESCUELA,20000,21000,,,,,,,,,,,,,,,,,,,,,,,,,RAFAEL RONDON PENA,RAFAEL RONDON PENA,OD02101423,,,141170,ESTADAL,,,,,,0,0,0,18,20,38,18,20,38,71,74,145,0,0,0,0,0,0,0,0,0,0,0,0,183,0,2,3,,,0,0,
1153,ZEA,ZEA,ESCUELA,20000,21000,,,,,,,,,,,,,,,,,,,,,,,,,MESAS DE SANTA RITA NER017,MARIA CRISTINA BARRAGAN,OD05131421,,,141688,ESTADAL,,,,,,0,0,0,2,3,5,2,3,5,8,5,13,0,0,0,0,0,0,0,0,0,0,0,0,18,0,1,3,,,0,0,
1154,ZEA,ZEA,ESCUELA,20000,21000,,,,,,,,,,,,,,,,,,,,,,,,,SAN ANTONIO BAJO NER 017,ISABEL MOLINA DE JAIMES,OD05141421,,,141688,ESTADAL,,,,,,0,0,0,1,2,3,1,2,3,0,5,5,0,0,0,0,0,0,0,0,0,0,0,0,8,0,3,6,,,0,0,
1155,ZEA,ZEA,ESCUELA,20000,21000,,,,,,,,,,,,,,,,,,,,,,,,,SAN ANTONIO ALTO NER 017,MARIO MORA,OD05151421,,,141688,ESTADAL,,,,,,0,0,0,2,1,3,2,1,3,5,6,11,0,0,0,0,0,0,0,0,0,0,0,0,14,0,3,6,,,0,0,
1156,ZEA,ZEA,PARA EL EMPRENDIMIENTO,,,,,,,,,,,,,,,,,,,,,,,,,,,ISMENIA MORA,ISMENIA MORA,ON15191423,,,141326,ESTADAL,,,,,,0,0,0,0,0,0,0,0,0,0,0,0,0,0,0,0,0,0,0,0,0,0,0,0,0,0,0,0,,,0,0,
1157,ZEA,ZEA,ESCUELA,20000,21000,,,,,,,,,,,,,,,,,,,,,,,,,LAS COCUIZAS NER 017,RAMON MORENO,OD04281423,,,141420,ESTADAL,,,,,,0,0,0,5,1,6,5,1,6,11,13,24,0,0,0,0,0,0,0,0,0,0,0,0,30,0,1,3,,,0,0,